2025-08-16 13:15:14,426 [INFO] Activator:176 - 


2025-08-16 13:15:14,428 [INFO] Activator:177 - !SESSION log4j initialized
2025-08-16 13:15:17,460 [INFO] LogOutputStream:77 - [STDOUT_REDIRECT] 
2025-08-16 13:15:20,476 [INFO] ApplicationProperties:184 - Using Application install path: C:\ST\STM32CubeIDE_1.19.0\STM32CubeIDE\plugins\com.st.stm32cube.common.mx_6.15.0.202507011659
2025-08-16 13:15:20,493 [INFO] DbMcusXml:78 - Set database path to: C:\ST\STM32CubeIDE_1.19.0\STM32CubeIDE\plugins\com.st.stm32cube.common.mx_6.15.0.202507011659\\db\/mcu/
2025-08-16 13:15:20,493 [INFO] ApiDb:274 - Set plugin database path to: C:\ST\STM32CubeIDE_1.19.0\STM32CubeIDE\plugins\com.st.stm32cube.common.mx_6.15.0.202507011659\\db\/plugins/boardmanager/
2025-08-16 13:15:20,495 [WARN] ApiDb:259 - Overriding images path with different value:  => C:\ST\STM32CubeIDE_1.19.0\STM32CubeIDE\plugins\com.st.stm32cube.common.mx_6.15.0.202507011659\\db\/plugins/mcufinder/images/
2025-08-16 13:15:22,376 [WARN] ApiFinderProperties:113 - C:\Users\Thorin\.stmcufinder\plugins\mcufinder\mcu\mcuFinder.mfd doesn't exist
2025-08-16 13:15:22,377 [INFO] ApiDb:250 - Set database path to: C:\Users\Thorin\.stmcufinder\plugins\mcufinder//mcu/
2025-08-16 13:15:22,379 [INFO] DbMcusAds:125 - Set database path to: C:\Users\Thorin\.stmcufinder\plugins\mcufinder//mcu/
2025-08-16 13:15:22,382 [INFO] CrossReferenceDbSqlite:203 - Set database path to: C:\Users\Thorin\.stmcufinder\plugins\mcufinder//mcu/cs/
2025-08-16 13:15:22,557 [INFO] RulesReader:64 - Compatibility file has been processed (317 Rules)
2025-08-16 13:15:22,702 [INFO] DbMcusXml:78 - Set database path to: C:\ST\STM32CubeIDE_1.19.0\STM32CubeIDE\plugins\com.st.stm32cube.common.mx_6.15.0.202507011659\\db\/mcu/
2025-08-16 13:15:22,702 [INFO] ApiDb:274 - Set plugin database path to: C:\ST\STM32CubeIDE_1.19.0\STM32CubeIDE\plugins\com.st.stm32cube.common.mx_6.15.0.202507011659\\db\/plugins/boardmanager/
2025-08-16 13:15:22,703 [INFO] ApiDb:261 - Set plugin images path to: C:\ST\STM32CubeIDE_1.19.0\STM32CubeIDE\plugins\com.st.stm32cube.common.mx_6.15.0.202507011659\\db\/plugins/mcufinder/images/
2025-08-16 13:15:22,703 [WARN] DbFile:41 - Overriding database path with different value: C:\Users\Thorin\.stmcufinder\plugins\mcufinder/ => C:\Users\Thorin\.stmcufinder\plugins\mcufinder
2025-08-16 13:15:22,703 [INFO] ApiDb:250 - Set database path to: C:\Users\Thorin\.stmcufinder\plugins\mcufinder//mcu/
2025-08-16 13:15:22,703 [WARN] DbFile:41 - Overriding database path with different value: C:\Users\Thorin\.stmcufinder\plugins\mcufinder/ => C:\Users\Thorin\.stmcufinder\plugins\mcufinder
2025-08-16 13:15:22,703 [INFO] DbMcusAds:125 - Set database path to: C:\Users\Thorin\.stmcufinder\plugins\mcufinder//mcu/
2025-08-16 13:15:22,703 [WARN] DbFile:41 - Overriding database path with different value: C:\Users\Thorin\.stmcufinder\plugins\mcufinder/ => C:\Users\Thorin\.stmcufinder\plugins\mcufinder
2025-08-16 13:15:22,703 [WARN] DbFile:41 - Overriding database path with different value: C:\Users\Thorin\.stmcufinder\plugins\mcufinder/ => C:\Users\Thorin\.stmcufinder\plugins\mcufinder
2025-08-16 13:15:22,704 [INFO] CrossReferenceDbSqlite:203 - Set database path to: C:\Users\Thorin\.stmcufinder\plugins\mcufinder//mcu/cs/
2025-08-16 13:15:22,811 [INFO] MainPanel:274 - HeapMemory: 268435456
2025-08-16 13:15:22,945 [INFO] DbMcusXml:78 - Set database path to: C:\ST\STM32CubeIDE_1.19.0\STM32CubeIDE\plugins\com.st.stm32cube.common.mx_6.15.0.202507011659\\db\/mcu/
2025-08-16 13:15:22,946 [INFO] ApiDb:274 - Set plugin database path to: C:\ST\STM32CubeIDE_1.19.0\STM32CubeIDE\plugins\com.st.stm32cube.common.mx_6.15.0.202507011659\\db\/plugins/boardmanager/
2025-08-16 13:15:22,946 [INFO] ApiDb:261 - Set plugin images path to: C:\ST\STM32CubeIDE_1.19.0\STM32CubeIDE\plugins\com.st.stm32cube.common.mx_6.15.0.202507011659\\db\/plugins/mcufinder/images/
2025-08-16 13:15:22,946 [WARN] DbFile:41 - Overriding database path with different value: C:\Users\Thorin\.stmcufinder\plugins\mcufinder/ => C:\Users\Thorin\.stmcufinder\plugins\mcufinder
2025-08-16 13:15:22,947 [INFO] ApiDb:250 - Set database path to: C:\Users\Thorin\.stmcufinder\plugins\mcufinder//mcu/
2025-08-16 13:15:22,947 [WARN] DbFile:41 - Overriding database path with different value: C:\Users\Thorin\.stmcufinder\plugins\mcufinder/ => C:\Users\Thorin\.stmcufinder\plugins\mcufinder
2025-08-16 13:15:22,947 [INFO] DbMcusAds:125 - Set database path to: C:\Users\Thorin\.stmcufinder\plugins\mcufinder//mcu/
2025-08-16 13:15:22,947 [WARN] DbFile:41 - Overriding database path with different value: C:\Users\Thorin\.stmcufinder\plugins\mcufinder/ => C:\Users\Thorin\.stmcufinder\plugins\mcufinder
2025-08-16 13:15:22,947 [WARN] DbFile:41 - Overriding database path with different value: C:\Users\Thorin\.stmcufinder\plugins\mcufinder/ => C:\Users\Thorin\.stmcufinder\plugins\mcufinder
2025-08-16 13:15:22,947 [INFO] CrossReferenceDbSqlite:203 - Set database path to: C:\Users\Thorin\.stmcufinder\plugins\mcufinder//mcu/cs/
2025-08-16 13:15:22,971 [INFO] ApplicationProperties:184 - Using Application install path: C:\ST\STM32CubeIDE_1.19.0\STM32CubeIDE\plugins\com.st.stm32cube.common.mx_6.15.0.202507011659
2025-08-16 13:15:22,973 [INFO] PluginManage:196 - Search for loadable plugins [exclusion list=, ]
2025-08-16 13:15:22,975 [INFO] PluginManage:310 - Check plugin analytics
2025-08-16 13:15:23,249 [INFO] AnalyticsPlugin:253 - Accepted Software Licenses: 
2025-08-16 13:15:23,250 [INFO] AnalyticsPlugin:255 - Accepted CMSIS Pack Licenses: 
2025-08-16 13:15:23,250 [INFO] AnalyticsPlugin:257 - Accepted Firmware Licenses: 
2025-08-16 13:15:23,254 [INFO] PluginManage:359 - Loaded plugin analytics (category:tool,tabindex:-1)
2025-08-16 13:15:23,255 [INFO] PluginManage:310 - Check plugin cadmodel
2025-08-16 13:15:23,262 [INFO] CADModel:105 - Init CAD model plugin
2025-08-16 13:15:23,262 [INFO] PluginManage:359 - Loaded plugin cadmodel (category:power,tabindex:5)
2025-08-16 13:15:23,262 [INFO] PluginManage:310 - Check plugin clock
2025-08-16 13:15:23,275 [INFO] PluginManage:359 - Loaded plugin clock (category:base,tabindex:2)
2025-08-16 13:15:23,275 [INFO] PluginManage:310 - Check plugin ddr
2025-08-16 13:15:23,279 [INFO] PluginManage:359 - Loaded plugin ddr (category:tool,tabindex:6)
2025-08-16 13:15:23,279 [INFO] PluginManage:310 - Check plugin filemanager
2025-08-16 13:15:23,535 [INFO] PluginManage:359 - Loaded plugin filemanager (category:base,tabindex:10)
2025-08-16 13:15:23,535 [INFO] PluginManage:310 - Check plugin ipmanager
2025-08-16 13:15:23,545 [INFO] PluginManage:359 - Loaded plugin ipmanager (category:base,tabindex:5)
2025-08-16 13:15:23,546 [INFO] PluginManage:310 - Check plugin lpbam
2025-08-16 13:15:23,556 [INFO] PluginManage:359 - Loaded plugin lpbam (category:base,tabindex:0)
2025-08-16 13:15:23,556 [INFO] PluginManage:310 - Check plugin memorymap
2025-08-16 13:15:23,570 [INFO] PluginManage:359 - Loaded plugin memorymap (category:base,tabindex:4)
2025-08-16 13:15:23,570 [INFO] PluginManage:310 - Check plugin pinoutandconfiguration
2025-08-16 13:15:23,582 [INFO] PluginManage:359 - Loaded plugin pinoutandconfiguration (category:base,tabindex:1)
2025-08-16 13:15:23,583 [INFO] PluginManage:310 - Check plugin pinoutconfig
2025-08-16 13:15:23,689 [WARN] SupportedApi:132 - Cannot load RTOS API schema: s4s-elt-must-match.1: The content of 'definitions' must match (annotation?, (simpleType | complexType)?, (unique | key | keyref)*)). A problem was found starting at: attribute.
2025-08-16 13:15:23,852 [INFO] PluginManage:359 - Loaded plugin pinoutconfig (category:base,tabindex:0)
2025-08-16 13:15:23,853 [INFO] PluginManage:310 - Check plugin power
2025-08-16 13:15:23,861 [INFO] PluginManage:359 - Loaded plugin power (category:power,tabindex:4)
2025-08-16 13:15:23,861 [INFO] PluginManage:310 - Check plugin projectmanager
2025-08-16 13:15:23,883 [INFO] PluginManage:359 - Loaded plugin projectmanager (category:projectmanager,tabindex:4)
2025-08-16 13:15:23,883 [INFO] PluginManage:310 - Check plugin rif
2025-08-16 13:15:23,895 [INFO] PluginManage:359 - Loaded plugin rif (category:base,tabindex:3)
2025-08-16 13:15:23,895 [INFO] PluginManage:310 - Check plugin thirdparty
2025-08-16 13:15:24,044 [INFO] PluginManage:359 - Loaded plugin thirdparty (category:base,tabindex:-1)
2025-08-16 13:15:24,044 [INFO] PluginManage:310 - Check plugin tools
2025-08-16 13:15:24,044 [WARN] IntegrityCheckThread:84 - waiting for thirdparty lock release [integrity check]
2025-08-16 13:15:24,044 [INFO] IntegrityCheckThread:86 - entering critical section [integrity check]
2025-08-16 13:15:24,045 [INFO] ThirdPartyUpdaterWithRetryManager:70 - Updater plugin not ready yet. [1/15]
2025-08-16 13:15:24,048 [INFO] PluginManage:359 - Loaded plugin tools (category:base,tabindex:7)
2025-08-16 13:15:24,048 [INFO] PluginManage:310 - Check plugin tutovideos
2025-08-16 13:15:24,253 [INFO] PluginManage:359 - Loaded plugin tutovideos (category:base,tabindex:-1)
2025-08-16 13:15:24,253 [INFO] PluginManage:310 - Check plugin updater
2025-08-16 13:15:24,276 [INFO] PluginManage:359 - Loaded plugin updater (category:base,tabindex:12)
2025-08-16 13:15:24,277 [INFO] PluginManage:310 - Check plugin userauth
2025-08-16 13:15:24,281 [INFO] UserAuth:118 - Init User Auth plugin
2025-08-16 13:15:24,282 [INFO] PluginManage:359 - Loaded plugin userauth (category:base,tabindex:14)
2025-08-16 13:15:24,284 [INFO] PluginManage:283 - PluginManage : Loaded plugins [18]
2025-08-16 13:15:24,524 [INFO] PinOutPanel:1589 - setPackage(No Configuration,No Configuration)
2025-08-16 13:15:24,625 [INFO] CADModel:165 - CPN selected for project level
2025-08-16 13:15:24,626 [INFO] CADModel:114 - Register for checkConnection events
2025-08-16 13:15:24,646 [INFO] IPUIPlugin:80 - create IPUIPlugin
2025-08-16 13:15:24,647 [INFO] PluginManager:220 - loadIPPluginJar : add adc
2025-08-16 13:15:24,649 [INFO] IPUIPlugin:80 - create IPUIPlugin
2025-08-16 13:15:24,649 [INFO] PluginManager:220 - loadIPPluginJar : add aes
2025-08-16 13:15:24,653 [INFO] IPUIPlugin:80 - create IPUIPlugin
2025-08-16 13:15:24,653 [INFO] PluginManager:220 - loadIPPluginJar : add can
2025-08-16 13:15:24,655 [INFO] IPUIPlugin:80 - create IPUIPlugin
2025-08-16 13:15:24,655 [INFO] PluginManager:220 - loadIPPluginJar : add comp
2025-08-16 13:15:24,657 [INFO] IPUIPlugin:80 - create IPUIPlugin
2025-08-16 13:15:24,657 [INFO] PluginManager:220 - loadIPPluginJar : add cryp
2025-08-16 13:15:24,660 [INFO] IPUIPlugin:80 - create IPUIPlugin
2025-08-16 13:15:24,661 [INFO] PluginManager:220 - loadIPPluginJar : add ddr_ctrl_phy
2025-08-16 13:15:24,663 [INFO] IPUIPlugin:80 - create IPUIPlugin
2025-08-16 13:15:24,663 [INFO] PluginManager:220 - loadIPPluginJar : add dfsdm
2025-08-16 13:15:24,669 [INFO] IPUIPlugin:80 - create IPUIPlugin
2025-08-16 13:15:24,670 [INFO] PluginManager:220 - loadIPPluginJar : add dma
2025-08-16 13:15:24,674 [INFO] IPUIPlugin:80 - create IPUIPlugin
2025-08-16 13:15:24,674 [INFO] PluginManager:220 - loadIPPluginJar : add dma3
2025-08-16 13:15:24,677 [INFO] IPUIPlugin:80 - create IPUIPlugin
2025-08-16 13:15:24,677 [INFO] PluginManager:220 - loadIPPluginJar : add extmemmanager
2025-08-16 13:15:24,679 [INFO] IPUIPlugin:80 - create IPUIPlugin
2025-08-16 13:15:24,679 [INFO] PluginManager:220 - loadIPPluginJar : add fatfs
2025-08-16 13:15:24,684 [INFO] IPUIPlugin:80 - create IPUIPlugin
2025-08-16 13:15:24,684 [INFO] PluginManager:220 - loadIPPluginJar : add fmc
2025-08-16 13:15:24,694 [INFO] IPUIPlugin:80 - create IPUIPlugin
2025-08-16 13:15:24,694 [INFO] PluginManager:220 - loadIPPluginJar : add freertos
2025-08-16 13:15:24,695 [INFO] IPUIPlugin:80 - create IPUIPlugin
2025-08-16 13:15:24,696 [INFO] PluginManager:220 - loadIPPluginJar : add genericplugin
2025-08-16 13:15:24,698 [INFO] IPUIPlugin:80 - create IPUIPlugin
2025-08-16 13:15:24,698 [INFO] PluginManager:220 - loadIPPluginJar : add gfxmmu
2025-08-16 13:15:24,702 [INFO] IPUIPlugin:80 - create IPUIPlugin
2025-08-16 13:15:24,702 [INFO] PluginManager:220 - loadIPPluginJar : add gic
2025-08-16 13:15:24,705 [INFO] IPUIPlugin:80 - create IPUIPlugin
2025-08-16 13:15:24,706 [INFO] PluginManager:220 - loadIPPluginJar : add gpio
2025-08-16 13:15:24,708 [INFO] IPUIPlugin:80 - create IPUIPlugin
2025-08-16 13:15:24,708 [INFO] PluginManager:220 - loadIPPluginJar : add gtzc
2025-08-16 13:15:24,711 [INFO] IPUIPlugin:80 - create IPUIPlugin
2025-08-16 13:15:24,711 [INFO] PluginManager:220 - loadIPPluginJar : add hash
2025-08-16 13:15:24,713 [INFO] IPUIPlugin:80 - create IPUIPlugin
2025-08-16 13:15:24,713 [INFO] PluginManager:220 - loadIPPluginJar : add i2c
2025-08-16 13:15:24,715 [INFO] IPUIPlugin:80 - create IPUIPlugin
2025-08-16 13:15:24,716 [INFO] PluginManager:220 - loadIPPluginJar : add i2s
2025-08-16 13:15:24,718 [INFO] IPUIPlugin:80 - create IPUIPlugin
2025-08-16 13:15:24,718 [INFO] PluginManager:220 - loadIPPluginJar : add i3c
2025-08-16 13:15:24,723 [INFO] IPUIPlugin:80 - create IPUIPlugin
2025-08-16 13:15:24,723 [INFO] PluginManager:220 - loadIPPluginJar : add ipddr
2025-08-16 13:15:24,729 [INFO] IPUIPlugin:80 - create IPUIPlugin
2025-08-16 13:15:24,729 [INFO] PluginManager:220 - loadIPPluginJar : add linkedlist
2025-08-16 13:15:24,732 [INFO] IPUIPlugin:80 - create IPUIPlugin
2025-08-16 13:15:24,732 [INFO] PluginManager:220 - loadIPPluginJar : add lorawan
2025-08-16 13:15:24,735 [INFO] IPUIPlugin:80 - create IPUIPlugin
2025-08-16 13:15:24,735 [INFO] PluginManager:220 - loadIPPluginJar : add ltdc
2025-08-16 13:15:24,742 [INFO] IPUIPlugin:80 - create IPUIPlugin
2025-08-16 13:15:24,743 [INFO] PluginManager:220 - loadIPPluginJar : add mdma
2025-08-16 13:15:24,746 [INFO] IPUIPlugin:80 - create IPUIPlugin
2025-08-16 13:15:24,746 [INFO] PluginManager:220 - loadIPPluginJar : add nvic
2025-08-16 13:15:24,750 [INFO] IPUIPlugin:80 - create IPUIPlugin
2025-08-16 13:15:24,750 [INFO] PluginManager:220 - loadIPPluginJar : add opamp
2025-08-16 13:15:24,753 [INFO] IPUIPlugin:80 - create IPUIPlugin
2025-08-16 13:15:24,753 [INFO] PluginManager:220 - loadIPPluginJar : add openamp
2025-08-16 13:15:24,755 [INFO] IPUIPlugin:80 - create IPUIPlugin
2025-08-16 13:15:24,755 [INFO] PluginManager:220 - loadIPPluginJar : add pdm2pcm
2025-08-16 13:15:24,760 [INFO] IPUIPlugin:80 - create IPUIPlugin
2025-08-16 13:15:24,763 [INFO] PluginManager:220 - loadIPPluginJar : add plateformsettings
2025-08-16 13:15:24,764 [INFO] IPUIPlugin:80 - create IPUIPlugin
2025-08-16 13:15:24,765 [INFO] PluginManager:220 - loadIPPluginJar : add quadspi
2025-08-16 13:15:24,766 [INFO] IPUIPlugin:80 - create IPUIPlugin
2025-08-16 13:15:24,767 [INFO] PluginManager:220 - loadIPPluginJar : add radio
2025-08-16 13:15:24,771 [INFO] IPUIPlugin:80 - create IPUIPlugin
2025-08-16 13:15:24,771 [INFO] PluginManager:220 - loadIPPluginJar : add resmgrutility
2025-08-16 13:15:24,773 [INFO] IPUIPlugin:80 - create IPUIPlugin
2025-08-16 13:15:24,773 [INFO] PluginManager:220 - loadIPPluginJar : add sai
2025-08-16 13:15:24,778 [INFO] IPUIPlugin:80 - create IPUIPlugin
2025-08-16 13:15:24,778 [INFO] PluginManager:220 - loadIPPluginJar : add spi
2025-08-16 13:15:24,784 [INFO] IPUIPlugin:80 - create IPUIPlugin
2025-08-16 13:15:24,785 [INFO] PluginManager:220 - loadIPPluginJar : add stm32_wpan
2025-08-16 13:15:24,787 [INFO] IPUIPlugin:80 - create IPUIPlugin
2025-08-16 13:15:24,787 [INFO] PluginManager:220 - loadIPPluginJar : add tim
2025-08-16 13:15:24,791 [INFO] IPUIPlugin:80 - create IPUIPlugin
2025-08-16 13:15:24,791 [INFO] PluginManager:220 - loadIPPluginJar : add touchsensing
2025-08-16 13:15:24,794 [INFO] IPUIPlugin:80 - create IPUIPlugin
2025-08-16 13:15:24,794 [INFO] PluginManager:220 - loadIPPluginJar : add tracer_emb
2025-08-16 13:15:24,796 [INFO] IPUIPlugin:80 - create IPUIPlugin
2025-08-16 13:15:24,796 [INFO] PluginManager:220 - loadIPPluginJar : add ts
2025-08-16 13:15:24,798 [INFO] IPUIPlugin:80 - create IPUIPlugin
2025-08-16 13:15:24,798 [INFO] PluginManager:220 - loadIPPluginJar : add tsc
2025-08-16 13:15:24,800 [INFO] IPUIPlugin:80 - create IPUIPlugin
2025-08-16 13:15:24,800 [INFO] PluginManager:220 - loadIPPluginJar : add ucpd
2025-08-16 13:15:24,803 [INFO] IPUIPlugin:80 - create IPUIPlugin
2025-08-16 13:15:24,803 [INFO] PluginManager:220 - loadIPPluginJar : add usart
2025-08-16 13:15:24,808 [INFO] IPUIPlugin:80 - create IPUIPlugin
2025-08-16 13:15:24,808 [INFO] PluginManager:220 - loadIPPluginJar : add usbx
2025-08-16 13:15:24,947 [FATAL] Updater:351 - Updater called before beeing initialized
2025-08-16 13:15:24,982 [INFO] RulesReader:64 - Compatibility file has been processed (317 Rules)
2025-08-16 13:15:24,996 [INFO] RulesReader:64 - Compatibility file has been processed (317 Rules)
2025-08-16 13:15:25,006 [INFO] CADModel:165 - CPN selected for project level
2025-08-16 13:15:25,006 [INFO] CADModel:114 - Register for checkConnection events
2025-08-16 13:15:25,006 [FATAL] Updater:351 - Updater called before beeing initialized
2025-08-16 13:15:25,006 [ERROR] CADModel:125 - Updater not yet initialized, retry later 
2025-08-16 13:15:25,177 [FATAL] Updater:351 - Updater called before beeing initialized
2025-08-16 13:15:25,179 [INFO] CADModel:165 - CPN selected for project level
2025-08-16 13:15:25,179 [INFO] CADModel:114 - Register for checkConnection events
2025-08-16 13:15:25,179 [FATAL] Updater:351 - Updater called before beeing initialized
2025-08-16 13:15:25,179 [ERROR] CADModel:125 - Updater not yet initialized, retry later 
2025-08-16 13:15:25,182 [FATAL] Updater:351 - Updater called before beeing initialized
2025-08-16 13:15:25,301 [FATAL] Updater:351 - Updater called before beeing initialized
2025-08-16 13:15:25,315 [INFO] DbMcusAds:53 - JSON generation date=Thu Sep 30 00:55:09 MDT 2021 (1632984909247)
2025-08-16 13:15:25,315 [FATAL] Updater:351 - Updater called before beeing initialized
2025-08-16 13:15:25,356 [WARN] DetailPanel:346 - Failed to get advertising image, set to default
2025-08-16 13:15:25,455 [FATAL] Updater:351 - Updater called before beeing initialized
2025-08-16 13:15:25,458 [FATAL] Updater:351 - Updater called before beeing initialized
2025-08-16 13:15:25,458 [FATAL] Updater:351 - Updater called before beeing initialized
2025-08-16 13:15:25,459 [WARN] DetailPanel:346 - Failed to get advertising image, set to default
2025-08-16 13:15:25,459 [FATAL] Updater:351 - Updater called before beeing initialized
2025-08-16 13:15:25,511 [ERROR] Updater:1198 - MainUpdater not yet initialized. External WinMGr cannot be set.
2025-08-16 13:15:25,514 [INFO] Updater:1134 - Updater Version found : 6.15.0
2025-08-16 13:15:25,532 [INFO] ApplicationProperties:184 - Using Application install path: C:\ST\STM32CubeIDE_1.19.0\STM32CubeIDE\plugins\com.st.stm32cube.common.mx_6.15.0.202507011659
2025-08-16 13:15:27,045 [INFO] ThirdPartyUpdaterWithRetryManager:70 - Updater plugin not ready yet. [2/15]
2025-08-16 13:15:27,115 [ERROR] LogOutputStream:75 - [STDERR_REDIRECT] Aug 16, 2025 1:15:27 PM java.util.prefs.WindowsPreferences <init>
2025-08-16 13:15:27,118 [ERROR] LogOutputStream:75 - [STDERR_REDIRECT] WARNING: Could not open/create prefs root node Software\JavaSoft\Prefs at root 0xffffffff80000002. Windows RegCreateKeyEx(...) returned error code 5.
2025-08-16 13:15:27,119 [ERROR] LogOutputStream:75 - [STDERR_REDIRECT] 
2025-08-16 13:15:27,139 [INFO] MainUpdater:525 - Copy updater definitions from MX database
2025-08-16 13:15:27,202 [INFO] MainUpdater:558 - Copy flag file definitions from MX database
2025-08-16 13:15:27,205 [INFO] MainUpdater:574 - Copy thirdparty index definitions from MX database
2025-08-16 13:15:27,206 [INFO] MainUpdater:593 - Copy default thirdparty db definitions from MX database
2025-08-16 13:15:27,587 [INFO] MainUpdater:2872 - connection check result : 10
2025-08-16 13:15:27,588 [INFO] MainUpdater:3604 - Updater definition file requires update
2025-08-16 13:15:27,592 [INFO] MainUpdater:289 - Updater Check For Update Now.
2025-08-16 13:15:27,592 [INFO] MicroXplorer:498 - Change Database Version : DB.6.0.150
2025-08-16 13:15:27,601 [INFO] McuFinderGlobals:63 - Set McuFinder mode to 2 (CubeIDE integrated)
2025-08-16 13:15:27,601 [INFO] UserAuth:171 - activating auth plugin
2025-08-16 13:15:27,602 [INFO] UserAuth:487 - Internet connection configuration mode: 1
2025-08-16 13:15:27,630 [INFO] JxBrowserEngine:152 - Initiate JxBrowser Engine with user profile folder
2025-08-16 13:15:27,874 [INFO] ServerAccessManage:452 - Complete download http(s) 200
2025-08-16 13:15:27,875 [INFO] ServerAccessManage:509 - Download File updaters.zip
2025-08-16 13:15:28,100 [INFO] FileExtend:248 - Unzip File : updaters.zip
2025-08-16 13:15:28,101 [INFO] FileExtend:263 - Standard Zip Deflate
2025-08-16 13:15:28,989 [INFO] ServerAccessManage:452 - Complete download http(s) 200
2025-08-16 13:15:28,989 [INFO] ServerAccessManage:509 - Download File PacksControlFlags.xml
2025-08-16 13:15:29,263 [INFO] ServerAccessManage:452 - Complete download http(s) 200
2025-08-16 13:15:29,263 [INFO] ServerAccessManage:509 - Download File cubemx.pidx
2025-08-16 13:15:30,062 [WARN] MainUpdater:1193 - Updater busy. Cannot search thirdparties
2025-08-16 13:15:30,062 [INFO] ThirdPartyUpdaterWithRetryManager:96 - Updater plugin is busy. [1/15]
2025-08-16 13:15:30,081 [INFO] ServerAccessManage:452 - Complete download http(s) 200
2025-08-16 13:15:30,082 [INFO] ServerAccessManage:509 - Download File STMicroelectronics.FP-ATR-ASTRA1.pdsc
2025-08-16 13:15:31,305 [INFO] ServerAccessManage:452 - Complete download http(s) 200
2025-08-16 13:15:31,305 [INFO] ServerAccessManage:509 - Download File STMicroelectronics.FP-ATR-SIGFOX1.pdsc
2025-08-16 13:15:31,990 [INFO] ServerAccessManage:452 - Complete download http(s) 200
2025-08-16 13:15:31,991 [INFO] ServerAccessManage:509 - Download File STMicroelectronics.FP-SNS-STBOX1.pdsc
2025-08-16 13:15:33,068 [WARN] MainUpdater:1193 - Updater busy. Cannot search thirdparties
2025-08-16 13:15:33,068 [INFO] ThirdPartyUpdaterWithRetryManager:96 - Updater plugin is busy. [2/15]
2025-08-16 13:15:33,310 [INFO] ServerAccessManage:452 - Complete download http(s) 200
2025-08-16 13:15:33,310 [INFO] ServerAccessManage:509 - Download File STMicroelectronics.FP-SNS-FLIGHT1.pdsc
2025-08-16 13:15:33,957 [INFO] ServerAccessManage:452 - Complete download http(s) 200
2025-08-16 13:15:33,957 [INFO] ServerAccessManage:509 - Download File STMicroelectronics.FP-SNS-MOTENV1.pdsc
2025-08-16 13:15:34,752 [INFO] WebApp:169 - Instantiating new browser for Auth
2025-08-16 13:15:35,036 [INFO] ServerAccessManage:452 - Complete download http(s) 200
2025-08-16 13:15:35,036 [INFO] ServerAccessManage:509 - Download File STMicroelectronics.FP-SNS-MOTENVWB1.pdsc
2025-08-16 13:15:35,599 [INFO] ServerAccessManage:452 - Complete download http(s) 200
2025-08-16 13:15:35,599 [INFO] ServerAccessManage:509 - Download File STMicroelectronics.FP-SNS-SMARTAG2.pdsc
2025-08-16 13:15:35,756 [INFO] WebApp:463 - Apply proxy settings
2025-08-16 13:15:35,757 [INFO] WebApp:548 - Chromium requires no authentication
2025-08-16 13:15:35,768 [INFO] WebApp:491 - Direct internet connection detected
2025-08-16 13:15:35,805 [INFO] WebApp:900 - Register for checkConnection events
2025-08-16 13:15:35,806 [INFO] WebApp:463 - Apply proxy settings
2025-08-16 13:15:35,806 [INFO] WebApp:548 - Chromium requires no authentication
2025-08-16 13:15:35,808 [INFO] WebApp:491 - Direct internet connection detected
2025-08-16 13:15:35,901 [INFO] ServerAccessManage:452 - Complete download http(s) 200
2025-08-16 13:15:35,901 [INFO] ServerAccessManage:509 - Download File STMicroelectronics.FP-SNS-STAIOTCFT.pdsc
2025-08-16 13:15:35,993 [INFO] WebApp:191 - Connection restablished
2025-08-16 13:15:36,070 [WARN] MainUpdater:1193 - Updater busy. Cannot search thirdparties
2025-08-16 13:15:36,070 [INFO] ThirdPartyUpdaterWithRetryManager:96 - Updater plugin is busy. [3/15]
2025-08-16 13:15:36,113 [INFO] WebApp:225 - Starting web application
2025-08-16 13:15:36,113 [INFO] WebApp:593 - Web application path used C:\ST\STM32CubeIDE_1.19.0\STM32CubeIDE\plugins\com.st.stm32cube.common.mx_6.15.0.202507011659\db\plugins\mcufinder\reactClient1\index.html
2025-08-16 13:15:36,657 [INFO] ServerAccessManage:452 - Complete download http(s) 200
2025-08-16 13:15:36,658 [INFO] ServerAccessManage:509 - Download File STMicroelectronics.X-CUBE-AI.pdsc
2025-08-16 13:15:39,072 [WARN] MainUpdater:1193 - Updater busy. Cannot search thirdparties
2025-08-16 13:15:39,072 [INFO] ThirdPartyUpdaterWithRetryManager:96 - Updater plugin is busy. [4/15]
2025-08-16 13:15:42,074 [WARN] MainUpdater:1193 - Updater busy. Cannot search thirdparties
2025-08-16 13:15:42,074 [INFO] ThirdPartyUpdaterWithRetryManager:96 - Updater plugin is busy. [5/15]
2025-08-16 13:15:45,076 [WARN] MainUpdater:1193 - Updater busy. Cannot search thirdparties
2025-08-16 13:15:45,076 [INFO] ThirdPartyUpdaterWithRetryManager:96 - Updater plugin is busy. [6/15]
2025-08-16 13:15:46,887 [INFO] ServerAccessManage:452 - Complete download http(s) 200
2025-08-16 13:15:46,887 [INFO] ServerAccessManage:509 - Download File STMicroelectronics.X-CUBE-ALS.pdsc
2025-08-16 13:15:47,378 [INFO] ServerAccessManage:452 - Complete download http(s) 200
2025-08-16 13:15:47,378 [INFO] ServerAccessManage:509 - Download File STMicroelectronics.X-CUBE-BLE1.pdsc
2025-08-16 13:15:48,077 [WARN] MainUpdater:1193 - Updater busy. Cannot search thirdparties
2025-08-16 13:15:48,077 [INFO] ThirdPartyUpdaterWithRetryManager:96 - Updater plugin is busy. [7/15]
2025-08-16 13:15:49,328 [ERROR] ServerAccessManage:1212 - Problem, file not found on Server
2025-08-16 13:15:49,444 [INFO] ServerAccessManage:452 - Complete download http(s) 200
2025-08-16 13:15:49,444 [INFO] ServerAccessManage:509 - Download File STMicroelectronics.X-CUBE-BLE2.pdsc
2025-08-16 13:15:50,499 [INFO] ServerAccessManage:452 - Complete download http(s) 200
2025-08-16 13:15:50,500 [INFO] ServerAccessManage:509 - Download File STMicroelectronics.X-CUBE-BLEMGR.pdsc
2025-08-16 13:15:51,078 [WARN] MainUpdater:1193 - Updater busy. Cannot search thirdparties
2025-08-16 13:15:51,078 [INFO] ThirdPartyUpdaterWithRetryManager:96 - Updater plugin is busy. [8/15]
2025-08-16 13:15:51,348 [ERROR] ServerAccessManage:1212 - Problem, file not found on Server
2025-08-16 13:15:52,277 [INFO] ServerAccessManage:452 - Complete download http(s) 200
2025-08-16 13:15:52,277 [INFO] ServerAccessManage:509 - Download File STMicroelectronics.X-CUBE-DISPLAY.pdsc
2025-08-16 13:15:53,098 [INFO] ServerAccessManage:452 - Complete download http(s) 200
2025-08-16 13:15:53,100 [INFO] ServerAccessManage:509 - Download File STMicroelectronics.X-CUBE-DPOWER.pdsc
2025-08-16 13:15:53,916 [ERROR] ServerAccessManage:1212 - Problem, file not found on Server
2025-08-16 13:15:54,080 [WARN] MainUpdater:1193 - Updater busy. Cannot search thirdparties
2025-08-16 13:15:54,081 [INFO] ThirdPartyUpdaterWithRetryManager:96 - Updater plugin is busy. [9/15]
2025-08-16 13:15:54,182 [ERROR] ServerAccessManage:1212 - Problem, file not found on Server
2025-08-16 13:15:54,973 [ERROR] ServerAccessManage:1212 - Problem, file not found on Server
2025-08-16 13:15:55,505 [ERROR] ServerAccessManage:1212 - Problem, file not found on Server
2025-08-16 13:15:55,763 [ERROR] ServerAccessManage:1212 - Problem, file not found on Server
2025-08-16 13:15:56,318 [ERROR] ServerAccessManage:1212 - Problem, file not found on Server
2025-08-16 13:15:56,897 [ERROR] ServerAccessManage:1212 - Problem, file not found on Server
2025-08-16 13:15:57,081 [WARN] MainUpdater:1193 - Updater busy. Cannot search thirdparties
2025-08-16 13:15:57,081 [INFO] ThirdPartyUpdaterWithRetryManager:96 - Updater plugin is busy. [10/15]
2025-08-16 13:15:57,552 [ERROR] ServerAccessManage:1212 - Problem, file not found on Server
2025-08-16 13:15:58,078 [ERROR] ServerAccessManage:1212 - Problem, file not found on Server
2025-08-16 13:15:59,000 [ERROR] ServerAccessManage:1212 - Problem, file not found on Server
2025-08-16 13:15:59,581 [ERROR] ServerAccessManage:1212 - Problem, file not found on Server
2025-08-16 13:15:59,698 [INFO] ServerAccessManage:452 - Complete download http(s) 200
2025-08-16 13:15:59,698 [INFO] ServerAccessManage:509 - Download File STMicroelectronics.X-CUBE-EEPRMA1.pdsc
2025-08-16 13:16:00,082 [WARN] MainUpdater:1193 - Updater busy. Cannot search thirdparties
2025-08-16 13:16:00,082 [INFO] ThirdPartyUpdaterWithRetryManager:96 - Updater plugin is busy. [11/15]
2025-08-16 13:16:00,631 [ERROR] ServerAccessManage:1212 - Problem, file not found on Server
2025-08-16 13:16:02,262 [ERROR] ServerAccessManage:1212 - Problem, file not found on Server
2025-08-16 13:16:02,759 [INFO] ServerAccessManage:452 - Complete download http(s) 200
2025-08-16 13:16:02,759 [INFO] ServerAccessManage:509 - Download File STMicroelectronics.X-CUBE-FREERTOS.pdsc
2025-08-16 13:16:03,083 [WARN] MainUpdater:1193 - Updater busy. Cannot search thirdparties
2025-08-16 13:16:03,083 [INFO] ThirdPartyUpdaterWithRetryManager:96 - Updater plugin is busy. [12/15]
2025-08-16 13:16:03,609 [INFO] ServerAccessManage:452 - Complete download http(s) 200
2025-08-16 13:16:03,610 [INFO] ServerAccessManage:509 - Download File STMicroelectronics.X-CUBE-GNSS1.pdsc
2025-08-16 13:16:05,485 [ERROR] ServerAccessManage:1212 - Problem, file not found on Server
2025-08-16 13:16:06,049 [ERROR] ServerAccessManage:1212 - Problem, file not found on Server
2025-08-16 13:16:06,085 [WARN] MainUpdater:1193 - Updater busy. Cannot search thirdparties
2025-08-16 13:16:06,085 [INFO] ThirdPartyUpdaterWithRetryManager:96 - Updater plugin is busy. [13/15]
2025-08-16 13:16:06,615 [ERROR] ServerAccessManage:1212 - Problem, file not found on Server
2025-08-16 13:16:07,159 [ERROR] ServerAccessManage:1212 - Problem, file not found on Server
2025-08-16 13:16:07,725 [ERROR] ServerAccessManage:1212 - Problem, file not found on Server
2025-08-16 13:16:08,154 [ERROR] ServerAccessManage:1212 - Problem, file not found on Server
2025-08-16 13:16:08,268 [INFO] ServerAccessManage:452 - Complete download http(s) 200
2025-08-16 13:16:08,268 [INFO] ServerAccessManage:509 - Download File STMicroelectronics.X-CUBE-ISPU.pdsc
2025-08-16 13:16:09,085 [WARN] MainUpdater:1193 - Updater busy. Cannot search thirdparties
2025-08-16 13:16:09,085 [INFO] ThirdPartyUpdaterWithRetryManager:96 - Updater plugin is busy. [14/15]
2025-08-16 13:16:09,227 [INFO] ServerAccessManage:452 - Complete download http(s) 200
2025-08-16 13:16:09,227 [INFO] ServerAccessManage:509 - Download File STMicroelectronics.X-CUBE-IPS.pdsc
2025-08-16 13:16:09,631 [INFO] ServerAccessManage:452 - Complete download http(s) 200
2025-08-16 13:16:09,631 [INFO] ServerAccessManage:509 - Download File STMicroelectronics.X-CUBE-MEMS1.pdsc
2025-08-16 13:16:12,087 [WARN] MainUpdater:1193 - Updater busy. Cannot search thirdparties
2025-08-16 13:16:12,087 [INFO] ThirdPartyUpdaterWithRetryManager:96 - Updater plugin is busy. [15/15]
2025-08-16 13:16:12,088 [ERROR] IntegrityCheckThread:130 - Cannot retrieve database content from updater: error -1
2025-08-16 13:16:12,088 [INFO] ThirdParty:978 - Integrity check success = false
2025-08-16 13:16:12,088 [INFO] IntegrityCheckThread:100 - exiting critical section [integrity check]
2025-08-16 13:16:12,088 [INFO] IntegrityCheckThread:103 - End integrity checks thread
2025-08-16 13:16:13,703 [INFO] ServerAccessManage:452 - Complete download http(s) 200
2025-08-16 13:16:13,703 [INFO] ServerAccessManage:509 - Download File STMicroelectronics.X-CUBE-NFC4.pdsc
2025-08-16 13:16:15,348 [INFO] ServerAccessManage:452 - Complete download http(s) 200
2025-08-16 13:16:15,348 [INFO] ServerAccessManage:509 - Download File STMicroelectronics.X-CUBE-NFC6.pdsc
2025-08-16 13:16:15,715 [INFO] ServerAccessManage:452 - Complete download http(s) 200
2025-08-16 13:16:15,715 [INFO] ServerAccessManage:509 - Download File STMicroelectronics.X-CUBE-NFC7.pdsc
2025-08-16 13:16:16,240 [INFO] ServerAccessManage:452 - Complete download http(s) 200
2025-08-16 13:16:16,241 [INFO] ServerAccessManage:509 - Download File STMicroelectronics.X-CUBE-NFC9.pdsc
2025-08-16 13:16:16,503 [INFO] ServerAccessManage:452 - Complete download http(s) 200
2025-08-16 13:16:16,504 [INFO] ServerAccessManage:509 - Download File STMicroelectronics.X-CUBE-NFC10.pdsc
2025-08-16 13:16:16,749 [INFO] ServerAccessManage:452 - Complete download http(s) 200
2025-08-16 13:16:16,749 [INFO] ServerAccessManage:509 - Download File STMicroelectronics.X-CUBE-NFC12.pdsc
2025-08-16 13:16:16,997 [INFO] ServerAccessManage:452 - Complete download http(s) 200
2025-08-16 13:16:16,997 [INFO] ServerAccessManage:509 - Download File STMicroelectronics.X-CUBE-SFXS2LP1.pdsc
2025-08-16 13:16:17,598 [INFO] ServerAccessManage:452 - Complete download http(s) 200
2025-08-16 13:16:17,598 [INFO] ServerAccessManage:509 - Download File STMicroelectronics.X-CUBE-SAFEA1.pdsc
2025-08-16 13:16:17,858 [INFO] ServerAccessManage:452 - Complete download http(s) 200
2025-08-16 13:16:17,858 [INFO] ServerAccessManage:509 - Download File STMicroelectronics.X-CUBE-SUBG2.pdsc
2025-08-16 13:16:19,078 [INFO] ServerAccessManage:452 - Complete download http(s) 200
2025-08-16 13:16:19,079 [INFO] ServerAccessManage:509 - Download File STMicroelectronics.X-CUBE-SMBUS.pdsc
2025-08-16 13:16:19,262 [INFO] McuFinderGlobals:63 - Set McuFinder mode to 2 (CubeIDE integrated)
2025-08-16 13:16:19,748 [ERROR] ServerAccessManage:1212 - Problem, file not found on Server
2025-08-16 13:16:19,860 [INFO] ServerAccessManage:452 - Complete download http(s) 200
2025-08-16 13:16:19,861 [INFO] ServerAccessManage:509 - Download File STMicroelectronics.X-CUBE-ST60.pdsc
2025-08-16 13:16:20,105 [INFO] ServerAccessManage:452 - Complete download http(s) 200
2025-08-16 13:16:20,105 [INFO] ServerAccessManage:509 - Download File STMicroelectronics.X-CUBE-ST67W61.pdsc
2025-08-16 13:16:20,368 [INFO] ServerAccessManage:452 - Complete download http(s) 200
2025-08-16 13:16:20,369 [INFO] ServerAccessManage:509 - Download File STMicroelectronics.X-CUBE-PM33A1.pdsc
2025-08-16 13:16:21,098 [INFO] ServerAccessManage:452 - Complete download http(s) 200
2025-08-16 13:16:21,099 [INFO] ServerAccessManage:509 - Download File STMicroelectronics.X-CUBE-TCPP.pdsc
2025-08-16 13:16:21,482 [INFO] ServerAccessManage:452 - Complete download http(s) 200
2025-08-16 13:16:21,482 [INFO] ServerAccessManage:509 - Download File STMicroelectronics.X-CUBE-TOF1.pdsc
2025-08-16 13:16:23,866 [ERROR] ServerAccessManage:1212 - Problem, file not found on Server
2025-08-16 13:16:24,514 [INFO] ServerAccessManage:452 - Complete download http(s) 200
2025-08-16 13:16:24,514 [INFO] ServerAccessManage:509 - Download File STMicroelectronics.X-CUBE-TOUCHGFX.pdsc
2025-08-16 13:16:27,570 [INFO] ServerAccessManage:452 - Complete download http(s) 200
2025-08-16 13:16:27,570 [INFO] ServerAccessManage:509 - Download File STMicroelectronics.X-CUBE-ALGOBUILD.pdsc
2025-08-16 13:16:28,436 [INFO] ServerAccessManage:452 - Complete download http(s) 200
2025-08-16 13:16:28,436 [INFO] ServerAccessManage:509 - Download File STMicroelectronics.X-CUBE-AZRTOS-H7.pdsc
2025-08-16 13:16:29,810 [INFO] ServerAccessManage:452 - Complete download http(s) 200
2025-08-16 13:16:29,811 [INFO] ServerAccessManage:509 - Download File STMicroelectronics.X-CUBE-AZRTOS-H7RS.pdsc
2025-08-16 13:16:30,241 [INFO] ServerAccessManage:452 - Complete download http(s) 200
2025-08-16 13:16:30,242 [INFO] ServerAccessManage:509 - Download File STMicroelectronics.X-CUBE-AZRTOS-F4.pdsc
2025-08-16 13:16:30,644 [INFO] ServerAccessManage:452 - Complete download http(s) 200
2025-08-16 13:16:30,644 [INFO] ServerAccessManage:509 - Download File STMicroelectronics.X-CUBE-AZRTOS-F7.pdsc
2025-08-16 13:16:31,086 [INFO] ServerAccessManage:452 - Complete download http(s) 200
2025-08-16 13:16:31,086 [INFO] ServerAccessManage:509 - Download File STMicroelectronics.X-CUBE-AZRTOS-L4.pdsc
2025-08-16 13:16:31,710 [INFO] ServerAccessManage:452 - Complete download http(s) 200
2025-08-16 13:16:31,711 [INFO] ServerAccessManage:509 - Download File STMicroelectronics.X-CUBE-AZRTOS-L5.pdsc
2025-08-16 13:16:32,235 [INFO] ServerAccessManage:452 - Complete download http(s) 200
2025-08-16 13:16:32,236 [INFO] ServerAccessManage:509 - Download File STMicroelectronics.X-CUBE-AZRTOS-G0.pdsc
2025-08-16 13:16:32,626 [INFO] ServerAccessManage:452 - Complete download http(s) 200
2025-08-16 13:16:32,626 [INFO] ServerAccessManage:509 - Download File STMicroelectronics.X-CUBE-AZRTOS-G4.pdsc
2025-08-16 13:16:33,226 [INFO] ServerAccessManage:452 - Complete download http(s) 200
2025-08-16 13:16:33,226 [INFO] ServerAccessManage:509 - Download File STMicroelectronics.X-CUBE-AZRTOS-WB.pdsc
2025-08-16 13:16:34,023 [INFO] ServerAccessManage:452 - Complete download http(s) 200
2025-08-16 13:16:34,024 [INFO] ServerAccessManage:509 - Download File STMicroelectronics.X-CUBE-AZRTOS-WL.pdsc
2025-08-16 13:16:34,406 [INFO] ServerAccessManage:452 - Complete download http(s) 200
2025-08-16 13:16:34,406 [INFO] ServerAccessManage:509 - Download File STMicroelectronics.X-CUBE-WB05N.pdsc
2025-08-16 13:16:35,146 [INFO] ServerAccessManage:452 - Complete download http(s) 200
2025-08-16 13:16:35,146 [INFO] ServerAccessManage:509 - Download File wolfSSL.I-CUBE-wolfSSL.pdsc
2025-08-16 13:16:39,331 [INFO] MainUpdater:2872 - connection check result : 10
2025-08-16 13:16:40,511 [ERROR] ServerAccessManage:1212 - Problem, file not found on Server
2025-08-16 13:16:40,749 [ERROR] ServerAccessManage:1212 - Problem, file not found on Server
2025-08-16 13:16:40,988 [ERROR] ServerAccessManage:1212 - Problem, file not found on Server
2025-08-16 13:16:41,095 [INFO] ServerAccessManage:452 - Complete download http(s) 200
2025-08-16 13:16:41,095 [INFO] ServerAccessManage:509 - Download File wolfSSL.I-CUBE-wolfMQTT.pdsc
2025-08-16 13:16:42,161 [ERROR] ServerAccessManage:1212 - Problem, file not found on Server
2025-08-16 13:16:42,264 [INFO] ServerAccessManage:452 - Complete download http(s) 200
2025-08-16 13:16:42,264 [INFO] ServerAccessManage:509 - Download File wolfSSL.I-CUBE-wolfTPM.pdsc
2025-08-16 13:16:43,545 [INFO] ServerAccessManage:452 - Complete download http(s) 200
2025-08-16 13:16:43,545 [INFO] ServerAccessManage:509 - Download File wolfSSL.I-CUBE-wolfSSH.pdsc
2025-08-16 13:16:45,165 [INFO] ServerAccessManage:452 - Complete download http(s) 200
2025-08-16 13:16:45,165 [INFO] ServerAccessManage:509 - Download File RealThread.X-CUBE-RT-Thread_Nano.pdsc
2025-08-16 13:16:46,327 [INFO] ServerAccessManage:452 - Complete download http(s) 200
2025-08-16 13:16:46,327 [INFO] ServerAccessManage:509 - Download File SEGGER.I-CUBE-embOS.pdsc
2025-08-16 13:16:48,475 [INFO] ServerAccessManage:452 - Complete download http(s) 200
2025-08-16 13:16:48,475 [INFO] ServerAccessManage:509 - Download File portGmbH.I-Cube-SoM-uGOAL.pdsc
2025-08-16 13:16:50,222 [ERROR] ServerAccessManage:1212 - Problem, file not found on Server
2025-08-16 13:16:50,394 [ERROR] ServerAccessManage:1212 - Problem, file not found on Server
2025-08-16 13:16:50,562 [ERROR] ServerAccessManage:1212 - Problem, file not found on Server
2025-08-16 13:16:51,655 [INFO] ServerAccessManage:452 - Complete download http(s) 200
2025-08-16 13:16:51,655 [INFO] ServerAccessManage:509 - Download File emotas.I-CUBE-CANOPEN.pdsc
2025-08-16 13:16:52,576 [INFO] ServerAccessManage:452 - Complete download http(s) 200
2025-08-16 13:16:52,577 [INFO] ServerAccessManage:509 - Download File WES.I-CUBE-Cesium.pdsc
2025-08-16 13:16:52,837 [ERROR] ServerAccessManage:1212 - Problem, file not found on Server
2025-08-16 13:16:52,983 [ERROR] ServerAccessManage:1212 - Problem, file not found on Server
2025-08-16 13:16:53,248 [INFO] ServerAccessManage:452 - Complete download http(s) 200
2025-08-16 13:16:53,249 [INFO] ServerAccessManage:509 - Download File ITTIA_DB.I-CUBE-ITTIADB.pdsc
2025-08-16 13:16:54,477 [INFO] ServerAccessManage:452 - Complete download http(s) 200
2025-08-16 13:16:54,477 [INFO] ServerAccessManage:509 - Download File Infineon.AIROC-Wi-Fi-Bluetooth-STM32.pdsc
2025-08-16 13:16:57,315 [INFO] ServerAccessManage:452 - Complete download http(s) 200
2025-08-16 13:16:57,315 [INFO] ServerAccessManage:509 - Download File Cesanta.I-CUBE-Mongoose.pdsc
2025-08-16 13:16:59,757 [INFO] ServerAccessManage:452 - Complete download http(s) 200
2025-08-16 13:16:59,757 [INFO] ServerAccessManage:509 - Download File EmbeddedOffice.I-CUBE-FS-RTOS.pdsc
2025-08-16 13:16:59,786 [INFO] ApiDb:581 - Connected to CubeFinder SQLite database (C:\Users\Thorin\.stmcufinder\plugins\mcufinder\mcu\cube-finder-db.db)
2025-08-16 13:16:59,839 [INFO] ApiDb:668 - CubeFinder database Data Model version=2.1
2025-08-16 13:16:59,839 [INFO] ApiDb:669 - CubeFinder database Configuration version=3.0.39
2025-08-16 13:16:59,840 [INFO] ApiDb:670 - CubeFinder database generation date=2025-06-24 (1750757100)
2025-08-16 13:16:59,840 [INFO] ApiDb:671 - CubeFinder database FW Pack versions=[FP-ATR-ASTRA1_V2.0.0, FP-SNS-FLIGHT1_V5.1.0, FP-SNS-MOTENV1_V5.0.0, FP-SNS-MOTENVWB1_V1.4.0, FP-SNS-SMARTAG2_V1.2.0, FP-SNS-STBOX1_V2.0.0, STM32Cube_FW_C0_V1.4.0, STM32Cube_FW_F4_V1.28.2, STM32Cube_FW_F7_V1.17.3, STM32Cube_FW_G0_V1.6.2, STM32Cube_FW_G4_V1.6.1, STM32Cube_FW_H5_V1.5.0, STM32Cube_FW_H7RS_V1.2.0, STM32Cube_FW_H7_V1.12.1, STM32Cube_FW_L0_V1.12.2, STM32Cube_FW_L4_V1.18.1, STM32Cube_FW_L5_V1.5.1, STM32Cube_FW_N6_V1.2.0, STM32Cube_FW_U0_V1.3.0, STM32Cube_FW_U3_V1.2.0, STM32Cube_FW_U5_V1.8.0, STM32Cube_FW_WB0_V1.3.0, STM32Cube_FW_WBA_V1.7.0, STM32Cube_FW_WB_V1.23.0, STM32Cube_FW_WL3_V1.2.0, STM32Cube_FW_WL_V1.3.1, X-CUBE-ALGOBUILD_V1.4.0, X-CUBE-ALS_V1.0.2, X-CUBE-AZRTOS-F4_V1.1.0, X-CUBE-AZRTOS-F7_V1.1.0, X-CUBE-AZRTOS-G0_V1.1.0, X-CUBE-AZRTOS-G4_V2.0.0, X-CUBE-AZRTOS-H7RS_V1.1.0, X-CUBE-AZRTOS-H7_V3.3.0, X-CUBE-AZRTOS-L4_V2.0.0, X-CUBE-AZRTOS-L5_V2.0.0, X-CUBE-AZRTOS-WB_V2.0.0, X-CUBE-AZRTOS-WL_V2.0.0, X-CUBE-BLE1_V7.1.0, X-CUBE-BLE2_V3.3.0, X-CUBE-BLEMGR_V4.0.0, X-CUBE-EEPRMA1_V5.1.0, X-CUBE-FREERTOS_V1.3.1, X-CUBE-GNSS1_V6.0.0, X-CUBE-MEMS1_V11.3.0, X-CUBE-NFC4_V3.0.0, X-CUBE-NFC7_V2.0.0, X-CUBE-SFXS2LP1_V4.0.0, X-CUBE-SUBG2_V5.0.0, X-CUBE-TOF1_V3.4.3]
2025-08-16 13:17:00,585 [INFO] ServerAccessManage:452 - Complete download http(s) 200
2025-08-16 13:17:00,585 [INFO] ServerAccessManage:509 - Download File quantropi.X-CUBE-qispace-sdk-base.pdsc
2025-08-16 13:17:01,118 [INFO] ServerAccessManage:452 - Complete download http(s) 200
2025-08-16 13:17:01,118 [INFO] ServerAccessManage:509 - Download File Avnet-IotConnect.X-CUBE-IoTC-DA16k-PMOD.pdsc
2025-08-16 13:17:01,228 [WARN] PackLoader:240 - Cannot read IP mode file for STMicroelectronics.FP-ATR-ASTRA1.2.0.2
2025-08-16 13:17:01,235 [WARN] PackLoader:240 - Cannot read IP mode file for STMicroelectronics.FP-ATR-SIGFOX1.3.2.0
2025-08-16 13:17:01,238 [WARN] CheckServerUpdateThread:151 - Open CheckUpdateFile Fail
2025-08-16 13:17:01,245 [WARN] PackLoader:240 - Cannot read IP mode file for STMicroelectronics.FP-SNS-STBOX1.2.1.0
2025-08-16 13:17:01,254 [WARN] PackLoader:240 - Cannot read IP mode file for STMicroelectronics.FP-SNS-FLIGHT1.5.1.0
2025-08-16 13:17:01,261 [WARN] PackLoader:240 - Cannot read IP mode file for STMicroelectronics.FP-SNS-MOTENV1.5.0.0
2025-08-16 13:17:01,269 [WARN] PackLoader:240 - Cannot read IP mode file for STMicroelectronics.FP-SNS-MOTENVWB1.1.4.0
2025-08-16 13:17:01,275 [WARN] PackLoader:240 - Cannot read IP mode file for STMicroelectronics.FP-SNS-SMARTAG2.1.2.0
2025-08-16 13:17:01,285 [WARN] PackLoader:240 - Cannot read IP mode file for STMicroelectronics.FP-SNS-STAIOTCFT.1.0.0
2025-08-16 13:17:01,288 [WARN] PackLoader:240 - Cannot read IP mode file for STMicroelectronics.X-CUBE-AI.10.2.0
2025-08-16 13:17:01,294 [WARN] PackLoader:240 - Cannot read IP mode file for STMicroelectronics.X-CUBE-ALS.1.0.2
2025-08-16 13:17:01,303 [WARN] PackLoader:240 - Cannot read IP mode file for STMicroelectronics.X-CUBE-BLE1.7.1.0
2025-08-16 13:17:01,308 [WARN] PackLoader:240 - Cannot read IP mode file for STMicroelectronics.X-CUBE-BLE2.3.3.0
2025-08-16 13:17:01,320 [WARN] PackLoader:240 - Cannot read IP mode file for STMicroelectronics.X-CUBE-BLEMGR.4.1.0
2025-08-16 13:17:01,335 [WARN] PackLoader:240 - Cannot read IP mode file for STMicroelectronics.X-CUBE-DISPLAY.3.0.0
2025-08-16 13:17:01,344 [WARN] PackLoader:240 - Cannot read IP mode file for STMicroelectronics.X-CUBE-DPower.1.3.0
2025-08-16 13:17:01,349 [WARN] PackLoader:240 - Cannot read IP mode file for STMicroelectronics.X-CUBE-EEPRMA1.5.2.0
2025-08-16 13:17:01,355 [WARN] PackLoader:240 - Cannot read IP mode file for STMicroelectronics.X-CUBE-FREERTOS.1.3.1
2025-08-16 13:17:01,363 [WARN] PackLoader:240 - Cannot read IP mode file for STMicroelectronics.X-CUBE-GNSS1.7.0.1
2025-08-16 13:17:01,366 [INFO] CheckServerUpdateThread:120 - End of CheckServer Thread
2025-08-16 13:17:01,368 [WARN] PackLoader:240 - Cannot read IP mode file for STMicroelectronics.X-CUBE-ISPU.2.1.0
2025-08-16 13:17:01,382 [WARN] PackLoader:240 - Cannot read IP mode file for STMicroelectronics.X-CUBE-IPS.3.1.0
2025-08-16 13:17:01,442 [WARN] PackLoader:240 - Cannot read IP mode file for STMicroelectronics.X-CUBE-MEMS1.11.3.0
2025-08-16 13:17:01,524 [INFO] ApiDb:240 - Found 880 in-development CPN: [B-G473E-ZEST1S, B-WB1M-WPAN1, B-WBA5M-WPAN, B-WL5M-SUBG1, NUCLEO-C031C6, NUCLEO-C051C8, NUCLEO-C071RB, NUCLEO-C092RC, NUCLEO-H503RB, NUCLEO-H533RE, NUCLEO-H563ZI, NUCLEO-H7S3L8, NUCLEO-N657X0-Q, NUCLEO-U031R8, NUCLEO-U083RC, NUCLEO-U385RG-Q, NUCLEO-U545RE-Q, NUCLEO-U5A5ZJ-Q, NUCLEO-WB05KZ, NUCLEO-WB07CC, NUCLEO-WB09KE, NUCLEO-WBA52CG, NUCLEO-WBA55CG, NUCLEO-WL33CC1, NUCLEO-WL33CC2, STEVAL-PROTEUS1, STEVAL-SMARTAG2, STEVAL-STWINBX1, STM320518-EVAL, STM32C0116-DK, STM32C011D6Y3TR, STM32C011D6Y6TR, STM32C011F4P3, STM32C011F4P6, STM32C011F4U3, STM32C011F4U6TR, STM32C011F6P3, STM32C011F6P6, STM32C011F6U3, STM32C011F6U6TR, STM32C011J4M3, STM32C011J4M6, STM32C011J6M3, STM32C011J6M6, STM32C0316-DK, STM32C031C4T3, STM32C031C4T6, STM32C031C4U3, STM32C031C4U6, STM32C031C6T3, STM32C031C6T6, STM32C031C6U3, STM32C031C6U6, STM32C031F4P3, STM32C031F4P6, STM32C031F6P3, STM32C031F6P6, STM32C031G4U3, STM32C031G4U6, STM32C031G6U3, STM32C031G6U6, STM32C031K4T3, STM32C031K4T6, STM32C031K4U3, STM32C031K4U6, STM32C031K6T3, STM32C031K6T6, STM32C031K6U3, STM32C031K6U6, STM32C051C6T6, STM32C051C6U6, STM32C051C8T6, STM32C051C8U6, STM32C051D8Y6TR, STM32C051F6P6, STM32C051F8P6, STM32C051G6U6, STM32C051G8U6, STM32C051K6T6, STM32C051K6U6, STM32C051K8T6, STM32C071C8T6, STM32C071C8T6N, STM32C071C8U6, STM32C071C8U6N, STM32C071CBT6, STM32C071CBT6N, STM32C071CBU6, STM32C071CBU6N, STM32C071F8P6, STM32C071F8P6N, STM32C071FBP6, STM32C071FBP6N, STM32C071FBY6TR, STM32C071G8U6, STM32C071G8U6N, STM32C071GBU6, STM32C071GBU6N, STM32C071K8T6, STM32C071K8T6N, STM32C071K8U6, STM32C071K8U6N, STM32C071KBT6, STM32C071KBT6N, STM32C071KBU6, STM32C071KBU6N, STM32C071R8T6, STM32C071R8T6N, STM32C071RBI6N, STM32C071RBT6, STM32C071RBT6N, STM32C091CBT6, STM32C091CBU6, STM32C091CCT6, STM32C091CCU6, STM32C091ECY6TR, STM32C091FBP6, STM32C091FCP6, STM32C091GBU6, STM32C091GCU6, STM32C091KBT6, STM32C091KBU6, STM32C091KCT6, STM32C091KCU6, STM32C091RBT6, STM32C091RCI6, STM32C091RCT6, STM32C092CBT6, STM32C092CBU6, STM32C092CCT6, STM32C092CCU6, STM32C092ECY6TR, STM32C092FBP6, STM32C092FCP6, STM32C092GBU6, STM32C092GCU6, STM32C092KBT6, STM32C092KBU6, STM32C092KCT6, STM32C092KCU6, STM32C092RBT6, STM32C092RCI6, STM32C092RCT6, STM32G071K8TXN, STM32G071K8UXN, STM32G081GBU6N, STM32G081KBT6N, STM32G081KBUXN, STM32G0B1CCT6N, STM32G0B1KCT6, STM32G0B1NEY6TR, STM32G0B1RCT6N, STM32G0C1CCT6, STM32G0C1CCT6N, STM32G0C1CCU6N, STM32G0C1CET6N, STM32G0C1CEU6N, STM32G0C1KCT6, STM32G0C1NEY6TR, STM32G0C1RCI6N, STM32G0C1RCT6N, STM32G0C1REI6N, STM32G0C1RET6N, STM32G0C1VCI6, STM32G0C1VEI6, STM32G411C6T3, STM32G411C6T6, STM32G411C6U3, STM32G411C6U6, STM32G411C8T3, STM32G411C8T6, STM32G411C8U3, STM32G411C8U6, STM32G411CBT3, STM32G411CBT6, STM32G411CBU3, STM32G411CBU6, STM32G411K6T3, STM32G411K6T6, STM32G411K6U3, STM32G411K6U6, STM32G411K8T3, STM32G411K8T6, STM32G411K8U3, STM32G411K8U6, STM32G411KBT3, STM32G411KBT6, STM32G411KBU3, STM32G411KBU6, STM32G411M6T3, STM32G411M6T6, STM32G411M8T3, STM32G411M8T6, STM32G411MBT3, STM32G411MBT6, STM32G411R6T3, STM32G411R6T6, STM32G411R8T3, STM32G411R8T6, STM32G411RBT3, STM32G411RBT6, STM32G414CBT3, STM32G414CBT6, STM32G414CBU3, STM32G414CBU6, STM32G414CCT3, STM32G414CCT6, STM32G414CCU3, STM32G414CCU6, STM32G414MBT3, STM32G414MBT6, STM32G414MCT3, STM32G414MCT6, STM32G414RBT3, STM32G414RBT6, STM32G414RCT3, STM32G414RCT6, STM32G414VBT3, STM32G414VBT6, STM32G414VCT3, STM32G414VCT6, STM32G431CBT3Z, STM32G431RBT3Z, STM32G471CCT6, STM32G471CCU6, STM32G471CET3, STM32G471CET6, STM32G471CEU3, STM32G471CEU6, STM32G471MCT6, STM32G471MET3, STM32G471MET6, STM32G471MEY6TR, STM32G471QCT6, STM32G471QET3, STM32G471RCT6, STM32G471RET3, STM32G471RET6, STM32G471VCH6, STM32G471VCI6, STM32G471VCT6, STM32G471VEH3, STM32G471VEH6, STM32G471VEI3, STM32G471VEI6, STM32G471VET3, STM32G471VET6, STM32G473QET3Z, STM32G473RET3Z, STM32G474CCT6, STM32G491RET3Z, STM32H503CBT6, STM32H503CBU6, STM32H503EBY6TR, STM32H503KBU6, STM32H503RBT6, STM32H523CCT6, STM32H523CCU6, STM32H523CET6, STM32H523CEU6, STM32H523HEY6TR, STM32H523RCT6, STM32H523RET6, STM32H523VCI6, STM32H523VCT6, STM32H523VEI6, STM32H523VET6, STM32H523ZCJ6, STM32H523ZCT6, STM32H523ZEJ6, STM32H523ZET6, STM32H533CET6, STM32H533CEU6, STM32H533HEY6TR, STM32H533RET6, STM32H533VEI6, STM32H533VET6, STM32H533ZEJ6, STM32H533ZET6, STM32H562AGI6, STM32H562AII6, STM32H562IGK6, STM32H562IGT6, STM32H562IIK6, STM32H562IIT6, STM32H562RGT6, STM32H562RGV6, STM32H562RIT6, STM32H562RIV6, STM32H562VGT6, STM32H562VIT6, STM32H562ZGT6, STM32H562ZIT6, STM32H563AGI6, STM32H563AII3Q, STM32H563AII6, STM32H563IGK6, STM32H563IGT6, STM32H563IIK3Q, STM32H563IIK6, STM32H563IIT3Q, STM32H563IIT6, STM32H563MIY3QTR, STM32H563RGT6, STM32H563RGV6, STM32H563RIT6, STM32H563RIV6, STM32H563VGT6, STM32H563VIT3Q, STM32H563VIT6, STM32H563ZGT6, STM32H563ZIT3Q, STM32H563ZIT6, STM32H573AII3Q, STM32H573AII6, STM32H573I-DK, STM32H573IIK3Q, STM32H573IIK6, STM32H573IIT3Q, STM32H573IIT6, STM32H573MIY3QTR, STM32H573RIT6, STM32H573RIV6, STM32H573VIT3Q, STM32H573VIT6, STM32H573ZIT3Q, STM32H573ZIT6, STM32H7R3A8I6, STM32H7R3I8K6, STM32H7R3I8T6, STM32H7R3L8H6, STM32H7R3L8H6H, STM32H7R3R8V6, STM32H7R3V8H6, STM32H7R3V8T6, STM32H7R3V8Y6TR, STM32H7R3Z8J6, STM32H7R3Z8T6, STM32H7R7A8I6, STM32H7R7I8K6, STM32H7R7I8T6, STM32H7R7L8H6, STM32H7R7L8H6H, STM32H7R7Z8J6, STM32H7S3A8I6, STM32H7S3I8K6, STM32H7S3I8T6, STM32H7S3L8H6, STM32H7S3L8H6H, STM32H7S3R8V6, STM32H7S3V8H6, STM32H7S3V8T6, STM32H7S3V8Y6TR, STM32H7S3Z8J6, STM32H7S3Z8T6, STM32H7S78-DK, STM32H7S7A8I6, STM32H7S7I8K6, STM32H7S7I8T6, STM32H7S7L8H6, STM32H7S7L8H6H, STM32H7S7Z8J6, STM32L4R5QGI6STR, STM32MP131AAE3, STM32MP131AAF3, STM32MP131AAG3, STM32MP131CAE3, STM32MP131CAF3, STM32MP131CAG3, STM32MP131DAE7, STM32MP131DAF7, STM32MP131DAG7, STM32MP131FAE7, STM32MP131FAF7, STM32MP131FAG7, STM32MP133AAE3, STM32MP133AAF3, STM32MP133AAG3, STM32MP133CAE3, STM32MP133CAF3, STM32MP133CAG3, STM32MP133DAE7, STM32MP133DAF7, STM32MP133DAG7, STM32MP133FAE7, STM32MP133FAF7, STM32MP133FAG7, STM32MP135AAE3, STM32MP135AAF3, STM32MP135AAG3, STM32MP135CAE3, STM32MP135CAF3, STM32MP135CAG3, STM32MP135DAE7, STM32MP135DAF7, STM32MP135DAG7, STM32MP135F-DK, STM32MP135FAE7, STM32MP135FAF7, STM32MP135FAF7T, STM32MP135FAF7U, STM32MP135FAG7, STM32MP211AAL3, STM32MP211AAM3, STM32MP211AAN3, STM32MP211AAO3, STM32MP211CAL3, STM32MP211CAM3, STM32MP211CAN3, STM32MP211CAO3, STM32MP211DAL3, STM32MP211DAM3, STM32MP211DAN3, STM32MP211DAO3, STM32MP211FAL3, STM32MP211FAM3, STM32MP211FAN3, STM32MP211FAO3, STM32MP213AAL3, STM32MP213AAM3, STM32MP213AAN3, STM32MP213AAO3, STM32MP213CAL3, STM32MP213CAM3, STM32MP213CAN3, STM32MP213CAO3, STM32MP213DAL3, STM32MP213DAM3, STM32MP213DAN3, STM32MP213DAO3, STM32MP213FAL3, STM32MP213FAM3, STM32MP213FAN3, STM32MP213FAO3, STM32MP215AAL3, STM32MP215AAM3, STM32MP215AAN3, STM32MP215AAO3, STM32MP215CAL3, STM32MP215CAM3, STM32MP215CAN3, STM32MP215CAO3, STM32MP215DAL3, STM32MP215DAM3, STM32MP215DAN3, STM32MP215DAO3, STM32MP215F-DK, STM32MP215FAL3, STM32MP215FAM3, STM32MP215FAN3, STM32MP215FAO3, STM32MP231AAJ3, STM32MP231AAK3, STM32MP231AAL3, STM32MP231CAJ3, STM32MP231CAK3, STM32MP231CAL3, STM32MP231DAJ3, STM32MP231DAK3, STM32MP231DAL3, STM32MP231FAJ3, STM32MP231FAK3, STM32MP231FAL3, STM32MP233AAJ3, STM32MP233AAK3, STM32MP233AAL3, STM32MP233CAJ3, STM32MP233CAK3, STM32MP233CAL3, STM32MP233DAJ3, STM32MP233DAK3, STM32MP233DAL3, STM32MP233FAJ3, STM32MP233FAK3, STM32MP233FAL3, STM32MP235AAJ3, STM32MP235AAK3, STM32MP235AAL3, STM32MP235CAJ3, STM32MP235CAK3, STM32MP235CAL3, STM32MP235DAJ3, STM32MP235DAK3, STM32MP235DAL3, STM32MP235FAJ3, STM32MP235FAK3, STM32MP235FAL3, STM32MP251AAI3, STM32MP251AAK3, STM32MP251AAL3, STM32MP251CAI3, STM32MP251CAK3, STM32MP251CAL3, STM32MP251DAI3, STM32MP251DAK3, STM32MP251DAL3, STM32MP251FAI3, STM32MP251FAK3, STM32MP251FAL3, STM32MP253AAI3, STM32MP253AAK3, STM32MP253AAL3, STM32MP253CAI3, STM32MP253CAK3, STM32MP253CAL3, STM32MP253DAI3, STM32MP253DAK3, STM32MP253DAL3, STM32MP253FAI3, STM32MP253FAK3, STM32MP253FAL3, STM32MP255AAI3, STM32MP255AAK3, STM32MP255AAL3, STM32MP255CAI3, STM32MP255CAK3, STM32MP255CAL3, STM32MP255DAI3, STM32MP255DAK3, STM32MP255DAL3, STM32MP255FAI3, STM32MP255FAK3, STM32MP255FAL3, STM32MP257AAI3, STM32MP257AAK3, STM32MP257AAL3, STM32MP257CAI3, STM32MP257CAK3, STM32MP257CAL3, STM32MP257DAI3, STM32MP257DAK3, STM32MP257DAL3, STM32MP257F-DK, STM32MP257F-EV1, STM32MP257FAI3, STM32MP257FAK3, STM32MP257FAL3, STM32N645A0H3Q, STM32N645B0H3Q, STM32N645I0H3Q, STM32N645L0H3Q, STM32N645X0H3Q, STM32N645Z0H3Q, STM32N647A0H3Q, STM32N647B0H3Q, STM32N647I0H3Q, STM32N647L0H3Q, STM32N647X0H3Q, STM32N647Z0H3Q, STM32N655A0H3Q, STM32N655B0H3Q, STM32N655I0H3Q, STM32N655L0H3Q, STM32N655X0H3Q, STM32N655Z0H3Q, STM32N6570-DK, STM32N657A0H3Q, STM32N657B0H3Q, STM32N657I0H3Q, STM32N657L0H3Q, STM32N657X0H3Q, STM32N657Z0H3Q, STM32U031C6T6, STM32U031C6U6, STM32U031C8T6, STM32U031C8U6, STM32U031F4P6, STM32U031F6P6, STM32U031F8P6, STM32U031G6Y6TR, STM32U031G8Y6TR, STM32U031K4U6, STM32U031K6U6, STM32U031K8U6, STM32U031R6I6, STM32U031R6T6, STM32U031R8I6, STM32U031R8T6, STM32U073C8T6, STM32U073C8U6, STM32U073CBT6, STM32U073CBU6, STM32U073CCT6, STM32U073CCU6, STM32U073H8Y6TR, STM32U073HBY6TR, STM32U073HCY6TR, STM32U073K8U6, STM32U073KBU6, STM32U073KCU6, STM32U073M8I6, STM32U073M8T6, STM32U073MBI6, STM32U073MBT6, STM32U073MCI6, STM32U073MCT6, STM32U073R8I6, STM32U073R8T6, STM32U073RBI6, STM32U073RBT6, STM32U073RCI6, STM32U073RCT6, STM32U083C-DK, STM32U083CCT6, STM32U083CCU6, STM32U083HCY6TR, STM32U083KCU6, STM32U083MCI6, STM32U083MCT6, STM32U083RCI6, STM32U083RCT6, STM32U375CET6, STM32U375CET6Q, STM32U375CEU6, STM32U375CEU6Q, STM32U375CEY6QTR, STM32U375CGT6, STM32U375CGT6Q, STM32U375CGU6, STM32U375CGU6Q, STM32U375CGY6QTR, STM32U375KEU6, STM32U375KGU6, STM32U375REI6, STM32U375REI6Q, STM32U375RET6, STM32U375RET6Q, STM32U375REY6GTR, STM32U375REY6QTR, STM32U375RGI6, STM32U375RGI6Q, STM32U375RGT6, STM32U375RGT6Q, STM32U375RGY6GTR, STM32U375RGY6QTR, STM32U375VEI6, STM32U375VEI6Q, STM32U375VET6, STM32U375VET6Q, STM32U375VGI6, STM32U375VGI6Q, STM32U375VGT6, STM32U375VGT6Q, STM32U385CGT6, STM32U385CGT6Q, STM32U385CGU6, STM32U385CGU6Q, STM32U385CGY6QTR, STM32U385KGU6, STM32U385RGI6, STM32U385RGI6Q, STM32U385RGT6, STM32U385RGT6Q, STM32U385RGY6GTR, STM32U385RGY6QTR, STM32U385VGI6, STM32U385VGI6Q, STM32U385VGT6, STM32U385VGT6Q, STM32U535CBT6, STM32U535CBT6Q, STM32U535CBU6, STM32U535CBU6Q, STM32U535CCT6, STM32U535CCT6Q, STM32U535CCU6, STM32U535CCU6Q, STM32U535CET6, STM32U535CET6Q, STM32U535CEU6, STM32U535CEU6Q, STM32U535JEY6QTR, STM32U535NCY6QTR, STM32U535NEY6QTR, STM32U535RBI6, STM32U535RBI6Q, STM32U535RBT6, STM32U535RBT6Q, STM32U535RCI6, STM32U535RCI6Q, STM32U535RCT6, STM32U535RCT6Q, STM32U535REI6, STM32U535REI6Q, STM32U535RET6, STM32U535RET6Q, STM32U535VCI6, STM32U535VCI6Q, STM32U535VCT6, STM32U535VCT6Q, STM32U535VEI6, STM32U535VEI6Q, STM32U535VET6, STM32U535VET6Q, STM32U545CET6, STM32U545CET6Q, STM32U545CEU6, STM32U545CEU6Q, STM32U545JEY6QTR, STM32U545NEY6QTR, STM32U545REI6, STM32U545REI6Q, STM32U545RET6, STM32U545RET6Q, STM32U545VEI6, STM32U545VEI6Q, STM32U545VET6, STM32U545VET6Q, STM32U595AIH6, STM32U595AIH6Q, STM32U595AJH6, STM32U595AJH6Q, STM32U595QII6, STM32U595QII6Q, STM32U595QJI6, STM32U595QJI6Q, STM32U595RIT6, STM32U595RIT6Q, STM32U595RJT6, STM32U595RJT6Q, STM32U595VIT6, STM32U595VIT6Q, STM32U595VJT6, STM32U595VJT6Q, STM32U595ZIT6, STM32U595ZIT6Q, STM32U595ZIY6QTR, STM32U595ZJT6, STM32U595ZJT6Q, STM32U595ZJY6QTR, STM32U599BJY6QTR, STM32U599NIH6Q, STM32U599NJH6Q, STM32U599VIT6Q, STM32U599VJT6, STM32U599VJT6Q, STM32U599ZIT6Q, STM32U599ZIY6QTR, STM32U599ZJT6Q, STM32U599ZJY6QTR, STM32U5A5AJH6, STM32U5A5AJH6Q, STM32U5A5QII3Q , STM32U5A5QJI6, STM32U5A5QJI6Q, STM32U5A5RJT6, STM32U5A5RJT6Q, STM32U5A5VJT6, STM32U5A5VJT6Q, STM32U5A5ZJT6, STM32U5A5ZJT6Q, STM32U5A5ZJY6QTR, STM32U5A9BJY6QTR, STM32U5A9J-DK, STM32U5A9NJH6Q, STM32U5A9VJT6Q, STM32U5A9ZJT6Q, STM32U5A9ZJY6QTR, STM32U5F7VIT6, STM32U5F7VIT6Q, STM32U5F7VJT6, STM32U5F7VJT6Q, STM32U5F9BJY6QTR, STM32U5F9NJH6Q, STM32U5F9VIT6Q, STM32U5F9VJT6Q, STM32U5F9ZIJ6QTR, STM32U5F9ZIT6Q, STM32U5F9ZJJ6QTR, STM32U5F9ZJT6Q, STM32U5G7VJT6, STM32U5G7VJT6Q, STM32U5G9BJY6QTR, STM32U5G9J-DK1, STM32U5G9J-DK2, STM32U5G9NJH6Q, STM32U5G9VJT6Q, STM32U5G9ZJJ6QTR, STM32U5G9ZJT6Q, STM32WB05KZV6TR, STM32WB05KZV7TR, STM32WB05TZF6TR, STM32WB05TZF7TR, STM32WB06CCF6TR, STM32WB06CCF7TR, STM32WB06CCV6TR, STM32WB06CCV7TR, STM32WB06KCV6TR, STM32WB06KCV7TR, STM32WB07CCF6TR, STM32WB07CCF7TR, STM32WB07CCV6TR, STM32WB07CCV7TR, STM32WB07KCV6TR, STM32WB07KCV7TR, STM32WB09KEV6TR, STM32WB09KEV7TR, STM32WB09TEF6TR, STM32WB09TEF7TR, STM32WB1MMCH6, STM32WBA50KGU6, STM32WBA50KGU6TR, STM32WBA52CEU6, STM32WBA52CEU6TR, STM32WBA52CEU7, STM32WBA52CEU7TR, STM32WBA52CGU6, STM32WBA52CGU6TR, STM32WBA52CGU6U, STM32WBA52CGU7, STM32WBA52CGU7TR, STM32WBA52KEU6, STM32WBA52KEU6TR, STM32WBA52KGU6, STM32WBA52KGU6TR, STM32WBA54CEU6, STM32WBA54CEU6TR, STM32WBA54CEU7, STM32WBA54CEU7TR, STM32WBA54CGU6, STM32WBA54CGU6TR, STM32WBA54CGU7, STM32WBA54CGU7TR, STM32WBA54KEU6, STM32WBA54KEU6TR, STM32WBA54KEU7, STM32WBA54KEU7TR, STM32WBA54KGU6, STM32WBA54KGU6TR, STM32WBA54KGU7, STM32WBA54KGU7TR, STM32WBA55CEU6, STM32WBA55CEU6TR, STM32WBA55CEU7, STM32WBA55CEU7TR, STM32WBA55CGU6, STM32WBA55CGU6TR, STM32WBA55CGU6U, STM32WBA55CGU7, STM32WBA55CGU7TR, STM32WBA55G-DK1, STM32WBA55HEF6, STM32WBA55HEF7, STM32WBA55HGF6, STM32WBA55HGF7, STM32WBA55UEI6, STM32WBA55UEI6TR, STM32WBA55UEI7, STM32WBA55UEI7TR, STM32WBA55UGI6, STM32WBA55UGI6TR, STM32WBA55UGI7, STM32WBA55UGI7TR, STM32WBA5MMGH6TR, STM32WBA62MGF6, STM32WBA62MIF6, STM32WBA65MGF7, STM32WBA65MIF6, STM32WBA65MIF7, STM32WL30K8V6, STM32WL30KBV6, STM32WL31C8V6, STM32WL31CBV6, STM32WL31K8V6, STM32WL31KBV6, STM32WL33C8V6, STM32WL33C8V6X, STM32WL33CBV6, STM32WL33CBV6X, STM32WL33CCV6, STM32WL33CCV6A, STM32WL33CCV6X, STM32WL33K8V7, STM32WL33K8V7X, STM32WL33KBV7 , STM32WL33KBV7X, STM32WL33KCV7, STM32WL33KCV7X, STM32WL5MOCH6, STM32WL5MOCH6TR]
2025-08-16 13:17:01,532 [INFO] DbMcus:218 - Found 4801 MCUs, 4801 are supported
2025-08-16 13:17:01,533 [INFO] ApiDb:414 - User favorites file not found: C:\Users\Thorin/.stm32cubeide/favorites.mcus.txt
2025-08-16 13:17:01,533 [INFO] DbMcus:224 - Set 0 / 0 favorites MCUs
2025-08-16 13:17:01,579 [WARN] PackLoader:240 - Cannot read IP mode file for STMicroelectronics.X-CUBE-NFC4.3.0.0
2025-08-16 13:17:01,589 [WARN] PackLoader:240 - Cannot read IP mode file for STMicroelectronics.X-CUBE-NFC6.3.1.0
2025-08-16 13:17:01,596 [WARN] PackLoader:240 - Cannot read IP mode file for STMicroelectronics.X-CUBE-NFC7.2.0.0
2025-08-16 13:17:01,603 [WARN] PackLoader:240 - Cannot read IP mode file for STMicroelectronics.X-CUBE-NFC9.1.0.0
2025-08-16 13:17:01,609 [WARN] PackLoader:240 - Cannot read IP mode file for STMicroelectronics.X-CUBE-NFC10.1.0.0
2025-08-16 13:17:01,617 [WARN] PackLoader:240 - Cannot read IP mode file for STMicroelectronics.X-CUBE-NFC12.1.0.0
2025-08-16 13:17:01,625 [WARN] PackLoader:240 - Cannot read IP mode file for STMicroelectronics.X-CUBE-SFXS2LP1.4.0.0
2025-08-16 13:17:01,633 [WARN] PackLoader:240 - Cannot read IP mode file for STMicroelectronics.X-CUBE-SAFEA1.1.2.2
2025-08-16 13:17:01,643 [WARN] PackLoader:240 - Cannot read IP mode file for STMicroelectronics.X-CUBE-SUBG2.5.0.0
2025-08-16 13:17:01,651 [WARN] PackLoader:240 - Cannot read IP mode file for STMicroelectronics.X-CUBE-SMBUS.2.1.0
2025-08-16 13:17:01,654 [WARN] PackLoader:240 - Cannot read IP mode file for STMicroelectronics.X-CUBE-ST60.1.0.0
2025-08-16 13:17:01,662 [WARN] PackLoader:240 - Cannot read IP mode file for STMicroelectronics.X-CUBE-ST67W61.1.0.0
2025-08-16 13:17:01,666 [WARN] PackLoader:240 - Cannot read IP mode file for STMicroelectronics.X-CUBE-PM33A1.1.0.0
2025-08-16 13:17:01,672 [WARN] PackLoader:240 - Cannot read IP mode file for STMicroelectronics.X-CUBE-TCPP.4.2.0
2025-08-16 13:17:01,684 [WARN] PackLoader:240 - Cannot read IP mode file for STMicroelectronics.X-CUBE-TOF1.3.4.3
2025-08-16 13:17:01,696 [WARN] PackLoader:240 - Cannot read IP mode file for STMicroelectronics.X-CUBE-TOUCHGFX.4.25.0
2025-08-16 13:17:01,703 [WARN] PackLoader:240 - Cannot read IP mode file for STMicroelectronics.X-CUBE-ALGOBUILD.1.4.0
2025-08-16 13:17:01,719 [WARN] PackLoader:240 - Cannot read IP mode file for STMicroelectronics.X-CUBE-AZRTOS-H7.3.4.0
2025-08-16 13:17:01,740 [WARN] PackLoader:240 - Cannot read IP mode file for STMicroelectronics.X-CUBE-AZRTOS-H7RS.1.1.0
2025-08-16 13:17:01,781 [WARN] PackLoader:240 - Cannot read IP mode file for STMicroelectronics.X-CUBE-AZRTOS-F4.1.1.0
2025-08-16 13:17:01,799 [WARN] PackLoader:240 - Cannot read IP mode file for STMicroelectronics.X-CUBE-AZRTOS-F7.1.1.0
2025-08-16 13:17:01,818 [WARN] ConditionMgr:438 - getConditionDescription Invalid condition id : LAN8742 Phy interface Condition cause : null
2025-08-16 13:17:01,818 [WARN] PackLoader:240 - Cannot read IP mode file for STMicroelectronics.X-CUBE-AZRTOS-L4.2.0.0
2025-08-16 13:17:01,820 [WARN] ConditionMgr:1044 - genDependencies : Invalid condition id : LAN8742 Phy interface Condition cause : null
2025-08-16 13:17:01,820 [WARN] ConditionMgr:1044 - genDependencies : Invalid condition id : LAN8742 Phy interface Condition cause : null
2025-08-16 13:17:01,820 [WARN] ConditionMgr:1044 - genDependencies : Invalid condition id : LAN8742 Phy interface Condition cause : null
2025-08-16 13:17:01,835 [WARN] PackLoader:240 - Cannot read IP mode file for STMicroelectronics.X-CUBE-AZRTOS-L5.2.0.0
2025-08-16 13:17:01,849 [WARN] PackLoader:240 - Cannot read IP mode file for STMicroelectronics.X-CUBE-AZRTOS-G0.1.1.0
2025-08-16 13:17:01,863 [WARN] PackLoader:240 - Cannot read IP mode file for STMicroelectronics.X-CUBE-AZRTOS-G4.2.0.0
2025-08-16 13:17:01,875 [WARN] ConditionMgr:438 - getConditionDescription Invalid condition id : UX DEVICE CLASS RTOS Condition cause : null
2025-08-16 13:17:01,876 [WARN] ConditionMgr:438 - getConditionDescription Invalid condition id : UX DEVICE CLASS RTOS Condition cause : null
2025-08-16 13:17:01,879 [WARN] PackLoader:240 - Cannot read IP mode file for STMicroelectronics.X-CUBE-AZRTOS-WB.2.0.0
2025-08-16 13:17:01,879 [WARN] ConditionMgr:1044 - genDependencies : Invalid condition id : UX DEVICE CLASS RTOS Condition cause : null
2025-08-16 13:17:01,879 [WARN] ConditionMgr:1044 - genDependencies : Invalid condition id : UX DEVICE CLASS RTOS Condition cause : null
2025-08-16 13:17:01,879 [WARN] ConditionMgr:1044 - genDependencies : Invalid condition id : UX DEVICE CLASS RTOS Condition cause : null
2025-08-16 13:17:01,879 [WARN] ConditionMgr:1044 - genDependencies : Invalid condition id : UX DEVICE CLASS RTOS Condition cause : null
2025-08-16 13:17:01,879 [WARN] ConditionMgr:1044 - genDependencies : Invalid condition id : UX DEVICE CLASS RTOS Condition cause : null
2025-08-16 13:17:01,887 [INFO] LogOutputStream:77 - [STDOUT_REDIRECT] 1 : Invalid condition id : UX_CORESTACK_Condition cause : null
2025-08-16 13:17:01,888 [INFO] LogOutputStream:77 - [STDOUT_REDIRECT] 1 : Invalid condition id : UX_CORESTACK_Condition cause : null
2025-08-16 13:17:01,889 [INFO] LogOutputStream:77 - [STDOUT_REDIRECT] 1 : Invalid condition id : UX_CORESTACK_Condition cause : null
2025-08-16 13:17:01,891 [INFO] LogOutputStream:77 - [STDOUT_REDIRECT] 1 : Invalid condition id : UX_CORESTACK_Condition cause : null
2025-08-16 13:17:01,892 [INFO] LogOutputStream:77 - [STDOUT_REDIRECT] 1 : Invalid condition id : UX_CORESTACK_Condition cause : null
2025-08-16 13:17:01,895 [WARN] PackLoader:240 - Cannot read IP mode file for STMicroelectronics.X-CUBE-AZRTOS-WL.2.0.0
2025-08-16 13:17:01,900 [WARN] PackLoader:240 - Cannot read IP mode file for STMicroelectronics.X-CUBE-WB05N.2.0.0
2025-08-16 13:17:01,906 [WARN] PackLoader:240 - Cannot read IP mode file for wolfSSL.I-CUBE-wolfSSL.5.8.2
2025-08-16 13:17:01,910 [WARN] PackLoader:240 - Cannot read IP mode file for wolfSSL.I-CUBE-wolfMQTT.1.19.2
2025-08-16 13:17:01,915 [WARN] PackLoader:240 - Cannot read IP mode file for wolfSSL.I-CUBE-wolfTPM.3.8.0
2025-08-16 13:17:01,919 [WARN] PackLoader:240 - Cannot read IP mode file for wolfSSL.I-CUBE-wolfSSH.1.4.20
2025-08-16 13:17:01,924 [WARN] PackLoader:240 - Cannot read IP mode file for RealThread.X-CUBE-RT-Thread_Nano.4.1.1
2025-08-16 13:17:01,946 [WARN] PackLoader:240 - Cannot read IP mode file for SEGGER.I-CUBE-embOS.1.3.1
2025-08-16 13:17:01,983 [WARN] PackLoader:240 - Cannot read IP mode file for portGmbH.I-Cube-SoM-uGOAL.1.1.0
2025-08-16 13:17:01,989 [WARN] PackLoader:240 - Cannot read IP mode file for emotas.I-CUBE-CANOPEN.1.3.0
2025-08-16 13:17:01,996 [WARN] PackLoader:240 - Cannot read IP mode file for WES.I-CUBE-Cesium.1.3.0
2025-08-16 13:17:02,001 [WARN] PackLoader:240 - Cannot read IP mode file for ITTIA_DB.I-CUBE-ITTIADB.8.9.0
2025-08-16 13:17:02,017 [WARN] PackLoader:240 - Cannot read IP mode file for Infineon.AIROC-Wi-Fi-Bluetooth-STM32.1.7.1
2025-08-16 13:17:02,024 [WARN] PackLoader:240 - Cannot read IP mode file for Cesanta.I-CUBE-Mongoose.7.13.0
2025-08-16 13:17:02,030 [WARN] PackLoader:240 - Cannot read IP mode file for EmbeddedOffice.I-CUBE-FS-RTOS.1.0.1
2025-08-16 13:17:02,034 [WARN] ConditionMgr:438 - getConditionDescription Invalid condition id : Cortex-A Device cause : null
2025-08-16 13:17:02,060 [WARN] ConditionMgr:1044 - genDependencies : Invalid condition id : Cortex-A Device cause : null
2025-08-16 13:17:02,061 [WARN] ConditionMgr:1044 - genDependencies : Invalid condition id : Cortex-A Device cause : null
2025-08-16 13:17:02,061 [WARN] ConditionMgr:1044 - genDependencies : Invalid condition id : Cortex-A Device cause : null
2025-08-16 13:17:02,064 [WARN] PackLoader:240 - Cannot read IP mode file for Avnet-IotConnect.X-CUBE-IoTC-DA16k-PMOD.1.0.0
2025-08-16 13:17:02,065 [INFO] PopulateThirdPartyThread:66 - Ending populate Thread
2025-08-16 13:17:02,067 [INFO] ThirdParty:1030 - CMSIS Pack Vendor :STMicroelectronics X-CUBE-PM33A1 1.0.0
2025-08-16 13:17:02,067 [INFO] ThirdParty:1030 - CMSIS Pack Vendor :STMicroelectronics X-CUBE-NFC9 1.0.0
2025-08-16 13:17:02,067 [INFO] ThirdParty:1030 - CMSIS Pack Vendor :STMicroelectronics FP-SNS-MOTENVWB1 1.4.0
2025-08-16 13:17:02,067 [INFO] ThirdParty:1030 - CMSIS Pack Vendor :STMicroelectronics X-CUBE-AZRTOS-F4 1.1.0
2025-08-16 13:17:02,068 [INFO] ThirdParty:1030 - CMSIS Pack Vendor :STMicroelectronics FP-ATR-ASTRA1 2.0.2
2025-08-16 13:17:02,068 [INFO] ThirdParty:1030 - CMSIS Pack Vendor :wolfSSL I-CUBE-wolfSSL 5.8.2
2025-08-16 13:17:02,068 [INFO] ThirdParty:1030 - CMSIS Pack Vendor :STMicroelectronics X-CUBE-BLE1 7.1.0
2025-08-16 13:17:02,068 [INFO] ThirdParty:1030 - CMSIS Pack Vendor :Avnet-IotConnect X-CUBE-IoTC-DA16k-PMOD 1.0.0
2025-08-16 13:17:02,068 [INFO] ThirdParty:1030 - CMSIS Pack Vendor :STMicroelectronics X-CUBE-SMBUS 2.1.0
2025-08-16 13:17:02,068 [INFO] ThirdParty:1030 - CMSIS Pack Vendor :wolfSSL I-CUBE-wolfMQTT 1.19.2
2025-08-16 13:17:02,068 [INFO] ThirdParty:1030 - CMSIS Pack Vendor :STMicroelectronics X-CUBE-ISPU 2.1.0
2025-08-16 13:17:02,068 [INFO] ThirdParty:1030 - CMSIS Pack Vendor :STMicroelectronics X-CUBE-BLEMGR 4.1.0
2025-08-16 13:17:02,068 [INFO] ThirdParty:1030 - CMSIS Pack Vendor :STMicroelectronics X-CUBE-EEPRMA1 5.2.0
2025-08-16 13:17:02,068 [INFO] ThirdParty:1030 - CMSIS Pack Vendor :STMicroelectronics X-CUBE-AZRTOS-WB 2.0.0
2025-08-16 13:17:02,068 [INFO] ThirdParty:1030 - CMSIS Pack Vendor :STMicroelectronics X-CUBE-ST60 1.0.0
2025-08-16 13:17:02,068 [INFO] ThirdParty:1030 - CMSIS Pack Vendor :STMicroelectronics X-CUBE-GNSS1 7.0.1
2025-08-16 13:17:02,068 [INFO] ThirdParty:1030 - CMSIS Pack Vendor :STMicroelectronics X-CUBE-NFC12 1.0.0
2025-08-16 13:17:02,068 [INFO] ThirdParty:1030 - CMSIS Pack Vendor :STMicroelectronics X-CUBE-TOUCHGFX 4.25.0
2025-08-16 13:17:02,068 [INFO] ThirdParty:1030 - CMSIS Pack Vendor :STMicroelectronics X-CUBE-AZRTOS-F7 1.1.0
2025-08-16 13:17:02,068 [INFO] ThirdParty:1030 - CMSIS Pack Vendor :STMicroelectronics X-CUBE-AZRTOS-L5 2.0.0
2025-08-16 13:17:02,068 [INFO] ThirdParty:1030 - CMSIS Pack Vendor :STMicroelectronics X-CUBE-NFC6 3.1.0
2025-08-16 13:17:02,068 [INFO] ThirdParty:1030 - CMSIS Pack Vendor :quantropi X-CUBE-qispace-sdk-base 2.1.0
2025-08-16 13:17:02,068 [INFO] ThirdParty:1030 - CMSIS Pack Vendor :STMicroelectronics X-CUBE-AZRTOS-G0 1.1.0
2025-08-16 13:17:02,068 [INFO] ThirdParty:1030 - CMSIS Pack Vendor :STMicroelectronics X-CUBE-NFC4 3.0.0
2025-08-16 13:17:02,068 [INFO] ThirdParty:1030 - CMSIS Pack Vendor :STMicroelectronics X-CUBE-SAFEA1 1.2.2
2025-08-16 13:17:02,068 [INFO] ThirdParty:1030 - CMSIS Pack Vendor :STMicroelectronics X-CUBE-SUBG2 5.0.0
2025-08-16 13:17:02,068 [INFO] ThirdParty:1030 - CMSIS Pack Vendor :STMicroelectronics X-CUBE-AZRTOS-H7RS 1.1.0
2025-08-16 13:17:02,068 [INFO] ThirdParty:1030 - CMSIS Pack Vendor :EmbeddedOffice I-CUBE-FS-RTOS 1.0.1
2025-08-16 13:17:02,068 [INFO] ThirdParty:1030 - CMSIS Pack Vendor :Cesanta I-CUBE-Mongoose 7.13.0
2025-08-16 13:17:02,068 [INFO] ThirdParty:1030 - CMSIS Pack Vendor :STMicroelectronics X-CUBE-AZRTOS-G4 2.0.0
2025-08-16 13:17:02,068 [INFO] ThirdParty:1030 - CMSIS Pack Vendor :Infineon AIROC-Wi-Fi-Bluetooth-STM32 1.7.1
2025-08-16 13:17:02,068 [INFO] ThirdParty:1030 - CMSIS Pack Vendor :STMicroelectronics X-CUBE-WB05N 2.0.0
2025-08-16 13:17:02,068 [INFO] ThirdParty:1030 - CMSIS Pack Vendor :wolfSSL I-CUBE-wolfTPM 3.8.0
2025-08-16 13:17:02,068 [INFO] ThirdParty:1030 - CMSIS Pack Vendor :STMicroelectronics X-CUBE-AZRTOS-H7 3.4.0
2025-08-16 13:17:02,068 [INFO] ThirdParty:1030 - CMSIS Pack Vendor :STMicroelectronics X-CUBE-DISPLAY 3.0.0
2025-08-16 13:17:02,068 [INFO] ThirdParty:1030 - CMSIS Pack Vendor :wolfSSL I-CUBE-wolfSSH 1.4.20
2025-08-16 13:17:02,068 [INFO] ThirdParty:1030 - CMSIS Pack Vendor :STMicroelectronics X-CUBE-NFC7 2.0.0
2025-08-16 13:17:02,068 [INFO] ThirdParty:1030 - CMSIS Pack Vendor :STMicroelectronics X-CUBE-TCPP 4.2.0
2025-08-16 13:17:02,068 [INFO] ThirdParty:1030 - CMSIS Pack Vendor :RealThread X-CUBE-RT-Thread_Nano 4.1.1
2025-08-16 13:17:02,068 [INFO] ThirdParty:1030 - CMSIS Pack Vendor :STMicroelectronics FP-ATR-SIGFOX1 3.2.0
2025-08-16 13:17:02,068 [INFO] ThirdParty:1030 - CMSIS Pack Vendor :STMicroelectronics X-CUBE-NFC10 1.0.0
2025-08-16 13:17:02,068 [INFO] ThirdParty:1030 - CMSIS Pack Vendor :STMicroelectronics X-CUBE-FREERTOS 1.3.1
2025-08-16 13:17:02,068 [INFO] ThirdParty:1030 - CMSIS Pack Vendor :STMicroelectronics X-CUBE-ALS 1.0.2
2025-08-16 13:17:02,068 [INFO] ThirdParty:1030 - CMSIS Pack Vendor :STMicroelectronics X-CUBE-IPS 3.1.0
2025-08-16 13:17:02,068 [INFO] ThirdParty:1030 - CMSIS Pack Vendor :emotas I-CUBE-CANOPEN 1.3.0
2025-08-16 13:17:02,068 [INFO] ThirdParty:1030 - CMSIS Pack Vendor :ITTIA_DB I-CUBE-ITTIADB 8.9.0
2025-08-16 13:17:02,068 [INFO] ThirdParty:1030 - CMSIS Pack Vendor :portGmbH I-Cube-SoM-uGOAL 1.1.0
2025-08-16 13:17:02,068 [INFO] ThirdParty:1030 - CMSIS Pack Vendor :STMicroelectronics X-CUBE-ST67W61 1.0.0
2025-08-16 13:17:02,068 [INFO] ThirdParty:1030 - CMSIS Pack Vendor :STMicroelectronics FP-SNS-STBOX1 2.1.0
2025-08-16 13:17:02,068 [INFO] ThirdParty:1030 - CMSIS Pack Vendor :STMicroelectronics FP-SNS-STAIOTCFT 1.0.0
2025-08-16 13:17:02,068 [INFO] ThirdParty:1030 - CMSIS Pack Vendor :STMicroelectronics X-CUBE-AI 10.2.0
2025-08-16 13:17:02,068 [INFO] ThirdParty:1030 - CMSIS Pack Vendor :STMicroelectronics FP-SNS-SMARTAG2 1.2.0
2025-08-16 13:17:02,068 [INFO] ThirdParty:1030 - CMSIS Pack Vendor :STMicroelectronics FP-SNS-FLIGHT1 5.1.0
2025-08-16 13:17:02,068 [INFO] ThirdParty:1030 - CMSIS Pack Vendor :STMicroelectronics X-CUBE-AZRTOS-WL 2.0.0
2025-08-16 13:17:02,068 [INFO] ThirdParty:1030 - CMSIS Pack Vendor :SEGGER I-CUBE-embOS 1.3.1
2025-08-16 13:17:02,068 [INFO] ThirdParty:1030 - CMSIS Pack Vendor :STMicroelectronics X-CUBE-DPower 1.3.0
2025-08-16 13:17:02,068 [INFO] ThirdParty:1030 - CMSIS Pack Vendor :STMicroelectronics X-CUBE-ALGOBUILD 1.4.0
2025-08-16 13:17:02,068 [INFO] ThirdParty:1030 - CMSIS Pack Vendor :STMicroelectronics X-CUBE-MEMS1 11.3.0
2025-08-16 13:17:02,068 [INFO] ThirdParty:1030 - CMSIS Pack Vendor :STMicroelectronics FP-SNS-MOTENV1 5.0.0
2025-08-16 13:17:02,070 [INFO] ThirdParty:1030 - CMSIS Pack Vendor :STMicroelectronics X-CUBE-AZRTOS-L4 2.0.0
2025-08-16 13:17:02,070 [INFO] ThirdParty:1030 - CMSIS Pack Vendor :WES I-CUBE-Cesium 1.3.0
2025-08-16 13:17:02,070 [INFO] ThirdParty:1030 - CMSIS Pack Vendor :STMicroelectronics X-CUBE-SFXS2LP1 4.0.0
2025-08-16 13:17:02,070 [INFO] ThirdParty:1030 - CMSIS Pack Vendor :STMicroelectronics X-CUBE-BLE2 3.3.0
2025-08-16 13:17:02,070 [INFO] ThirdParty:1030 - CMSIS Pack Vendor :STMicroelectronics X-CUBE-TOF1 3.4.3
2025-08-16 13:17:02,071 [INFO] LoadServerUpdatesThread:375 - End of LoadServerUpdate Thread
2025-08-16 13:17:02,231 [INFO] ApiDb:668 - CubeFinder database Data Model version=2.1
2025-08-16 13:17:02,231 [INFO] ApiDb:669 - CubeFinder database Configuration version=3.0.39
2025-08-16 13:17:02,231 [INFO] ApiDb:670 - CubeFinder database generation date=2025-06-24 (1750757100)
2025-08-16 13:17:02,231 [INFO] ApiDb:671 - CubeFinder database FW Pack versions=[FP-ATR-ASTRA1_V2.0.0, FP-SNS-FLIGHT1_V5.1.0, FP-SNS-MOTENV1_V5.0.0, FP-SNS-MOTENVWB1_V1.4.0, FP-SNS-SMARTAG2_V1.2.0, FP-SNS-STBOX1_V2.0.0, STM32Cube_FW_C0_V1.4.0, STM32Cube_FW_F4_V1.28.2, STM32Cube_FW_F7_V1.17.3, STM32Cube_FW_G0_V1.6.2, STM32Cube_FW_G4_V1.6.1, STM32Cube_FW_H5_V1.5.0, STM32Cube_FW_H7RS_V1.2.0, STM32Cube_FW_H7_V1.12.1, STM32Cube_FW_L0_V1.12.2, STM32Cube_FW_L4_V1.18.1, STM32Cube_FW_L5_V1.5.1, STM32Cube_FW_N6_V1.2.0, STM32Cube_FW_U0_V1.3.0, STM32Cube_FW_U3_V1.2.0, STM32Cube_FW_U5_V1.8.0, STM32Cube_FW_WB0_V1.3.0, STM32Cube_FW_WBA_V1.7.0, STM32Cube_FW_WB_V1.23.0, STM32Cube_FW_WL3_V1.2.0, STM32Cube_FW_WL_V1.3.1, X-CUBE-ALGOBUILD_V1.4.0, X-CUBE-ALS_V1.0.2, X-CUBE-AZRTOS-F4_V1.1.0, X-CUBE-AZRTOS-F7_V1.1.0, X-CUBE-AZRTOS-G0_V1.1.0, X-CUBE-AZRTOS-G4_V2.0.0, X-CUBE-AZRTOS-H7RS_V1.1.0, X-CUBE-AZRTOS-H7_V3.3.0, X-CUBE-AZRTOS-L4_V2.0.0, X-CUBE-AZRTOS-L5_V2.0.0, X-CUBE-AZRTOS-WB_V2.0.0, X-CUBE-AZRTOS-WL_V2.0.0, X-CUBE-BLE1_V7.1.0, X-CUBE-BLE2_V3.3.0, X-CUBE-BLEMGR_V4.0.0, X-CUBE-EEPRMA1_V5.1.0, X-CUBE-FREERTOS_V1.3.1, X-CUBE-GNSS1_V6.0.0, X-CUBE-MEMS1_V11.3.0, X-CUBE-NFC4_V3.0.0, X-CUBE-NFC7_V2.0.0, X-CUBE-SFXS2LP1_V4.0.0, X-CUBE-SUBG2_V5.0.0, X-CUBE-TOF1_V3.4.3]
2025-08-16 13:17:02,285 [INFO] DbBoardsSqlite:226 - include board P-NUCLEO-WB55-NUCLEO as a kit item of type 'Nucleo-64'
2025-08-16 13:17:02,286 [INFO] DbBoardsSqlite:226 - include board P-NUCLEO-WB55-USBDONGLE as a kit item of type 'Nucleo USB Dongle'
2025-08-16 13:17:02,286 [INFO] DbBoardsSqlite:226 - include board STEVAL-IDP005V1 as a kit item of type 'Evaluation Board'
2025-08-16 13:17:02,286 [INFO] DbBoardsSqlite:226 - include board STEVAL-IDP005V2 as a kit item of type 'Evaluation Board'
2025-08-16 13:17:02,345 [INFO] ApiDb:240 - Found 880 in-development CPN: [B-G473E-ZEST1S, B-WB1M-WPAN1, B-WBA5M-WPAN, B-WL5M-SUBG1, NUCLEO-C031C6, NUCLEO-C051C8, NUCLEO-C071RB, NUCLEO-C092RC, NUCLEO-H503RB, NUCLEO-H533RE, NUCLEO-H563ZI, NUCLEO-H7S3L8, NUCLEO-N657X0-Q, NUCLEO-U031R8, NUCLEO-U083RC, NUCLEO-U385RG-Q, NUCLEO-U545RE-Q, NUCLEO-U5A5ZJ-Q, NUCLEO-WB05KZ, NUCLEO-WB07CC, NUCLEO-WB09KE, NUCLEO-WBA52CG, NUCLEO-WBA55CG, NUCLEO-WL33CC1, NUCLEO-WL33CC2, STEVAL-PROTEUS1, STEVAL-SMARTAG2, STEVAL-STWINBX1, STM320518-EVAL, STM32C0116-DK, STM32C011D6Y3TR, STM32C011D6Y6TR, STM32C011F4P3, STM32C011F4P6, STM32C011F4U3, STM32C011F4U6TR, STM32C011F6P3, STM32C011F6P6, STM32C011F6U3, STM32C011F6U6TR, STM32C011J4M3, STM32C011J4M6, STM32C011J6M3, STM32C011J6M6, STM32C0316-DK, STM32C031C4T3, STM32C031C4T6, STM32C031C4U3, STM32C031C4U6, STM32C031C6T3, STM32C031C6T6, STM32C031C6U3, STM32C031C6U6, STM32C031F4P3, STM32C031F4P6, STM32C031F6P3, STM32C031F6P6, STM32C031G4U3, STM32C031G4U6, STM32C031G6U3, STM32C031G6U6, STM32C031K4T3, STM32C031K4T6, STM32C031K4U3, STM32C031K4U6, STM32C031K6T3, STM32C031K6T6, STM32C031K6U3, STM32C031K6U6, STM32C051C6T6, STM32C051C6U6, STM32C051C8T6, STM32C051C8U6, STM32C051D8Y6TR, STM32C051F6P6, STM32C051F8P6, STM32C051G6U6, STM32C051G8U6, STM32C051K6T6, STM32C051K6U6, STM32C051K8T6, STM32C071C8T6, STM32C071C8T6N, STM32C071C8U6, STM32C071C8U6N, STM32C071CBT6, STM32C071CBT6N, STM32C071CBU6, STM32C071CBU6N, STM32C071F8P6, STM32C071F8P6N, STM32C071FBP6, STM32C071FBP6N, STM32C071FBY6TR, STM32C071G8U6, STM32C071G8U6N, STM32C071GBU6, STM32C071GBU6N, STM32C071K8T6, STM32C071K8T6N, STM32C071K8U6, STM32C071K8U6N, STM32C071KBT6, STM32C071KBT6N, STM32C071KBU6, STM32C071KBU6N, STM32C071R8T6, STM32C071R8T6N, STM32C071RBI6N, STM32C071RBT6, STM32C071RBT6N, STM32C091CBT6, STM32C091CBU6, STM32C091CCT6, STM32C091CCU6, STM32C091ECY6TR, STM32C091FBP6, STM32C091FCP6, STM32C091GBU6, STM32C091GCU6, STM32C091KBT6, STM32C091KBU6, STM32C091KCT6, STM32C091KCU6, STM32C091RBT6, STM32C091RCI6, STM32C091RCT6, STM32C092CBT6, STM32C092CBU6, STM32C092CCT6, STM32C092CCU6, STM32C092ECY6TR, STM32C092FBP6, STM32C092FCP6, STM32C092GBU6, STM32C092GCU6, STM32C092KBT6, STM32C092KBU6, STM32C092KCT6, STM32C092KCU6, STM32C092RBT6, STM32C092RCI6, STM32C092RCT6, STM32G071K8TXN, STM32G071K8UXN, STM32G081GBU6N, STM32G081KBT6N, STM32G081KBUXN, STM32G0B1CCT6N, STM32G0B1KCT6, STM32G0B1NEY6TR, STM32G0B1RCT6N, STM32G0C1CCT6, STM32G0C1CCT6N, STM32G0C1CCU6N, STM32G0C1CET6N, STM32G0C1CEU6N, STM32G0C1KCT6, STM32G0C1NEY6TR, STM32G0C1RCI6N, STM32G0C1RCT6N, STM32G0C1REI6N, STM32G0C1RET6N, STM32G0C1VCI6, STM32G0C1VEI6, STM32G411C6T3, STM32G411C6T6, STM32G411C6U3, STM32G411C6U6, STM32G411C8T3, STM32G411C8T6, STM32G411C8U3, STM32G411C8U6, STM32G411CBT3, STM32G411CBT6, STM32G411CBU3, STM32G411CBU6, STM32G411K6T3, STM32G411K6T6, STM32G411K6U3, STM32G411K6U6, STM32G411K8T3, STM32G411K8T6, STM32G411K8U3, STM32G411K8U6, STM32G411KBT3, STM32G411KBT6, STM32G411KBU3, STM32G411KBU6, STM32G411M6T3, STM32G411M6T6, STM32G411M8T3, STM32G411M8T6, STM32G411MBT3, STM32G411MBT6, STM32G411R6T3, STM32G411R6T6, STM32G411R8T3, STM32G411R8T6, STM32G411RBT3, STM32G411RBT6, STM32G414CBT3, STM32G414CBT6, STM32G414CBU3, STM32G414CBU6, STM32G414CCT3, STM32G414CCT6, STM32G414CCU3, STM32G414CCU6, STM32G414MBT3, STM32G414MBT6, STM32G414MCT3, STM32G414MCT6, STM32G414RBT3, STM32G414RBT6, STM32G414RCT3, STM32G414RCT6, STM32G414VBT3, STM32G414VBT6, STM32G414VCT3, STM32G414VCT6, STM32G431CBT3Z, STM32G431RBT3Z, STM32G471CCT6, STM32G471CCU6, STM32G471CET3, STM32G471CET6, STM32G471CEU3, STM32G471CEU6, STM32G471MCT6, STM32G471MET3, STM32G471MET6, STM32G471MEY6TR, STM32G471QCT6, STM32G471QET3, STM32G471RCT6, STM32G471RET3, STM32G471RET6, STM32G471VCH6, STM32G471VCI6, STM32G471VCT6, STM32G471VEH3, STM32G471VEH6, STM32G471VEI3, STM32G471VEI6, STM32G471VET3, STM32G471VET6, STM32G473QET3Z, STM32G473RET3Z, STM32G474CCT6, STM32G491RET3Z, STM32H503CBT6, STM32H503CBU6, STM32H503EBY6TR, STM32H503KBU6, STM32H503RBT6, STM32H523CCT6, STM32H523CCU6, STM32H523CET6, STM32H523CEU6, STM32H523HEY6TR, STM32H523RCT6, STM32H523RET6, STM32H523VCI6, STM32H523VCT6, STM32H523VEI6, STM32H523VET6, STM32H523ZCJ6, STM32H523ZCT6, STM32H523ZEJ6, STM32H523ZET6, STM32H533CET6, STM32H533CEU6, STM32H533HEY6TR, STM32H533RET6, STM32H533VEI6, STM32H533VET6, STM32H533ZEJ6, STM32H533ZET6, STM32H562AGI6, STM32H562AII6, STM32H562IGK6, STM32H562IGT6, STM32H562IIK6, STM32H562IIT6, STM32H562RGT6, STM32H562RGV6, STM32H562RIT6, STM32H562RIV6, STM32H562VGT6, STM32H562VIT6, STM32H562ZGT6, STM32H562ZIT6, STM32H563AGI6, STM32H563AII3Q, STM32H563AII6, STM32H563IGK6, STM32H563IGT6, STM32H563IIK3Q, STM32H563IIK6, STM32H563IIT3Q, STM32H563IIT6, STM32H563MIY3QTR, STM32H563RGT6, STM32H563RGV6, STM32H563RIT6, STM32H563RIV6, STM32H563VGT6, STM32H563VIT3Q, STM32H563VIT6, STM32H563ZGT6, STM32H563ZIT3Q, STM32H563ZIT6, STM32H573AII3Q, STM32H573AII6, STM32H573I-DK, STM32H573IIK3Q, STM32H573IIK6, STM32H573IIT3Q, STM32H573IIT6, STM32H573MIY3QTR, STM32H573RIT6, STM32H573RIV6, STM32H573VIT3Q, STM32H573VIT6, STM32H573ZIT3Q, STM32H573ZIT6, STM32H7R3A8I6, STM32H7R3I8K6, STM32H7R3I8T6, STM32H7R3L8H6, STM32H7R3L8H6H, STM32H7R3R8V6, STM32H7R3V8H6, STM32H7R3V8T6, STM32H7R3V8Y6TR, STM32H7R3Z8J6, STM32H7R3Z8T6, STM32H7R7A8I6, STM32H7R7I8K6, STM32H7R7I8T6, STM32H7R7L8H6, STM32H7R7L8H6H, STM32H7R7Z8J6, STM32H7S3A8I6, STM32H7S3I8K6, STM32H7S3I8T6, STM32H7S3L8H6, STM32H7S3L8H6H, STM32H7S3R8V6, STM32H7S3V8H6, STM32H7S3V8T6, STM32H7S3V8Y6TR, STM32H7S3Z8J6, STM32H7S3Z8T6, STM32H7S78-DK, STM32H7S7A8I6, STM32H7S7I8K6, STM32H7S7I8T6, STM32H7S7L8H6, STM32H7S7L8H6H, STM32H7S7Z8J6, STM32L4R5QGI6STR, STM32MP131AAE3, STM32MP131AAF3, STM32MP131AAG3, STM32MP131CAE3, STM32MP131CAF3, STM32MP131CAG3, STM32MP131DAE7, STM32MP131DAF7, STM32MP131DAG7, STM32MP131FAE7, STM32MP131FAF7, STM32MP131FAG7, STM32MP133AAE3, STM32MP133AAF3, STM32MP133AAG3, STM32MP133CAE3, STM32MP133CAF3, STM32MP133CAG3, STM32MP133DAE7, STM32MP133DAF7, STM32MP133DAG7, STM32MP133FAE7, STM32MP133FAF7, STM32MP133FAG7, STM32MP135AAE3, STM32MP135AAF3, STM32MP135AAG3, STM32MP135CAE3, STM32MP135CAF3, STM32MP135CAG3, STM32MP135DAE7, STM32MP135DAF7, STM32MP135DAG7, STM32MP135F-DK, STM32MP135FAE7, STM32MP135FAF7, STM32MP135FAF7T, STM32MP135FAF7U, STM32MP135FAG7, STM32MP211AAL3, STM32MP211AAM3, STM32MP211AAN3, STM32MP211AAO3, STM32MP211CAL3, STM32MP211CAM3, STM32MP211CAN3, STM32MP211CAO3, STM32MP211DAL3, STM32MP211DAM3, STM32MP211DAN3, STM32MP211DAO3, STM32MP211FAL3, STM32MP211FAM3, STM32MP211FAN3, STM32MP211FAO3, STM32MP213AAL3, STM32MP213AAM3, STM32MP213AAN3, STM32MP213AAO3, STM32MP213CAL3, STM32MP213CAM3, STM32MP213CAN3, STM32MP213CAO3, STM32MP213DAL3, STM32MP213DAM3, STM32MP213DAN3, STM32MP213DAO3, STM32MP213FAL3, STM32MP213FAM3, STM32MP213FAN3, STM32MP213FAO3, STM32MP215AAL3, STM32MP215AAM3, STM32MP215AAN3, STM32MP215AAO3, STM32MP215CAL3, STM32MP215CAM3, STM32MP215CAN3, STM32MP215CAO3, STM32MP215DAL3, STM32MP215DAM3, STM32MP215DAN3, STM32MP215DAO3, STM32MP215F-DK, STM32MP215FAL3, STM32MP215FAM3, STM32MP215FAN3, STM32MP215FAO3, STM32MP231AAJ3, STM32MP231AAK3, STM32MP231AAL3, STM32MP231CAJ3, STM32MP231CAK3, STM32MP231CAL3, STM32MP231DAJ3, STM32MP231DAK3, STM32MP231DAL3, STM32MP231FAJ3, STM32MP231FAK3, STM32MP231FAL3, STM32MP233AAJ3, STM32MP233AAK3, STM32MP233AAL3, STM32MP233CAJ3, STM32MP233CAK3, STM32MP233CAL3, STM32MP233DAJ3, STM32MP233DAK3, STM32MP233DAL3, STM32MP233FAJ3, STM32MP233FAK3, STM32MP233FAL3, STM32MP235AAJ3, STM32MP235AAK3, STM32MP235AAL3, STM32MP235CAJ3, STM32MP235CAK3, STM32MP235CAL3, STM32MP235DAJ3, STM32MP235DAK3, STM32MP235DAL3, STM32MP235FAJ3, STM32MP235FAK3, STM32MP235FAL3, STM32MP251AAI3, STM32MP251AAK3, STM32MP251AAL3, STM32MP251CAI3, STM32MP251CAK3, STM32MP251CAL3, STM32MP251DAI3, STM32MP251DAK3, STM32MP251DAL3, STM32MP251FAI3, STM32MP251FAK3, STM32MP251FAL3, STM32MP253AAI3, STM32MP253AAK3, STM32MP253AAL3, STM32MP253CAI3, STM32MP253CAK3, STM32MP253CAL3, STM32MP253DAI3, STM32MP253DAK3, STM32MP253DAL3, STM32MP253FAI3, STM32MP253FAK3, STM32MP253FAL3, STM32MP255AAI3, STM32MP255AAK3, STM32MP255AAL3, STM32MP255CAI3, STM32MP255CAK3, STM32MP255CAL3, STM32MP255DAI3, STM32MP255DAK3, STM32MP255DAL3, STM32MP255FAI3, STM32MP255FAK3, STM32MP255FAL3, STM32MP257AAI3, STM32MP257AAK3, STM32MP257AAL3, STM32MP257CAI3, STM32MP257CAK3, STM32MP257CAL3, STM32MP257DAI3, STM32MP257DAK3, STM32MP257DAL3, STM32MP257F-DK, STM32MP257F-EV1, STM32MP257FAI3, STM32MP257FAK3, STM32MP257FAL3, STM32N645A0H3Q, STM32N645B0H3Q, STM32N645I0H3Q, STM32N645L0H3Q, STM32N645X0H3Q, STM32N645Z0H3Q, STM32N647A0H3Q, STM32N647B0H3Q, STM32N647I0H3Q, STM32N647L0H3Q, STM32N647X0H3Q, STM32N647Z0H3Q, STM32N655A0H3Q, STM32N655B0H3Q, STM32N655I0H3Q, STM32N655L0H3Q, STM32N655X0H3Q, STM32N655Z0H3Q, STM32N6570-DK, STM32N657A0H3Q, STM32N657B0H3Q, STM32N657I0H3Q, STM32N657L0H3Q, STM32N657X0H3Q, STM32N657Z0H3Q, STM32U031C6T6, STM32U031C6U6, STM32U031C8T6, STM32U031C8U6, STM32U031F4P6, STM32U031F6P6, STM32U031F8P6, STM32U031G6Y6TR, STM32U031G8Y6TR, STM32U031K4U6, STM32U031K6U6, STM32U031K8U6, STM32U031R6I6, STM32U031R6T6, STM32U031R8I6, STM32U031R8T6, STM32U073C8T6, STM32U073C8U6, STM32U073CBT6, STM32U073CBU6, STM32U073CCT6, STM32U073CCU6, STM32U073H8Y6TR, STM32U073HBY6TR, STM32U073HCY6TR, STM32U073K8U6, STM32U073KBU6, STM32U073KCU6, STM32U073M8I6, STM32U073M8T6, STM32U073MBI6, STM32U073MBT6, STM32U073MCI6, STM32U073MCT6, STM32U073R8I6, STM32U073R8T6, STM32U073RBI6, STM32U073RBT6, STM32U073RCI6, STM32U073RCT6, STM32U083C-DK, STM32U083CCT6, STM32U083CCU6, STM32U083HCY6TR, STM32U083KCU6, STM32U083MCI6, STM32U083MCT6, STM32U083RCI6, STM32U083RCT6, STM32U375CET6, STM32U375CET6Q, STM32U375CEU6, STM32U375CEU6Q, STM32U375CEY6QTR, STM32U375CGT6, STM32U375CGT6Q, STM32U375CGU6, STM32U375CGU6Q, STM32U375CGY6QTR, STM32U375KEU6, STM32U375KGU6, STM32U375REI6, STM32U375REI6Q, STM32U375RET6, STM32U375RET6Q, STM32U375REY6GTR, STM32U375REY6QTR, STM32U375RGI6, STM32U375RGI6Q, STM32U375RGT6, STM32U375RGT6Q, STM32U375RGY6GTR, STM32U375RGY6QTR, STM32U375VEI6, STM32U375VEI6Q, STM32U375VET6, STM32U375VET6Q, STM32U375VGI6, STM32U375VGI6Q, STM32U375VGT6, STM32U375VGT6Q, STM32U385CGT6, STM32U385CGT6Q, STM32U385CGU6, STM32U385CGU6Q, STM32U385CGY6QTR, STM32U385KGU6, STM32U385RGI6, STM32U385RGI6Q, STM32U385RGT6, STM32U385RGT6Q, STM32U385RGY6GTR, STM32U385RGY6QTR, STM32U385VGI6, STM32U385VGI6Q, STM32U385VGT6, STM32U385VGT6Q, STM32U535CBT6, STM32U535CBT6Q, STM32U535CBU6, STM32U535CBU6Q, STM32U535CCT6, STM32U535CCT6Q, STM32U535CCU6, STM32U535CCU6Q, STM32U535CET6, STM32U535CET6Q, STM32U535CEU6, STM32U535CEU6Q, STM32U535JEY6QTR, STM32U535NCY6QTR, STM32U535NEY6QTR, STM32U535RBI6, STM32U535RBI6Q, STM32U535RBT6, STM32U535RBT6Q, STM32U535RCI6, STM32U535RCI6Q, STM32U535RCT6, STM32U535RCT6Q, STM32U535REI6, STM32U535REI6Q, STM32U535RET6, STM32U535RET6Q, STM32U535VCI6, STM32U535VCI6Q, STM32U535VCT6, STM32U535VCT6Q, STM32U535VEI6, STM32U535VEI6Q, STM32U535VET6, STM32U535VET6Q, STM32U545CET6, STM32U545CET6Q, STM32U545CEU6, STM32U545CEU6Q, STM32U545JEY6QTR, STM32U545NEY6QTR, STM32U545REI6, STM32U545REI6Q, STM32U545RET6, STM32U545RET6Q, STM32U545VEI6, STM32U545VEI6Q, STM32U545VET6, STM32U545VET6Q, STM32U595AIH6, STM32U595AIH6Q, STM32U595AJH6, STM32U595AJH6Q, STM32U595QII6, STM32U595QII6Q, STM32U595QJI6, STM32U595QJI6Q, STM32U595RIT6, STM32U595RIT6Q, STM32U595RJT6, STM32U595RJT6Q, STM32U595VIT6, STM32U595VIT6Q, STM32U595VJT6, STM32U595VJT6Q, STM32U595ZIT6, STM32U595ZIT6Q, STM32U595ZIY6QTR, STM32U595ZJT6, STM32U595ZJT6Q, STM32U595ZJY6QTR, STM32U599BJY6QTR, STM32U599NIH6Q, STM32U599NJH6Q, STM32U599VIT6Q, STM32U599VJT6, STM32U599VJT6Q, STM32U599ZIT6Q, STM32U599ZIY6QTR, STM32U599ZJT6Q, STM32U599ZJY6QTR, STM32U5A5AJH6, STM32U5A5AJH6Q, STM32U5A5QII3Q , STM32U5A5QJI6, STM32U5A5QJI6Q, STM32U5A5RJT6, STM32U5A5RJT6Q, STM32U5A5VJT6, STM32U5A5VJT6Q, STM32U5A5ZJT6, STM32U5A5ZJT6Q, STM32U5A5ZJY6QTR, STM32U5A9BJY6QTR, STM32U5A9J-DK, STM32U5A9NJH6Q, STM32U5A9VJT6Q, STM32U5A9ZJT6Q, STM32U5A9ZJY6QTR, STM32U5F7VIT6, STM32U5F7VIT6Q, STM32U5F7VJT6, STM32U5F7VJT6Q, STM32U5F9BJY6QTR, STM32U5F9NJH6Q, STM32U5F9VIT6Q, STM32U5F9VJT6Q, STM32U5F9ZIJ6QTR, STM32U5F9ZIT6Q, STM32U5F9ZJJ6QTR, STM32U5F9ZJT6Q, STM32U5G7VJT6, STM32U5G7VJT6Q, STM32U5G9BJY6QTR, STM32U5G9J-DK1, STM32U5G9J-DK2, STM32U5G9NJH6Q, STM32U5G9VJT6Q, STM32U5G9ZJJ6QTR, STM32U5G9ZJT6Q, STM32WB05KZV6TR, STM32WB05KZV7TR, STM32WB05TZF6TR, STM32WB05TZF7TR, STM32WB06CCF6TR, STM32WB06CCF7TR, STM32WB06CCV6TR, STM32WB06CCV7TR, STM32WB06KCV6TR, STM32WB06KCV7TR, STM32WB07CCF6TR, STM32WB07CCF7TR, STM32WB07CCV6TR, STM32WB07CCV7TR, STM32WB07KCV6TR, STM32WB07KCV7TR, STM32WB09KEV6TR, STM32WB09KEV7TR, STM32WB09TEF6TR, STM32WB09TEF7TR, STM32WB1MMCH6, STM32WBA50KGU6, STM32WBA50KGU6TR, STM32WBA52CEU6, STM32WBA52CEU6TR, STM32WBA52CEU7, STM32WBA52CEU7TR, STM32WBA52CGU6, STM32WBA52CGU6TR, STM32WBA52CGU6U, STM32WBA52CGU7, STM32WBA52CGU7TR, STM32WBA52KEU6, STM32WBA52KEU6TR, STM32WBA52KGU6, STM32WBA52KGU6TR, STM32WBA54CEU6, STM32WBA54CEU6TR, STM32WBA54CEU7, STM32WBA54CEU7TR, STM32WBA54CGU6, STM32WBA54CGU6TR, STM32WBA54CGU7, STM32WBA54CGU7TR, STM32WBA54KEU6, STM32WBA54KEU6TR, STM32WBA54KEU7, STM32WBA54KEU7TR, STM32WBA54KGU6, STM32WBA54KGU6TR, STM32WBA54KGU7, STM32WBA54KGU7TR, STM32WBA55CEU6, STM32WBA55CEU6TR, STM32WBA55CEU7, STM32WBA55CEU7TR, STM32WBA55CGU6, STM32WBA55CGU6TR, STM32WBA55CGU6U, STM32WBA55CGU7, STM32WBA55CGU7TR, STM32WBA55G-DK1, STM32WBA55HEF6, STM32WBA55HEF7, STM32WBA55HGF6, STM32WBA55HGF7, STM32WBA55UEI6, STM32WBA55UEI6TR, STM32WBA55UEI7, STM32WBA55UEI7TR, STM32WBA55UGI6, STM32WBA55UGI6TR, STM32WBA55UGI7, STM32WBA55UGI7TR, STM32WBA5MMGH6TR, STM32WBA62MGF6, STM32WBA62MIF6, STM32WBA65MGF7, STM32WBA65MIF6, STM32WBA65MIF7, STM32WL30K8V6, STM32WL30KBV6, STM32WL31C8V6, STM32WL31CBV6, STM32WL31K8V6, STM32WL31KBV6, STM32WL33C8V6, STM32WL33C8V6X, STM32WL33CBV6, STM32WL33CBV6X, STM32WL33CCV6, STM32WL33CCV6A, STM32WL33CCV6X, STM32WL33K8V7, STM32WL33K8V7X, STM32WL33KBV7 , STM32WL33KBV7X, STM32WL33KCV7, STM32WL33KCV7X, STM32WL5MOCH6, STM32WL5MOCH6TR]
2025-08-16 13:17:02,582 [INFO] BoardInfo:889 - No configuration file found for board P-NUCLEO-WB55
2025-08-16 13:17:02,583 [INFO] DbBoards:161 - Kit is not supported: P-NUCLEO-WB55
2025-08-16 13:17:02,589 [INFO] BoardInfo:889 - No configuration file found for board STEVAL-BFA001V1B
2025-08-16 13:17:02,591 [INFO] DbBoards:161 - Kit is not supported: STEVAL-BFA001V1B
2025-08-16 13:17:02,592 [INFO] BoardInfo:889 - No configuration file found for board STEVAL-BFA001V2B
2025-08-16 13:17:02,593 [INFO] DbBoards:161 - Kit is not supported: STEVAL-BFA001V2B
2025-08-16 13:17:02,881 [INFO] DbBoards:168 - Found 212 boards, 209 are supported
2025-08-16 13:17:02,882 [INFO] DbBoards:169 - Found 212 boards, 43 of them is supported for  Bsp
2025-08-16 13:17:02,884 [INFO] ApiDb:414 - User favorites file not found: C:\Users\Thorin/.stm32cubeide/favorites.boards.txt
2025-08-16 13:17:02,884 [INFO] DbBoards:198 - Set 0 / 0 favorites Boards
2025-08-16 13:17:02,884 [INFO] McuFinderGlobals:76 - Set McuFinderConnectedMode to true
2025-08-16 13:17:02,895 [INFO] MultiScanPanel:200 - Auto-refresh data requested => check proxy status ongoing
2025-08-16 13:17:02,898 [INFO] FinderPluginLoader:96 - Searching for filters in installed packs
2025-08-16 13:17:04,611 [INFO] ServerAccessManage:452 - Complete download http(s) 200
2025-08-16 13:17:04,611 [INFO] ServerAccessManage:509 - Download File 
2025-08-16 13:17:04,699 [INFO] LoadUrlFilesThread:185 - End of LoadServerUrlFiles without Thread
2025-08-16 13:17:04,716 [INFO] DetailPanel:341 - Set advertising image to C:/Users/Thorin/STM32Cube/Repository/\en.Prom_NBSTM32U50921.jpg
2025-08-16 13:17:06,243 [INFO] MultiScanPanel:200 - Auto-refresh data requested => check proxy status ongoing
2025-08-16 13:17:06,488 [INFO] LoadUrlFilesThread:185 - End of LoadServerUrlFiles without Thread
2025-08-16 13:17:06,490 [INFO] DetailPanel:341 - Set advertising image to C:/Users/Thorin/STM32Cube/Repository/\en.Prom_NBSTM32U50921.jpg
2025-08-16 13:17:06,513 [INFO] DbBoards:642 - Loading board mini-images...
2025-08-16 13:17:09,902 [ERROR] DbBoards:659 - Image file not found for board STM32MP215F-DK: C:\Users\Thorin\.stmcufinder\plugins\mcufinder//mcu//boards_images/STM32MP215F-DK.jpg
2025-08-16 13:17:10,028 [INFO] DbBoards:665 - Loaded 211 board mini-images
2025-08-16 13:17:10,108 [INFO] MultiScanPanel:200 - Auto-refresh data requested => check proxy status ongoing
2025-08-16 13:17:10,113 [INFO] ApiDb:668 - CubeFinder database Data Model version=2.1
2025-08-16 13:17:10,113 [INFO] ApiDb:669 - CubeFinder database Configuration version=3.0.39
2025-08-16 13:17:10,113 [INFO] ApiDb:670 - CubeFinder database generation date=2025-06-24 (1750757100)
2025-08-16 13:17:10,113 [INFO] ApiDb:671 - CubeFinder database FW Pack versions=[FP-ATR-ASTRA1_V2.0.0, FP-SNS-FLIGHT1_V5.1.0, FP-SNS-MOTENV1_V5.0.0, FP-SNS-MOTENVWB1_V1.4.0, FP-SNS-SMARTAG2_V1.2.0, FP-SNS-STBOX1_V2.0.0, STM32Cube_FW_C0_V1.4.0, STM32Cube_FW_F4_V1.28.2, STM32Cube_FW_F7_V1.17.3, STM32Cube_FW_G0_V1.6.2, STM32Cube_FW_G4_V1.6.1, STM32Cube_FW_H5_V1.5.0, STM32Cube_FW_H7RS_V1.2.0, STM32Cube_FW_H7_V1.12.1, STM32Cube_FW_L0_V1.12.2, STM32Cube_FW_L4_V1.18.1, STM32Cube_FW_L5_V1.5.1, STM32Cube_FW_N6_V1.2.0, STM32Cube_FW_U0_V1.3.0, STM32Cube_FW_U3_V1.2.0, STM32Cube_FW_U5_V1.8.0, STM32Cube_FW_WB0_V1.3.0, STM32Cube_FW_WBA_V1.7.0, STM32Cube_FW_WB_V1.23.0, STM32Cube_FW_WL3_V1.2.0, STM32Cube_FW_WL_V1.3.1, X-CUBE-ALGOBUILD_V1.4.0, X-CUBE-ALS_V1.0.2, X-CUBE-AZRTOS-F4_V1.1.0, X-CUBE-AZRTOS-F7_V1.1.0, X-CUBE-AZRTOS-G0_V1.1.0, X-CUBE-AZRTOS-G4_V2.0.0, X-CUBE-AZRTOS-H7RS_V1.1.0, X-CUBE-AZRTOS-H7_V3.3.0, X-CUBE-AZRTOS-L4_V2.0.0, X-CUBE-AZRTOS-L5_V2.0.0, X-CUBE-AZRTOS-WB_V2.0.0, X-CUBE-AZRTOS-WL_V2.0.0, X-CUBE-BLE1_V7.1.0, X-CUBE-BLE2_V3.3.0, X-CUBE-BLEMGR_V4.0.0, X-CUBE-EEPRMA1_V5.1.0, X-CUBE-FREERTOS_V1.3.1, X-CUBE-GNSS1_V6.0.0, X-CUBE-MEMS1_V11.3.0, X-CUBE-NFC4_V3.0.0, X-CUBE-NFC7_V2.0.0, X-CUBE-SFXS2LP1_V4.0.0, X-CUBE-SUBG2_V5.0.0, X-CUBE-TOF1_V3.4.3]
2025-08-16 13:17:10,869 [ERROR] DbExamplesSqlite:437 - Missing JSON key: board_cpn
2025-08-16 13:17:10,869 [ERROR] DbExamplesSqlite:437 - Missing JSON key: board_cpn
2025-08-16 13:17:10,870 [ERROR] DbExamplesSqlite:437 - Missing JSON key: board_cpn
2025-08-16 13:17:10,870 [ERROR] DbExamplesSqlite:437 - Missing JSON key: board_cpn
2025-08-16 13:17:11,042 [ERROR] DbExamplesSqlite:437 - Missing JSON key: board_cpn
2025-08-16 13:17:11,042 [ERROR] DbExamplesSqlite:437 - Missing JSON key: board_cpn
2025-08-16 13:17:11,042 [ERROR] DbExamplesSqlite:437 - Missing JSON key: board_cpn
2025-08-16 13:17:11,043 [ERROR] DbExamplesSqlite:437 - Missing JSON key: board_cpn
2025-08-16 13:17:11,043 [ERROR] DbExamplesSqlite:437 - Missing JSON key: board_cpn
2025-08-16 13:17:11,043 [ERROR] DbExamplesSqlite:437 - Missing JSON key: board_cpn
2025-08-16 13:17:11,043 [ERROR] DbExamplesSqlite:437 - Missing JSON key: board_cpn
2025-08-16 13:17:11,043 [ERROR] DbExamplesSqlite:437 - Missing JSON key: board_cpn
2025-08-16 13:17:11,043 [ERROR] DbExamplesSqlite:437 - Missing JSON key: board_cpn
2025-08-16 13:17:11,211 [ERROR] DbExamplesSqlite:437 - Missing JSON key: board_cpn
2025-08-16 13:17:11,273 [INFO] DbExamplesSqlite:395 - Ignored 33 examples not supported by CubeIDE
2025-08-16 13:17:11,274 [INFO] DbExamplesSqlite:396 - Found 10854 examples active
2025-08-16 13:17:11,274 [INFO] DbExamplesSqlite:397 - Found 0 examples obsolete
2025-08-16 13:17:11,275 [INFO] DbExamplesSqlite:398 - Found 0 examples under development
2025-08-16 13:17:11,275 [INFO] DbExamplesSqlite:399 - Found 65 examples not building
2025-08-16 13:17:11,279 [INFO] DbExamples:125 - Found 10886 examples
2025-08-16 13:17:11,307 [INFO] DbExamples:222 - Found 133 boards with related examples
2025-08-16 13:17:11,308 [INFO] DbExamples:235 - Found 110 MCUs with related examples
2025-08-16 13:17:11,349 [INFO] ApiDb:414 - User favorites file not found: C:\Users\Thorin/.stm32cubeide/favorites.examples.txt
2025-08-16 13:17:11,350 [INFO] DbExamples:250 - Set 0 / 0 favorites Examples
2025-08-16 13:17:12,893 [INFO] SoftwarePacks:127 - Download is needed for SW pack 'FP-ATR-ASTRA1_V2.0.0'
2025-08-16 13:17:12,894 [INFO] SoftwarePacks:127 - Download is needed for SW pack 'FP-SNS-FLIGHT1_V5.1.0'
2025-08-16 13:17:12,894 [INFO] SoftwarePacks:127 - Download is needed for SW pack 'FP-SNS-MOTENV1_V5.0.0'
2025-08-16 13:17:12,894 [INFO] SoftwarePacks:127 - Download is needed for SW pack 'FP-SNS-MOTENVWB1_V1.4.0'
2025-08-16 13:17:12,894 [INFO] SoftwarePacks:127 - Download is needed for SW pack 'FP-SNS-SMARTAG2_V1.2.0'
2025-08-16 13:17:12,894 [INFO] SoftwarePacks:127 - Download is needed for SW pack 'FP-SNS-STBOX1_V2.0.0'
2025-08-16 13:17:12,897 [INFO] SoftwarePacks:127 - Download is needed for SW pack 'STM32Cube_FW_C0_V1.4.0'
2025-08-16 13:17:12,898 [INFO] SoftwarePacks:127 - Download is needed for SW pack 'STM32Cube_FW_F4_V1.28.2'
2025-08-16 13:17:12,899 [INFO] SoftwarePacks:127 - Download is needed for SW pack 'STM32Cube_FW_F7_V1.17.3'
2025-08-16 13:17:12,901 [INFO] SoftwarePacks:127 - Download is needed for SW pack 'STM32Cube_FW_G0_V1.6.2'
2025-08-16 13:17:12,902 [INFO] SoftwarePacks:127 - Download is needed for SW pack 'STM32Cube_FW_G4_V1.6.1'
2025-08-16 13:17:12,904 [INFO] SoftwarePacks:127 - Download is needed for SW pack 'STM32Cube_FW_H5_V1.5.0'
2025-08-16 13:17:12,905 [INFO] SoftwarePacks:127 - Download is needed for SW pack 'STM32Cube_FW_H7RS_V1.2.0'
2025-08-16 13:17:12,907 [INFO] SoftwarePacks:127 - Download is needed for SW pack 'STM32Cube_FW_H7_V1.12.1'
2025-08-16 13:17:12,908 [INFO] SoftwarePacks:127 - Download is needed for SW pack 'STM32Cube_FW_L0_V1.12.2'
2025-08-16 13:17:12,910 [INFO] SoftwarePacks:127 - Download is needed for SW pack 'STM32Cube_FW_L4_V1.18.1'
2025-08-16 13:17:12,912 [INFO] SoftwarePacks:127 - Download is needed for SW pack 'STM32Cube_FW_L5_V1.5.1'
2025-08-16 13:17:12,912 [INFO] SoftwarePacks:127 - Download is needed for SW pack 'STM32Cube_FW_N6_V1.2.0'
2025-08-16 13:17:12,914 [INFO] SoftwarePacks:127 - Download is needed for SW pack 'STM32Cube_FW_U0_V1.3.0'
2025-08-16 13:17:12,915 [INFO] SoftwarePacks:127 - Download is needed for SW pack 'STM32Cube_FW_U3_V1.2.0'
2025-08-16 13:17:12,916 [INFO] SoftwarePacks:127 - Download is needed for SW pack 'STM32Cube_FW_U5_V1.8.0'
2025-08-16 13:17:12,917 [INFO] SoftwarePacks:127 - Download is needed for SW pack 'STM32Cube_FW_WB0_V1.3.0'
2025-08-16 13:17:12,918 [INFO] SoftwarePacks:127 - Download is needed for SW pack 'STM32Cube_FW_WBA_V1.7.0'
2025-08-16 13:17:12,920 [INFO] SoftwarePacks:127 - Download is needed for SW pack 'STM32Cube_FW_WB_V1.23.0'
2025-08-16 13:17:12,922 [INFO] SoftwarePacks:127 - Download is needed for SW pack 'STM32Cube_FW_WL3_V1.2.0'
2025-08-16 13:17:12,924 [INFO] SoftwarePacks:127 - Download is needed for SW pack 'STM32Cube_FW_WL_V1.3.1'
2025-08-16 13:17:12,925 [INFO] SoftwarePacks:127 - Download is needed for SW pack 'X-CUBE-ALGOBUILD_V1.4.0'
2025-08-16 13:17:12,925 [INFO] SoftwarePacks:127 - Download is needed for SW pack 'X-CUBE-ALS_V1.0.2'
2025-08-16 13:17:12,925 [INFO] SoftwarePacks:127 - Download is needed for SW pack 'X-CUBE-AZRTOS-F4_V1.1.0'
2025-08-16 13:17:12,925 [INFO] SoftwarePacks:127 - Download is needed for SW pack 'X-CUBE-AZRTOS-F7_V1.1.0'
2025-08-16 13:17:12,926 [INFO] SoftwarePacks:127 - Download is needed for SW pack 'X-CUBE-AZRTOS-G0_V1.1.0'
2025-08-16 13:17:12,926 [INFO] SoftwarePacks:127 - Download is needed for SW pack 'X-CUBE-AZRTOS-G4_V2.0.0'
2025-08-16 13:17:12,926 [INFO] SoftwarePacks:127 - Download is needed for SW pack 'X-CUBE-AZRTOS-H7RS_V1.1.0'
2025-08-16 13:17:12,926 [INFO] SoftwarePacks:127 - Download is needed for SW pack 'X-CUBE-AZRTOS-H7_V3.3.0'
2025-08-16 13:17:12,926 [INFO] SoftwarePacks:127 - Download is needed for SW pack 'X-CUBE-AZRTOS-L4_V2.0.0'
2025-08-16 13:17:12,926 [INFO] SoftwarePacks:127 - Download is needed for SW pack 'X-CUBE-AZRTOS-L5_V2.0.0'
2025-08-16 13:17:12,926 [INFO] SoftwarePacks:127 - Download is needed for SW pack 'X-CUBE-AZRTOS-WB_V2.0.0'
2025-08-16 13:17:12,926 [INFO] SoftwarePacks:127 - Download is needed for SW pack 'X-CUBE-AZRTOS-WL_V2.0.0'
2025-08-16 13:17:12,926 [INFO] SoftwarePacks:127 - Download is needed for SW pack 'X-CUBE-BLE1_V7.1.0'
2025-08-16 13:17:12,927 [INFO] SoftwarePacks:127 - Download is needed for SW pack 'X-CUBE-BLE2_V3.3.0'
2025-08-16 13:17:12,927 [INFO] SoftwarePacks:127 - Download is needed for SW pack 'X-CUBE-BLEMGR_V4.0.0'
2025-08-16 13:17:12,927 [INFO] SoftwarePacks:127 - Download is needed for SW pack 'X-CUBE-EEPRMA1_V5.1.0'
2025-08-16 13:17:12,927 [INFO] SoftwarePacks:127 - Download is needed for SW pack 'X-CUBE-FREERTOS_V1.3.1'
2025-08-16 13:17:12,927 [INFO] SoftwarePacks:127 - Download is needed for SW pack 'X-CUBE-GNSS1_V6.0.0'
2025-08-16 13:17:12,927 [INFO] SoftwarePacks:127 - Download is needed for SW pack 'X-CUBE-MEMS1_V11.3.0'
2025-08-16 13:17:12,927 [INFO] SoftwarePacks:127 - Download is needed for SW pack 'X-CUBE-NFC4_V3.0.0'
2025-08-16 13:17:12,927 [INFO] SoftwarePacks:127 - Download is needed for SW pack 'X-CUBE-NFC7_V2.0.0'
2025-08-16 13:17:12,927 [INFO] SoftwarePacks:127 - Download is needed for SW pack 'X-CUBE-SFXS2LP1_V4.0.0'
2025-08-16 13:17:12,927 [INFO] SoftwarePacks:127 - Download is needed for SW pack 'X-CUBE-SUBG2_V5.0.0'
2025-08-16 13:17:12,928 [INFO] SoftwarePacks:127 - Download is needed for SW pack 'X-CUBE-TOF1_V3.4.3'
2025-08-16 13:17:16,094 [INFO] LoadUrlFilesThread:185 - End of LoadServerUrlFiles without Thread
2025-08-16 13:17:16,094 [INFO] DetailPanel:341 - Set advertising image to C:/Users/Thorin/STM32Cube/Repository/\en.Prom_NBSTM32U50921.jpg
2025-08-16 13:17:18,578 [ERROR] AppliInfo:139 - Unknown STM32CubeMX version: 6.12.1
2025-08-16 13:19:32,558 [INFO] MetaSearchPanel:329 - Expand all filters sections
2025-08-16 13:19:33,975 [INFO] MetaSearchPanel:329 - Expand all filters sections
2025-08-16 13:19:35,209 [INFO] MetaSearchPanel:329 - Collapse all filters sections
2025-08-16 13:23:40,700 [INFO] McuFinderGlobals:76 - Set McuFinderConnectedMode to true
2025-08-16 13:23:41,019 [INFO] ApiDb:448 - Save user favorites file C:\Users\Thorin/.stm32cubeide/favorites.mcus.txt: 0 item(s)
2025-08-16 13:23:41,019 [INFO] ApiDb:452 - User favorites MCUs=[]
2025-08-16 13:23:41,023 [INFO] ApiDb:448 - Save user favorites file C:\Users\Thorin/.stm32cubeide/favorites.boards.txt: 0 item(s)
2025-08-16 13:23:41,023 [INFO] ApiDb:452 - User favorites Boards=[]
2025-08-16 13:23:41,027 [INFO] ApiDb:448 - Save user favorites file C:\Users\Thorin/.stm32cubeide/favorites.examples.txt: 0 item(s)
2025-08-16 13:23:41,027 [INFO] ApiDb:452 - User favorites Examples=[]
2025-08-16 13:27:14,295 [INFO] MainUpdater:2872 - connection check result : 10
2025-08-16 13:27:14,296 [INFO] McuFinderGlobals:76 - Set McuFinderConnectedMode to true
2025-08-16 13:27:14,740 [INFO] ServerAccessManage:452 - Complete download http(s) 200
2025-08-16 13:27:14,741 [INFO] ServerAccessManage:509 - Download File mcusAds.json._tmp_
2025-08-16 13:27:14,868 [INFO] LoadUrlFilesThread:156 - End of LoadUrlFiles Thread
2025-08-16 13:27:15,351 [INFO] ServerAccessManage:452 - Complete download http(s) 200
2025-08-16 13:27:15,352 [INFO] ServerAccessManage:509 - Download File cube-finder-db.zip
2025-08-16 13:27:16,976 [INFO] FileExtend:248 - Unzip File : cube-finder-db.zip
2025-08-16 13:27:16,977 [INFO] FileExtend:263 - Standard Zip Deflate
2025-08-16 13:27:17,790 [INFO] LoadUrlFilesThread:156 - End of LoadUrlFiles Thread
2025-08-16 13:27:18,824 [INFO] ServerAccessManage:452 - Complete download http(s) 200
2025-08-16 13:27:18,824 [INFO] ServerAccessManage:509 - Download File crdb.zip
2025-08-16 13:27:19,609 [INFO] FileExtend:248 - Unzip File : crdb.zip
2025-08-16 13:27:19,609 [INFO] FileExtend:263 - Standard Zip Deflate
2025-08-16 13:27:19,757 [INFO] LoadUrlFilesThread:156 - End of LoadUrlFiles Thread
2025-08-16 13:27:19,864 [INFO] ServerAccessManage:452 - Complete download http(s) 200
2025-08-16 13:27:19,865 [INFO] ServerAccessManage:509 - Download File tutoVideoDB.zip
2025-08-16 13:27:19,868 [INFO] FileExtend:248 - Unzip File : tutoVideoDB.zip
2025-08-16 13:27:19,869 [INFO] FileExtend:263 - Standard Zip Deflate
2025-08-16 13:27:20,001 [INFO] LoadUrlFilesThread:156 - End of LoadUrlFiles Thread
2025-08-16 13:27:20,006 [WARN] DbFile:41 - Overriding database path with different value: C:\Users\Thorin\.stmcufinder\plugins\mcufinder/ => C:\Users\Thorin\.stmcufinder\plugins\mcufinder
2025-08-16 13:27:20,111 [INFO] ServerAccessManage:452 - Complete download http(s) 200
2025-08-16 13:27:20,112 [INFO] ServerAccessManage:509 - Download File api_config.json
2025-08-16 13:27:20,235 [INFO] LoadUrlFilesThread:156 - End of LoadUrlFiles Thread
2025-08-16 13:27:20,236 [INFO] DbMcusAds:53 - JSON generation date=Tue Jul 08 02:14:23 MDT 2025 (1751962463582)
2025-08-16 13:27:20,241 [INFO] ApiDb:448 - Save user favorites file C:\Users\Thorin/.stm32cubeide/favorites.mcus.txt: 0 item(s)
2025-08-16 13:27:20,241 [INFO] ApiDb:452 - User favorites MCUs=[]
2025-08-16 13:27:20,242 [INFO] ApiDb:581 - Connected to CubeFinder SQLite database (C:\Users\Thorin\.stmcufinder\plugins\mcufinder\mcu\cube-finder-db.db)
2025-08-16 13:27:20,297 [INFO] ApiDb:668 - CubeFinder database Data Model version=2.1
2025-08-16 13:27:20,297 [INFO] ApiDb:669 - CubeFinder database Configuration version=3.0.39
2025-08-16 13:27:20,297 [INFO] ApiDb:670 - CubeFinder database generation date=2025-07-24 (1753349077)
2025-08-16 13:27:20,297 [INFO] ApiDb:671 - CubeFinder database FW Pack versions=[FP-ATR-ASTRA1_V2.0.0, FP-SNS-FLIGHT1_V5.1.0, FP-SNS-MOTENV1_V5.0.0, FP-SNS-MOTENVWB1_V1.4.0, FP-SNS-SMARTAG2_V1.2.0, FP-SNS-STBOX1_V2.0.0, STM32Cube_FW_C0_V1.4.0, STM32Cube_FW_F4_V1.28.2, STM32Cube_FW_F7_V1.17.3, STM32Cube_FW_G0_V1.6.2, STM32Cube_FW_G4_V1.6.1, STM32Cube_FW_H5_V1.5.0, STM32Cube_FW_H7RS_V1.2.0, STM32Cube_FW_H7_V1.12.1, STM32Cube_FW_L0_V1.12.2, STM32Cube_FW_L4_V1.18.1, STM32Cube_FW_L5_V1.5.1, STM32Cube_FW_N6_V1.2.0, STM32Cube_FW_U0_V1.3.0, STM32Cube_FW_U3_V1.2.0, STM32Cube_FW_U5_V1.8.0, STM32Cube_FW_WB0_V1.3.0, STM32Cube_FW_WBA_V1.7.0, STM32Cube_FW_WB_V1.23.0, STM32Cube_FW_WL3_V1.2.0, STM32Cube_FW_WL_V1.3.1, X-CUBE-ALGOBUILD_V1.4.0, X-CUBE-ALS_V1.0.2, X-CUBE-AZRTOS-F4_V1.1.0, X-CUBE-AZRTOS-F7_V1.1.0, X-CUBE-AZRTOS-G0_V1.1.0, X-CUBE-AZRTOS-G4_V2.0.0, X-CUBE-AZRTOS-H7RS_V1.1.0, X-CUBE-AZRTOS-H7_V3.4.0, X-CUBE-AZRTOS-L4_V2.0.0, X-CUBE-AZRTOS-L5_V2.0.0, X-CUBE-AZRTOS-WB_V2.0.0, X-CUBE-AZRTOS-WL_V2.0.0, X-CUBE-BLE1_V7.1.0, X-CUBE-BLE2_V3.3.0, X-CUBE-BLEMGR_V4.1.0, X-CUBE-EEPRMA1_V5.2.0, X-CUBE-FREERTOS_V1.3.1, X-CUBE-GNSS1_V6.0.0, X-CUBE-MEMS1_V11.3.0, X-CUBE-NFC4_V3.0.0, X-CUBE-NFC7_V2.0.0, X-CUBE-SFXS2LP1_V4.0.0, X-CUBE-ST67W61_V1.0.0, X-CUBE-SUBG2_V5.0.0, X-CUBE-TOF1_V3.4.3]
2025-08-16 13:27:21,797 [INFO] ApiDb:240 - Found 880 in-development CPN: [B-G473E-ZEST1S, B-WB1M-WPAN1, B-WBA5M-WPAN, B-WL5M-SUBG1, NUCLEO-C031C6, NUCLEO-C051C8, NUCLEO-C071RB, NUCLEO-C092RC, NUCLEO-H503RB, NUCLEO-H533RE, NUCLEO-H563ZI, NUCLEO-H7S3L8, NUCLEO-N657X0-Q, NUCLEO-U031R8, NUCLEO-U083RC, NUCLEO-U385RG-Q, NUCLEO-U545RE-Q, NUCLEO-U5A5ZJ-Q, NUCLEO-WB05KZ, NUCLEO-WB07CC, NUCLEO-WB09KE, NUCLEO-WBA52CG, NUCLEO-WBA55CG, NUCLEO-WL33CC1, NUCLEO-WL33CC2, STEVAL-PROTEUS1, STEVAL-SMARTAG2, STEVAL-STWINBX1, STM320518-EVAL, STM32C0116-DK, STM32C011D6Y3TR, STM32C011D6Y6TR, STM32C011F4P3, STM32C011F4P6, STM32C011F4U3, STM32C011F4U6TR, STM32C011F6P3, STM32C011F6P6, STM32C011F6U3, STM32C011F6U6TR, STM32C011J4M3, STM32C011J4M6, STM32C011J6M3, STM32C011J6M6, STM32C0316-DK, STM32C031C4T3, STM32C031C4T6, STM32C031C4U3, STM32C031C4U6, STM32C031C6T3, STM32C031C6T6, STM32C031C6U3, STM32C031C6U6, STM32C031F4P3, STM32C031F4P6, STM32C031F6P3, STM32C031F6P6, STM32C031G4U3, STM32C031G4U6, STM32C031G6U3, STM32C031G6U6, STM32C031K4T3, STM32C031K4T6, STM32C031K4U3, STM32C031K4U6, STM32C031K6T3, STM32C031K6T6, STM32C031K6U3, STM32C031K6U6, STM32C051C6T6, STM32C051C6U6, STM32C051C8T6, STM32C051C8U6, STM32C051D8Y6TR, STM32C051F6P6, STM32C051F8P6, STM32C051G6U6, STM32C051G8U6, STM32C051K6T6, STM32C051K6U6, STM32C051K8T6, STM32C071C8T6, STM32C071C8T6N, STM32C071C8U6, STM32C071C8U6N, STM32C071CBT6, STM32C071CBT6N, STM32C071CBU6, STM32C071CBU6N, STM32C071F8P6, STM32C071F8P6N, STM32C071FBP6, STM32C071FBP6N, STM32C071FBY6TR, STM32C071G8U6, STM32C071G8U6N, STM32C071GBU6, STM32C071GBU6N, STM32C071K8T6, STM32C071K8T6N, STM32C071K8U6, STM32C071K8U6N, STM32C071KBT6, STM32C071KBT6N, STM32C071KBU6, STM32C071KBU6N, STM32C071R8T6, STM32C071R8T6N, STM32C071RBI6N, STM32C071RBT6, STM32C071RBT6N, STM32C091CBT6, STM32C091CBU6, STM32C091CCT6, STM32C091CCU6, STM32C091ECY6TR, STM32C091FBP6, STM32C091FCP6, STM32C091GBU6, STM32C091GCU6, STM32C091KBT6, STM32C091KBU6, STM32C091KCT6, STM32C091KCU6, STM32C091RBT6, STM32C091RCI6, STM32C091RCT6, STM32C092CBT6, STM32C092CBU6, STM32C092CCT6, STM32C092CCU6, STM32C092ECY6TR, STM32C092FBP6, STM32C092FCP6, STM32C092GBU6, STM32C092GCU6, STM32C092KBT6, STM32C092KBU6, STM32C092KCT6, STM32C092KCU6, STM32C092RBT6, STM32C092RCI6, STM32C092RCT6, STM32G071K8TXN, STM32G071K8UXN, STM32G081GBU6N, STM32G081KBT6N, STM32G081KBUXN, STM32G0B1CCT6N, STM32G0B1KCT6, STM32G0B1NEY6TR, STM32G0B1RCT6N, STM32G0C1CCT6, STM32G0C1CCT6N, STM32G0C1CCU6N, STM32G0C1CET6N, STM32G0C1CEU6N, STM32G0C1KCT6, STM32G0C1NEY6TR, STM32G0C1RCI6N, STM32G0C1RCT6N, STM32G0C1REI6N, STM32G0C1RET6N, STM32G0C1VCI6, STM32G0C1VEI6, STM32G411C6T3, STM32G411C6T6, STM32G411C6U3, STM32G411C6U6, STM32G411C8T3, STM32G411C8T6, STM32G411C8U3, STM32G411C8U6, STM32G411CBT3, STM32G411CBT6, STM32G411CBU3, STM32G411CBU6, STM32G411K6T3, STM32G411K6T6, STM32G411K6U3, STM32G411K6U6, STM32G411K8T3, STM32G411K8T6, STM32G411K8U3, STM32G411K8U6, STM32G411KBT3, STM32G411KBT6, STM32G411KBU3, STM32G411KBU6, STM32G411M6T3, STM32G411M6T6, STM32G411M8T3, STM32G411M8T6, STM32G411MBT3, STM32G411MBT6, STM32G411R6T3, STM32G411R6T6, STM32G411R8T3, STM32G411R8T6, STM32G411RBT3, STM32G411RBT6, STM32G414CBT3, STM32G414CBT6, STM32G414CBU3, STM32G414CBU6, STM32G414CCT3, STM32G414CCT6, STM32G414CCU3, STM32G414CCU6, STM32G414MBT3, STM32G414MBT6, STM32G414MCT3, STM32G414MCT6, STM32G414RBT3, STM32G414RBT6, STM32G414RCT3, STM32G414RCT6, STM32G414VBT3, STM32G414VBT6, STM32G414VCT3, STM32G414VCT6, STM32G431CBT3Z, STM32G431RBT3Z, STM32G471CCT6, STM32G471CCU6, STM32G471CET3, STM32G471CET6, STM32G471CEU3, STM32G471CEU6, STM32G471MCT6, STM32G471MET3, STM32G471MET6, STM32G471MEY6TR, STM32G471QCT6, STM32G471QET3, STM32G471RCT6, STM32G471RET3, STM32G471RET6, STM32G471VCH6, STM32G471VCI6, STM32G471VCT6, STM32G471VEH3, STM32G471VEH6, STM32G471VEI3, STM32G471VEI6, STM32G471VET3, STM32G471VET6, STM32G473QET3Z, STM32G473RET3Z, STM32G474CCT6, STM32G491RET3Z, STM32H503CBT6, STM32H503CBU6, STM32H503EBY6TR, STM32H503KBU6, STM32H503RBT6, STM32H523CCT6, STM32H523CCU6, STM32H523CET6, STM32H523CEU6, STM32H523HEY6TR, STM32H523RCT6, STM32H523RET6, STM32H523VCI6, STM32H523VCT6, STM32H523VEI6, STM32H523VET6, STM32H523ZCJ6, STM32H523ZCT6, STM32H523ZEJ6, STM32H523ZET6, STM32H533CET6, STM32H533CEU6, STM32H533HEY6TR, STM32H533RET6, STM32H533VEI6, STM32H533VET6, STM32H533ZEJ6, STM32H533ZET6, STM32H562AGI6, STM32H562AII6, STM32H562IGK6, STM32H562IGT6, STM32H562IIK6, STM32H562IIT6, STM32H562RGT6, STM32H562RGV6, STM32H562RIT6, STM32H562RIV6, STM32H562VGT6, STM32H562VIT6, STM32H562ZGT6, STM32H562ZIT6, STM32H563AGI6, STM32H563AII3Q, STM32H563AII6, STM32H563IGK6, STM32H563IGT6, STM32H563IIK3Q, STM32H563IIK6, STM32H563IIT3Q, STM32H563IIT6, STM32H563MIY3QTR, STM32H563RGT6, STM32H563RGV6, STM32H563RIT6, STM32H563RIV6, STM32H563VGT6, STM32H563VIT3Q, STM32H563VIT6, STM32H563ZGT6, STM32H563ZIT3Q, STM32H563ZIT6, STM32H573AII3Q, STM32H573AII6, STM32H573I-DK, STM32H573IIK3Q, STM32H573IIK6, STM32H573IIT3Q, STM32H573IIT6, STM32H573MIY3QTR, STM32H573RIT6, STM32H573RIV6, STM32H573VIT3Q, STM32H573VIT6, STM32H573ZIT3Q, STM32H573ZIT6, STM32H7R3A8I6, STM32H7R3I8K6, STM32H7R3I8T6, STM32H7R3L8H6, STM32H7R3L8H6H, STM32H7R3R8V6, STM32H7R3V8H6, STM32H7R3V8T6, STM32H7R3V8Y6TR, STM32H7R3Z8J6, STM32H7R3Z8T6, STM32H7R7A8I6, STM32H7R7I8K6, STM32H7R7I8T6, STM32H7R7L8H6, STM32H7R7L8H6H, STM32H7R7Z8J6, STM32H7S3A8I6, STM32H7S3I8K6, STM32H7S3I8T6, STM32H7S3L8H6, STM32H7S3L8H6H, STM32H7S3R8V6, STM32H7S3V8H6, STM32H7S3V8T6, STM32H7S3V8Y6TR, STM32H7S3Z8J6, STM32H7S3Z8T6, STM32H7S78-DK, STM32H7S7A8I6, STM32H7S7I8K6, STM32H7S7I8T6, STM32H7S7L8H6, STM32H7S7L8H6H, STM32H7S7Z8J6, STM32L4R5QGI6STR, STM32MP131AAE3, STM32MP131AAF3, STM32MP131AAG3, STM32MP131CAE3, STM32MP131CAF3, STM32MP131CAG3, STM32MP131DAE7, STM32MP131DAF7, STM32MP131DAG7, STM32MP131FAE7, STM32MP131FAF7, STM32MP131FAG7, STM32MP133AAE3, STM32MP133AAF3, STM32MP133AAG3, STM32MP133CAE3, STM32MP133CAF3, STM32MP133CAG3, STM32MP133DAE7, STM32MP133DAF7, STM32MP133DAG7, STM32MP133FAE7, STM32MP133FAF7, STM32MP133FAG7, STM32MP135AAE3, STM32MP135AAF3, STM32MP135AAG3, STM32MP135CAE3, STM32MP135CAF3, STM32MP135CAG3, STM32MP135DAE7, STM32MP135DAF7, STM32MP135DAG7, STM32MP135F-DK, STM32MP135FAE7, STM32MP135FAF7, STM32MP135FAF7T, STM32MP135FAF7U, STM32MP135FAG7, STM32MP211AAL3, STM32MP211AAM3, STM32MP211AAN3, STM32MP211AAO3, STM32MP211CAL3, STM32MP211CAM3, STM32MP211CAN3, STM32MP211CAO3, STM32MP211DAL3, STM32MP211DAM3, STM32MP211DAN3, STM32MP211DAO3, STM32MP211FAL3, STM32MP211FAM3, STM32MP211FAN3, STM32MP211FAO3, STM32MP213AAL3, STM32MP213AAM3, STM32MP213AAN3, STM32MP213AAO3, STM32MP213CAL3, STM32MP213CAM3, STM32MP213CAN3, STM32MP213CAO3, STM32MP213DAL3, STM32MP213DAM3, STM32MP213DAN3, STM32MP213DAO3, STM32MP213FAL3, STM32MP213FAM3, STM32MP213FAN3, STM32MP213FAO3, STM32MP215AAL3, STM32MP215AAM3, STM32MP215AAN3, STM32MP215AAO3, STM32MP215CAL3, STM32MP215CAM3, STM32MP215CAN3, STM32MP215CAO3, STM32MP215DAL3, STM32MP215DAM3, STM32MP215DAN3, STM32MP215DAO3, STM32MP215F-DK, STM32MP215FAL3, STM32MP215FAM3, STM32MP215FAN3, STM32MP215FAO3, STM32MP231AAJ3, STM32MP231AAK3, STM32MP231AAL3, STM32MP231CAJ3, STM32MP231CAK3, STM32MP231CAL3, STM32MP231DAJ3, STM32MP231DAK3, STM32MP231DAL3, STM32MP231FAJ3, STM32MP231FAK3, STM32MP231FAL3, STM32MP233AAJ3, STM32MP233AAK3, STM32MP233AAL3, STM32MP233CAJ3, STM32MP233CAK3, STM32MP233CAL3, STM32MP233DAJ3, STM32MP233DAK3, STM32MP233DAL3, STM32MP233FAJ3, STM32MP233FAK3, STM32MP233FAL3, STM32MP235AAJ3, STM32MP235AAK3, STM32MP235AAL3, STM32MP235CAJ3, STM32MP235CAK3, STM32MP235CAL3, STM32MP235DAJ3, STM32MP235DAK3, STM32MP235DAL3, STM32MP235FAJ3, STM32MP235FAK3, STM32MP235FAL3, STM32MP251AAI3, STM32MP251AAK3, STM32MP251AAL3, STM32MP251CAI3, STM32MP251CAK3, STM32MP251CAL3, STM32MP251DAI3, STM32MP251DAK3, STM32MP251DAL3, STM32MP251FAI3, STM32MP251FAK3, STM32MP251FAL3, STM32MP253AAI3, STM32MP253AAK3, STM32MP253AAL3, STM32MP253CAI3, STM32MP253CAK3, STM32MP253CAL3, STM32MP253DAI3, STM32MP253DAK3, STM32MP253DAL3, STM32MP253FAI3, STM32MP253FAK3, STM32MP253FAL3, STM32MP255AAI3, STM32MP255AAK3, STM32MP255AAL3, STM32MP255CAI3, STM32MP255CAK3, STM32MP255CAL3, STM32MP255DAI3, STM32MP255DAK3, STM32MP255DAL3, STM32MP255FAI3, STM32MP255FAK3, STM32MP255FAL3, STM32MP257AAI3, STM32MP257AAK3, STM32MP257AAL3, STM32MP257CAI3, STM32MP257CAK3, STM32MP257CAL3, STM32MP257DAI3, STM32MP257DAK3, STM32MP257DAL3, STM32MP257F-DK, STM32MP257F-EV1, STM32MP257FAI3, STM32MP257FAK3, STM32MP257FAL3, STM32N645A0H3Q, STM32N645B0H3Q, STM32N645I0H3Q, STM32N645L0H3Q, STM32N645X0H3Q, STM32N645Z0H3Q, STM32N647A0H3Q, STM32N647B0H3Q, STM32N647I0H3Q, STM32N647L0H3Q, STM32N647X0H3Q, STM32N647Z0H3Q, STM32N655A0H3Q, STM32N655B0H3Q, STM32N655I0H3Q, STM32N655L0H3Q, STM32N655X0H3Q, STM32N655Z0H3Q, STM32N6570-DK, STM32N657A0H3Q, STM32N657B0H3Q, STM32N657I0H3Q, STM32N657L0H3Q, STM32N657X0H3Q, STM32N657Z0H3Q, STM32U031C6T6, STM32U031C6U6, STM32U031C8T6, STM32U031C8U6, STM32U031F4P6, STM32U031F6P6, STM32U031F8P6, STM32U031G6Y6TR, STM32U031G8Y6TR, STM32U031K4U6, STM32U031K6U6, STM32U031K8U6, STM32U031R6I6, STM32U031R6T6, STM32U031R8I6, STM32U031R8T6, STM32U073C8T6, STM32U073C8U6, STM32U073CBT6, STM32U073CBU6, STM32U073CCT6, STM32U073CCU6, STM32U073H8Y6TR, STM32U073HBY6TR, STM32U073HCY6TR, STM32U073K8U6, STM32U073KBU6, STM32U073KCU6, STM32U073M8I6, STM32U073M8T6, STM32U073MBI6, STM32U073MBT6, STM32U073MCI6, STM32U073MCT6, STM32U073R8I6, STM32U073R8T6, STM32U073RBI6, STM32U073RBT6, STM32U073RCI6, STM32U073RCT6, STM32U083C-DK, STM32U083CCT6, STM32U083CCU6, STM32U083HCY6TR, STM32U083KCU6, STM32U083MCI6, STM32U083MCT6, STM32U083RCI6, STM32U083RCT6, STM32U375CET6, STM32U375CET6Q, STM32U375CEU6, STM32U375CEU6Q, STM32U375CEY6QTR, STM32U375CGT6, STM32U375CGT6Q, STM32U375CGU6, STM32U375CGU6Q, STM32U375CGY6QTR, STM32U375KEU6, STM32U375KGU6, STM32U375REI6, STM32U375REI6Q, STM32U375RET6, STM32U375RET6Q, STM32U375REY6GTR, STM32U375REY6QTR, STM32U375RGI6, STM32U375RGI6Q, STM32U375RGT6, STM32U375RGT6Q, STM32U375RGY6GTR, STM32U375RGY6QTR, STM32U375VEI6, STM32U375VEI6Q, STM32U375VET6, STM32U375VET6Q, STM32U375VGI6, STM32U375VGI6Q, STM32U375VGT6, STM32U375VGT6Q, STM32U385CGT6, STM32U385CGT6Q, STM32U385CGU6, STM32U385CGU6Q, STM32U385CGY6QTR, STM32U385KGU6, STM32U385RGI6, STM32U385RGI6Q, STM32U385RGT6, STM32U385RGT6Q, STM32U385RGY6GTR, STM32U385RGY6QTR, STM32U385VGI6, STM32U385VGI6Q, STM32U385VGT6, STM32U385VGT6Q, STM32U535CBT6, STM32U535CBT6Q, STM32U535CBU6, STM32U535CBU6Q, STM32U535CCT6, STM32U535CCT6Q, STM32U535CCU6, STM32U535CCU6Q, STM32U535CET6, STM32U535CET6Q, STM32U535CEU6, STM32U535CEU6Q, STM32U535JEY6QTR, STM32U535NCY6QTR, STM32U535NEY6QTR, STM32U535RBI6, STM32U535RBI6Q, STM32U535RBT6, STM32U535RBT6Q, STM32U535RCI6, STM32U535RCI6Q, STM32U535RCT6, STM32U535RCT6Q, STM32U535REI6, STM32U535REI6Q, STM32U535RET6, STM32U535RET6Q, STM32U535VCI6, STM32U535VCI6Q, STM32U535VCT6, STM32U535VCT6Q, STM32U535VEI6, STM32U535VEI6Q, STM32U535VET6, STM32U535VET6Q, STM32U545CET6, STM32U545CET6Q, STM32U545CEU6, STM32U545CEU6Q, STM32U545JEY6QTR, STM32U545NEY6QTR, STM32U545REI6, STM32U545REI6Q, STM32U545RET6, STM32U545RET6Q, STM32U545VEI6, STM32U545VEI6Q, STM32U545VET6, STM32U545VET6Q, STM32U595AIH6, STM32U595AIH6Q, STM32U595AJH6, STM32U595AJH6Q, STM32U595QII6, STM32U595QII6Q, STM32U595QJI6, STM32U595QJI6Q, STM32U595RIT6, STM32U595RIT6Q, STM32U595RJT6, STM32U595RJT6Q, STM32U595VIT6, STM32U595VIT6Q, STM32U595VJT6, STM32U595VJT6Q, STM32U595ZIT6, STM32U595ZIT6Q, STM32U595ZIY6QTR, STM32U595ZJT6, STM32U595ZJT6Q, STM32U595ZJY6QTR, STM32U599BJY6QTR, STM32U599NIH6Q, STM32U599NJH6Q, STM32U599VIT6Q, STM32U599VJT6, STM32U599VJT6Q, STM32U599ZIT6Q, STM32U599ZIY6QTR, STM32U599ZJT6Q, STM32U599ZJY6QTR, STM32U5A5AJH6, STM32U5A5AJH6Q, STM32U5A5QII3Q , STM32U5A5QJI6, STM32U5A5QJI6Q, STM32U5A5RJT6, STM32U5A5RJT6Q, STM32U5A5VJT6, STM32U5A5VJT6Q, STM32U5A5ZJT6, STM32U5A5ZJT6Q, STM32U5A5ZJY6QTR, STM32U5A9BJY6QTR, STM32U5A9J-DK, STM32U5A9NJH6Q, STM32U5A9VJT6Q, STM32U5A9ZJT6Q, STM32U5A9ZJY6QTR, STM32U5F7VIT6, STM32U5F7VIT6Q, STM32U5F7VJT6, STM32U5F7VJT6Q, STM32U5F9BJY6QTR, STM32U5F9NJH6Q, STM32U5F9VIT6Q, STM32U5F9VJT6Q, STM32U5F9ZIJ6QTR, STM32U5F9ZIT6Q, STM32U5F9ZJJ6QTR, STM32U5F9ZJT6Q, STM32U5G7VJT6, STM32U5G7VJT6Q, STM32U5G9BJY6QTR, STM32U5G9J-DK1, STM32U5G9J-DK2, STM32U5G9NJH6Q, STM32U5G9VJT6Q, STM32U5G9ZJJ6QTR, STM32U5G9ZJT6Q, STM32WB05KZV6TR, STM32WB05KZV7TR, STM32WB05TZF6TR, STM32WB05TZF7TR, STM32WB06CCF6TR, STM32WB06CCF7TR, STM32WB06CCV6TR, STM32WB06CCV7TR, STM32WB06KCV6TR, STM32WB06KCV7TR, STM32WB07CCF6TR, STM32WB07CCF7TR, STM32WB07CCV6TR, STM32WB07CCV7TR, STM32WB07KCV6TR, STM32WB07KCV7TR, STM32WB09KEV6TR, STM32WB09KEV7TR, STM32WB09TEF6TR, STM32WB09TEF7TR, STM32WB1MMCH6, STM32WBA50KGU6, STM32WBA50KGU6TR, STM32WBA52CEU6, STM32WBA52CEU6TR, STM32WBA52CEU7, STM32WBA52CEU7TR, STM32WBA52CGU6, STM32WBA52CGU6TR, STM32WBA52CGU6U, STM32WBA52CGU7, STM32WBA52CGU7TR, STM32WBA52KEU6, STM32WBA52KEU6TR, STM32WBA52KGU6, STM32WBA52KGU6TR, STM32WBA54CEU6, STM32WBA54CEU6TR, STM32WBA54CEU7, STM32WBA54CEU7TR, STM32WBA54CGU6, STM32WBA54CGU6TR, STM32WBA54CGU7, STM32WBA54CGU7TR, STM32WBA54KEU6, STM32WBA54KEU6TR, STM32WBA54KEU7, STM32WBA54KEU7TR, STM32WBA54KGU6, STM32WBA54KGU6TR, STM32WBA54KGU7, STM32WBA54KGU7TR, STM32WBA55CEU6, STM32WBA55CEU6TR, STM32WBA55CEU7, STM32WBA55CEU7TR, STM32WBA55CGU6, STM32WBA55CGU6TR, STM32WBA55CGU6U, STM32WBA55CGU7, STM32WBA55CGU7TR, STM32WBA55G-DK1, STM32WBA55HEF6, STM32WBA55HEF7, STM32WBA55HGF6, STM32WBA55HGF7, STM32WBA55UEI6, STM32WBA55UEI6TR, STM32WBA55UEI7, STM32WBA55UEI7TR, STM32WBA55UGI6, STM32WBA55UGI6TR, STM32WBA55UGI7, STM32WBA55UGI7TR, STM32WBA5MMGH6TR, STM32WBA62MGF6, STM32WBA62MIF6, STM32WBA65MGF7, STM32WBA65MIF6, STM32WBA65MIF7, STM32WL30K8V6, STM32WL30KBV6, STM32WL31C8V6, STM32WL31CBV6, STM32WL31K8V6, STM32WL31KBV6, STM32WL33C8V6, STM32WL33C8V6X, STM32WL33CBV6, STM32WL33CBV6X, STM32WL33CCV6, STM32WL33CCV6A, STM32WL33CCV6X, STM32WL33K8V7, STM32WL33K8V7X, STM32WL33KBV7 , STM32WL33KBV7X, STM32WL33KCV7, STM32WL33KCV7X, STM32WL5MOCH6, STM32WL5MOCH6TR]
2025-08-16 13:27:21,801 [INFO] DbMcus:218 - Found 4801 MCUs, 4801 are supported
2025-08-16 13:27:21,802 [INFO] ApiDb:423 - Load user favorites file C:\Users\Thorin/.stm32cubeide/favorites.mcus.txt: 0 item(s)
2025-08-16 13:27:21,802 [INFO] ApiDb:427 - User favorites MCUs=[]
2025-08-16 13:27:21,802 [INFO] DbMcus:224 - Set 0 / 0 favorites MCUs
2025-08-16 13:27:22,062 [INFO] ApiDb:448 - Save user favorites file C:\Users\Thorin/.stm32cubeide/favorites.boards.txt: 0 item(s)
2025-08-16 13:27:22,062 [INFO] ApiDb:452 - User favorites Boards=[]
2025-08-16 13:27:22,064 [INFO] ApiDb:581 - Connected to CubeFinder SQLite database (C:\Users\Thorin\.stmcufinder\plugins\mcufinder\mcu\cube-finder-db.db)
2025-08-16 13:27:22,114 [INFO] ApiDb:668 - CubeFinder database Data Model version=2.1
2025-08-16 13:27:22,114 [INFO] ApiDb:669 - CubeFinder database Configuration version=3.0.39
2025-08-16 13:27:22,114 [INFO] ApiDb:670 - CubeFinder database generation date=2025-07-24 (1753349077)
2025-08-16 13:27:22,114 [INFO] ApiDb:671 - CubeFinder database FW Pack versions=[FP-ATR-ASTRA1_V2.0.0, FP-SNS-FLIGHT1_V5.1.0, FP-SNS-MOTENV1_V5.0.0, FP-SNS-MOTENVWB1_V1.4.0, FP-SNS-SMARTAG2_V1.2.0, FP-SNS-STBOX1_V2.0.0, STM32Cube_FW_C0_V1.4.0, STM32Cube_FW_F4_V1.28.2, STM32Cube_FW_F7_V1.17.3, STM32Cube_FW_G0_V1.6.2, STM32Cube_FW_G4_V1.6.1, STM32Cube_FW_H5_V1.5.0, STM32Cube_FW_H7RS_V1.2.0, STM32Cube_FW_H7_V1.12.1, STM32Cube_FW_L0_V1.12.2, STM32Cube_FW_L4_V1.18.1, STM32Cube_FW_L5_V1.5.1, STM32Cube_FW_N6_V1.2.0, STM32Cube_FW_U0_V1.3.0, STM32Cube_FW_U3_V1.2.0, STM32Cube_FW_U5_V1.8.0, STM32Cube_FW_WB0_V1.3.0, STM32Cube_FW_WBA_V1.7.0, STM32Cube_FW_WB_V1.23.0, STM32Cube_FW_WL3_V1.2.0, STM32Cube_FW_WL_V1.3.1, X-CUBE-ALGOBUILD_V1.4.0, X-CUBE-ALS_V1.0.2, X-CUBE-AZRTOS-F4_V1.1.0, X-CUBE-AZRTOS-F7_V1.1.0, X-CUBE-AZRTOS-G0_V1.1.0, X-CUBE-AZRTOS-G4_V2.0.0, X-CUBE-AZRTOS-H7RS_V1.1.0, X-CUBE-AZRTOS-H7_V3.4.0, X-CUBE-AZRTOS-L4_V2.0.0, X-CUBE-AZRTOS-L5_V2.0.0, X-CUBE-AZRTOS-WB_V2.0.0, X-CUBE-AZRTOS-WL_V2.0.0, X-CUBE-BLE1_V7.1.0, X-CUBE-BLE2_V3.3.0, X-CUBE-BLEMGR_V4.1.0, X-CUBE-EEPRMA1_V5.2.0, X-CUBE-FREERTOS_V1.3.1, X-CUBE-GNSS1_V6.0.0, X-CUBE-MEMS1_V11.3.0, X-CUBE-NFC4_V3.0.0, X-CUBE-NFC7_V2.0.0, X-CUBE-SFXS2LP1_V4.0.0, X-CUBE-ST67W61_V1.0.0, X-CUBE-SUBG2_V5.0.0, X-CUBE-TOF1_V3.4.3]
2025-08-16 13:27:22,154 [INFO] DbBoardsSqlite:226 - include board P-NUCLEO-WB55-NUCLEO as a kit item of type 'Nucleo-64'
2025-08-16 13:27:22,155 [INFO] DbBoardsSqlite:226 - include board P-NUCLEO-WB55-USBDONGLE as a kit item of type 'Nucleo USB Dongle'
2025-08-16 13:27:22,155 [INFO] DbBoardsSqlite:226 - include board STEVAL-IDP005V1 as a kit item of type 'Evaluation Board'
2025-08-16 13:27:22,155 [INFO] DbBoardsSqlite:226 - include board STEVAL-IDP005V2 as a kit item of type 'Evaluation Board'
2025-08-16 13:27:22,208 [INFO] ApiDb:240 - Found 880 in-development CPN: [B-G473E-ZEST1S, B-WB1M-WPAN1, B-WBA5M-WPAN, B-WL5M-SUBG1, NUCLEO-C031C6, NUCLEO-C051C8, NUCLEO-C071RB, NUCLEO-C092RC, NUCLEO-H503RB, NUCLEO-H533RE, NUCLEO-H563ZI, NUCLEO-H7S3L8, NUCLEO-N657X0-Q, NUCLEO-U031R8, NUCLEO-U083RC, NUCLEO-U385RG-Q, NUCLEO-U545RE-Q, NUCLEO-U5A5ZJ-Q, NUCLEO-WB05KZ, NUCLEO-WB07CC, NUCLEO-WB09KE, NUCLEO-WBA52CG, NUCLEO-WBA55CG, NUCLEO-WL33CC1, NUCLEO-WL33CC2, STEVAL-PROTEUS1, STEVAL-SMARTAG2, STEVAL-STWINBX1, STM320518-EVAL, STM32C0116-DK, STM32C011D6Y3TR, STM32C011D6Y6TR, STM32C011F4P3, STM32C011F4P6, STM32C011F4U3, STM32C011F4U6TR, STM32C011F6P3, STM32C011F6P6, STM32C011F6U3, STM32C011F6U6TR, STM32C011J4M3, STM32C011J4M6, STM32C011J6M3, STM32C011J6M6, STM32C0316-DK, STM32C031C4T3, STM32C031C4T6, STM32C031C4U3, STM32C031C4U6, STM32C031C6T3, STM32C031C6T6, STM32C031C6U3, STM32C031C6U6, STM32C031F4P3, STM32C031F4P6, STM32C031F6P3, STM32C031F6P6, STM32C031G4U3, STM32C031G4U6, STM32C031G6U3, STM32C031G6U6, STM32C031K4T3, STM32C031K4T6, STM32C031K4U3, STM32C031K4U6, STM32C031K6T3, STM32C031K6T6, STM32C031K6U3, STM32C031K6U6, STM32C051C6T6, STM32C051C6U6, STM32C051C8T6, STM32C051C8U6, STM32C051D8Y6TR, STM32C051F6P6, STM32C051F8P6, STM32C051G6U6, STM32C051G8U6, STM32C051K6T6, STM32C051K6U6, STM32C051K8T6, STM32C071C8T6, STM32C071C8T6N, STM32C071C8U6, STM32C071C8U6N, STM32C071CBT6, STM32C071CBT6N, STM32C071CBU6, STM32C071CBU6N, STM32C071F8P6, STM32C071F8P6N, STM32C071FBP6, STM32C071FBP6N, STM32C071FBY6TR, STM32C071G8U6, STM32C071G8U6N, STM32C071GBU6, STM32C071GBU6N, STM32C071K8T6, STM32C071K8T6N, STM32C071K8U6, STM32C071K8U6N, STM32C071KBT6, STM32C071KBT6N, STM32C071KBU6, STM32C071KBU6N, STM32C071R8T6, STM32C071R8T6N, STM32C071RBI6N, STM32C071RBT6, STM32C071RBT6N, STM32C091CBT6, STM32C091CBU6, STM32C091CCT6, STM32C091CCU6, STM32C091ECY6TR, STM32C091FBP6, STM32C091FCP6, STM32C091GBU6, STM32C091GCU6, STM32C091KBT6, STM32C091KBU6, STM32C091KCT6, STM32C091KCU6, STM32C091RBT6, STM32C091RCI6, STM32C091RCT6, STM32C092CBT6, STM32C092CBU6, STM32C092CCT6, STM32C092CCU6, STM32C092ECY6TR, STM32C092FBP6, STM32C092FCP6, STM32C092GBU6, STM32C092GCU6, STM32C092KBT6, STM32C092KBU6, STM32C092KCT6, STM32C092KCU6, STM32C092RBT6, STM32C092RCI6, STM32C092RCT6, STM32G071K8TXN, STM32G071K8UXN, STM32G081GBU6N, STM32G081KBT6N, STM32G081KBUXN, STM32G0B1CCT6N, STM32G0B1KCT6, STM32G0B1NEY6TR, STM32G0B1RCT6N, STM32G0C1CCT6, STM32G0C1CCT6N, STM32G0C1CCU6N, STM32G0C1CET6N, STM32G0C1CEU6N, STM32G0C1KCT6, STM32G0C1NEY6TR, STM32G0C1RCI6N, STM32G0C1RCT6N, STM32G0C1REI6N, STM32G0C1RET6N, STM32G0C1VCI6, STM32G0C1VEI6, STM32G411C6T3, STM32G411C6T6, STM32G411C6U3, STM32G411C6U6, STM32G411C8T3, STM32G411C8T6, STM32G411C8U3, STM32G411C8U6, STM32G411CBT3, STM32G411CBT6, STM32G411CBU3, STM32G411CBU6, STM32G411K6T3, STM32G411K6T6, STM32G411K6U3, STM32G411K6U6, STM32G411K8T3, STM32G411K8T6, STM32G411K8U3, STM32G411K8U6, STM32G411KBT3, STM32G411KBT6, STM32G411KBU3, STM32G411KBU6, STM32G411M6T3, STM32G411M6T6, STM32G411M8T3, STM32G411M8T6, STM32G411MBT3, STM32G411MBT6, STM32G411R6T3, STM32G411R6T6, STM32G411R8T3, STM32G411R8T6, STM32G411RBT3, STM32G411RBT6, STM32G414CBT3, STM32G414CBT6, STM32G414CBU3, STM32G414CBU6, STM32G414CCT3, STM32G414CCT6, STM32G414CCU3, STM32G414CCU6, STM32G414MBT3, STM32G414MBT6, STM32G414MCT3, STM32G414MCT6, STM32G414RBT3, STM32G414RBT6, STM32G414RCT3, STM32G414RCT6, STM32G414VBT3, STM32G414VBT6, STM32G414VCT3, STM32G414VCT6, STM32G431CBT3Z, STM32G431RBT3Z, STM32G471CCT6, STM32G471CCU6, STM32G471CET3, STM32G471CET6, STM32G471CEU3, STM32G471CEU6, STM32G471MCT6, STM32G471MET3, STM32G471MET6, STM32G471MEY6TR, STM32G471QCT6, STM32G471QET3, STM32G471RCT6, STM32G471RET3, STM32G471RET6, STM32G471VCH6, STM32G471VCI6, STM32G471VCT6, STM32G471VEH3, STM32G471VEH6, STM32G471VEI3, STM32G471VEI6, STM32G471VET3, STM32G471VET6, STM32G473QET3Z, STM32G473RET3Z, STM32G474CCT6, STM32G491RET3Z, STM32H503CBT6, STM32H503CBU6, STM32H503EBY6TR, STM32H503KBU6, STM32H503RBT6, STM32H523CCT6, STM32H523CCU6, STM32H523CET6, STM32H523CEU6, STM32H523HEY6TR, STM32H523RCT6, STM32H523RET6, STM32H523VCI6, STM32H523VCT6, STM32H523VEI6, STM32H523VET6, STM32H523ZCJ6, STM32H523ZCT6, STM32H523ZEJ6, STM32H523ZET6, STM32H533CET6, STM32H533CEU6, STM32H533HEY6TR, STM32H533RET6, STM32H533VEI6, STM32H533VET6, STM32H533ZEJ6, STM32H533ZET6, STM32H562AGI6, STM32H562AII6, STM32H562IGK6, STM32H562IGT6, STM32H562IIK6, STM32H562IIT6, STM32H562RGT6, STM32H562RGV6, STM32H562RIT6, STM32H562RIV6, STM32H562VGT6, STM32H562VIT6, STM32H562ZGT6, STM32H562ZIT6, STM32H563AGI6, STM32H563AII3Q, STM32H563AII6, STM32H563IGK6, STM32H563IGT6, STM32H563IIK3Q, STM32H563IIK6, STM32H563IIT3Q, STM32H563IIT6, STM32H563MIY3QTR, STM32H563RGT6, STM32H563RGV6, STM32H563RIT6, STM32H563RIV6, STM32H563VGT6, STM32H563VIT3Q, STM32H563VIT6, STM32H563ZGT6, STM32H563ZIT3Q, STM32H563ZIT6, STM32H573AII3Q, STM32H573AII6, STM32H573I-DK, STM32H573IIK3Q, STM32H573IIK6, STM32H573IIT3Q, STM32H573IIT6, STM32H573MIY3QTR, STM32H573RIT6, STM32H573RIV6, STM32H573VIT3Q, STM32H573VIT6, STM32H573ZIT3Q, STM32H573ZIT6, STM32H7R3A8I6, STM32H7R3I8K6, STM32H7R3I8T6, STM32H7R3L8H6, STM32H7R3L8H6H, STM32H7R3R8V6, STM32H7R3V8H6, STM32H7R3V8T6, STM32H7R3V8Y6TR, STM32H7R3Z8J6, STM32H7R3Z8T6, STM32H7R7A8I6, STM32H7R7I8K6, STM32H7R7I8T6, STM32H7R7L8H6, STM32H7R7L8H6H, STM32H7R7Z8J6, STM32H7S3A8I6, STM32H7S3I8K6, STM32H7S3I8T6, STM32H7S3L8H6, STM32H7S3L8H6H, STM32H7S3R8V6, STM32H7S3V8H6, STM32H7S3V8T6, STM32H7S3V8Y6TR, STM32H7S3Z8J6, STM32H7S3Z8T6, STM32H7S78-DK, STM32H7S7A8I6, STM32H7S7I8K6, STM32H7S7I8T6, STM32H7S7L8H6, STM32H7S7L8H6H, STM32H7S7Z8J6, STM32L4R5QGI6STR, STM32MP131AAE3, STM32MP131AAF3, STM32MP131AAG3, STM32MP131CAE3, STM32MP131CAF3, STM32MP131CAG3, STM32MP131DAE7, STM32MP131DAF7, STM32MP131DAG7, STM32MP131FAE7, STM32MP131FAF7, STM32MP131FAG7, STM32MP133AAE3, STM32MP133AAF3, STM32MP133AAG3, STM32MP133CAE3, STM32MP133CAF3, STM32MP133CAG3, STM32MP133DAE7, STM32MP133DAF7, STM32MP133DAG7, STM32MP133FAE7, STM32MP133FAF7, STM32MP133FAG7, STM32MP135AAE3, STM32MP135AAF3, STM32MP135AAG3, STM32MP135CAE3, STM32MP135CAF3, STM32MP135CAG3, STM32MP135DAE7, STM32MP135DAF7, STM32MP135DAG7, STM32MP135F-DK, STM32MP135FAE7, STM32MP135FAF7, STM32MP135FAF7T, STM32MP135FAF7U, STM32MP135FAG7, STM32MP211AAL3, STM32MP211AAM3, STM32MP211AAN3, STM32MP211AAO3, STM32MP211CAL3, STM32MP211CAM3, STM32MP211CAN3, STM32MP211CAO3, STM32MP211DAL3, STM32MP211DAM3, STM32MP211DAN3, STM32MP211DAO3, STM32MP211FAL3, STM32MP211FAM3, STM32MP211FAN3, STM32MP211FAO3, STM32MP213AAL3, STM32MP213AAM3, STM32MP213AAN3, STM32MP213AAO3, STM32MP213CAL3, STM32MP213CAM3, STM32MP213CAN3, STM32MP213CAO3, STM32MP213DAL3, STM32MP213DAM3, STM32MP213DAN3, STM32MP213DAO3, STM32MP213FAL3, STM32MP213FAM3, STM32MP213FAN3, STM32MP213FAO3, STM32MP215AAL3, STM32MP215AAM3, STM32MP215AAN3, STM32MP215AAO3, STM32MP215CAL3, STM32MP215CAM3, STM32MP215CAN3, STM32MP215CAO3, STM32MP215DAL3, STM32MP215DAM3, STM32MP215DAN3, STM32MP215DAO3, STM32MP215F-DK, STM32MP215FAL3, STM32MP215FAM3, STM32MP215FAN3, STM32MP215FAO3, STM32MP231AAJ3, STM32MP231AAK3, STM32MP231AAL3, STM32MP231CAJ3, STM32MP231CAK3, STM32MP231CAL3, STM32MP231DAJ3, STM32MP231DAK3, STM32MP231DAL3, STM32MP231FAJ3, STM32MP231FAK3, STM32MP231FAL3, STM32MP233AAJ3, STM32MP233AAK3, STM32MP233AAL3, STM32MP233CAJ3, STM32MP233CAK3, STM32MP233CAL3, STM32MP233DAJ3, STM32MP233DAK3, STM32MP233DAL3, STM32MP233FAJ3, STM32MP233FAK3, STM32MP233FAL3, STM32MP235AAJ3, STM32MP235AAK3, STM32MP235AAL3, STM32MP235CAJ3, STM32MP235CAK3, STM32MP235CAL3, STM32MP235DAJ3, STM32MP235DAK3, STM32MP235DAL3, STM32MP235FAJ3, STM32MP235FAK3, STM32MP235FAL3, STM32MP251AAI3, STM32MP251AAK3, STM32MP251AAL3, STM32MP251CAI3, STM32MP251CAK3, STM32MP251CAL3, STM32MP251DAI3, STM32MP251DAK3, STM32MP251DAL3, STM32MP251FAI3, STM32MP251FAK3, STM32MP251FAL3, STM32MP253AAI3, STM32MP253AAK3, STM32MP253AAL3, STM32MP253CAI3, STM32MP253CAK3, STM32MP253CAL3, STM32MP253DAI3, STM32MP253DAK3, STM32MP253DAL3, STM32MP253FAI3, STM32MP253FAK3, STM32MP253FAL3, STM32MP255AAI3, STM32MP255AAK3, STM32MP255AAL3, STM32MP255CAI3, STM32MP255CAK3, STM32MP255CAL3, STM32MP255DAI3, STM32MP255DAK3, STM32MP255DAL3, STM32MP255FAI3, STM32MP255FAK3, STM32MP255FAL3, STM32MP257AAI3, STM32MP257AAK3, STM32MP257AAL3, STM32MP257CAI3, STM32MP257CAK3, STM32MP257CAL3, STM32MP257DAI3, STM32MP257DAK3, STM32MP257DAL3, STM32MP257F-DK, STM32MP257F-EV1, STM32MP257FAI3, STM32MP257FAK3, STM32MP257FAL3, STM32N645A0H3Q, STM32N645B0H3Q, STM32N645I0H3Q, STM32N645L0H3Q, STM32N645X0H3Q, STM32N645Z0H3Q, STM32N647A0H3Q, STM32N647B0H3Q, STM32N647I0H3Q, STM32N647L0H3Q, STM32N647X0H3Q, STM32N647Z0H3Q, STM32N655A0H3Q, STM32N655B0H3Q, STM32N655I0H3Q, STM32N655L0H3Q, STM32N655X0H3Q, STM32N655Z0H3Q, STM32N6570-DK, STM32N657A0H3Q, STM32N657B0H3Q, STM32N657I0H3Q, STM32N657L0H3Q, STM32N657X0H3Q, STM32N657Z0H3Q, STM32U031C6T6, STM32U031C6U6, STM32U031C8T6, STM32U031C8U6, STM32U031F4P6, STM32U031F6P6, STM32U031F8P6, STM32U031G6Y6TR, STM32U031G8Y6TR, STM32U031K4U6, STM32U031K6U6, STM32U031K8U6, STM32U031R6I6, STM32U031R6T6, STM32U031R8I6, STM32U031R8T6, STM32U073C8T6, STM32U073C8U6, STM32U073CBT6, STM32U073CBU6, STM32U073CCT6, STM32U073CCU6, STM32U073H8Y6TR, STM32U073HBY6TR, STM32U073HCY6TR, STM32U073K8U6, STM32U073KBU6, STM32U073KCU6, STM32U073M8I6, STM32U073M8T6, STM32U073MBI6, STM32U073MBT6, STM32U073MCI6, STM32U073MCT6, STM32U073R8I6, STM32U073R8T6, STM32U073RBI6, STM32U073RBT6, STM32U073RCI6, STM32U073RCT6, STM32U083C-DK, STM32U083CCT6, STM32U083CCU6, STM32U083HCY6TR, STM32U083KCU6, STM32U083MCI6, STM32U083MCT6, STM32U083RCI6, STM32U083RCT6, STM32U375CET6, STM32U375CET6Q, STM32U375CEU6, STM32U375CEU6Q, STM32U375CEY6QTR, STM32U375CGT6, STM32U375CGT6Q, STM32U375CGU6, STM32U375CGU6Q, STM32U375CGY6QTR, STM32U375KEU6, STM32U375KGU6, STM32U375REI6, STM32U375REI6Q, STM32U375RET6, STM32U375RET6Q, STM32U375REY6GTR, STM32U375REY6QTR, STM32U375RGI6, STM32U375RGI6Q, STM32U375RGT6, STM32U375RGT6Q, STM32U375RGY6GTR, STM32U375RGY6QTR, STM32U375VEI6, STM32U375VEI6Q, STM32U375VET6, STM32U375VET6Q, STM32U375VGI6, STM32U375VGI6Q, STM32U375VGT6, STM32U375VGT6Q, STM32U385CGT6, STM32U385CGT6Q, STM32U385CGU6, STM32U385CGU6Q, STM32U385CGY6QTR, STM32U385KGU6, STM32U385RGI6, STM32U385RGI6Q, STM32U385RGT6, STM32U385RGT6Q, STM32U385RGY6GTR, STM32U385RGY6QTR, STM32U385VGI6, STM32U385VGI6Q, STM32U385VGT6, STM32U385VGT6Q, STM32U535CBT6, STM32U535CBT6Q, STM32U535CBU6, STM32U535CBU6Q, STM32U535CCT6, STM32U535CCT6Q, STM32U535CCU6, STM32U535CCU6Q, STM32U535CET6, STM32U535CET6Q, STM32U535CEU6, STM32U535CEU6Q, STM32U535JEY6QTR, STM32U535NCY6QTR, STM32U535NEY6QTR, STM32U535RBI6, STM32U535RBI6Q, STM32U535RBT6, STM32U535RBT6Q, STM32U535RCI6, STM32U535RCI6Q, STM32U535RCT6, STM32U535RCT6Q, STM32U535REI6, STM32U535REI6Q, STM32U535RET6, STM32U535RET6Q, STM32U535VCI6, STM32U535VCI6Q, STM32U535VCT6, STM32U535VCT6Q, STM32U535VEI6, STM32U535VEI6Q, STM32U535VET6, STM32U535VET6Q, STM32U545CET6, STM32U545CET6Q, STM32U545CEU6, STM32U545CEU6Q, STM32U545JEY6QTR, STM32U545NEY6QTR, STM32U545REI6, STM32U545REI6Q, STM32U545RET6, STM32U545RET6Q, STM32U545VEI6, STM32U545VEI6Q, STM32U545VET6, STM32U545VET6Q, STM32U595AIH6, STM32U595AIH6Q, STM32U595AJH6, STM32U595AJH6Q, STM32U595QII6, STM32U595QII6Q, STM32U595QJI6, STM32U595QJI6Q, STM32U595RIT6, STM32U595RIT6Q, STM32U595RJT6, STM32U595RJT6Q, STM32U595VIT6, STM32U595VIT6Q, STM32U595VJT6, STM32U595VJT6Q, STM32U595ZIT6, STM32U595ZIT6Q, STM32U595ZIY6QTR, STM32U595ZJT6, STM32U595ZJT6Q, STM32U595ZJY6QTR, STM32U599BJY6QTR, STM32U599NIH6Q, STM32U599NJH6Q, STM32U599VIT6Q, STM32U599VJT6, STM32U599VJT6Q, STM32U599ZIT6Q, STM32U599ZIY6QTR, STM32U599ZJT6Q, STM32U599ZJY6QTR, STM32U5A5AJH6, STM32U5A5AJH6Q, STM32U5A5QII3Q , STM32U5A5QJI6, STM32U5A5QJI6Q, STM32U5A5RJT6, STM32U5A5RJT6Q, STM32U5A5VJT6, STM32U5A5VJT6Q, STM32U5A5ZJT6, STM32U5A5ZJT6Q, STM32U5A5ZJY6QTR, STM32U5A9BJY6QTR, STM32U5A9J-DK, STM32U5A9NJH6Q, STM32U5A9VJT6Q, STM32U5A9ZJT6Q, STM32U5A9ZJY6QTR, STM32U5F7VIT6, STM32U5F7VIT6Q, STM32U5F7VJT6, STM32U5F7VJT6Q, STM32U5F9BJY6QTR, STM32U5F9NJH6Q, STM32U5F9VIT6Q, STM32U5F9VJT6Q, STM32U5F9ZIJ6QTR, STM32U5F9ZIT6Q, STM32U5F9ZJJ6QTR, STM32U5F9ZJT6Q, STM32U5G7VJT6, STM32U5G7VJT6Q, STM32U5G9BJY6QTR, STM32U5G9J-DK1, STM32U5G9J-DK2, STM32U5G9NJH6Q, STM32U5G9VJT6Q, STM32U5G9ZJJ6QTR, STM32U5G9ZJT6Q, STM32WB05KZV6TR, STM32WB05KZV7TR, STM32WB05TZF6TR, STM32WB05TZF7TR, STM32WB06CCF6TR, STM32WB06CCF7TR, STM32WB06CCV6TR, STM32WB06CCV7TR, STM32WB06KCV6TR, STM32WB06KCV7TR, STM32WB07CCF6TR, STM32WB07CCF7TR, STM32WB07CCV6TR, STM32WB07CCV7TR, STM32WB07KCV6TR, STM32WB07KCV7TR, STM32WB09KEV6TR, STM32WB09KEV7TR, STM32WB09TEF6TR, STM32WB09TEF7TR, STM32WB1MMCH6, STM32WBA50KGU6, STM32WBA50KGU6TR, STM32WBA52CEU6, STM32WBA52CEU6TR, STM32WBA52CEU7, STM32WBA52CEU7TR, STM32WBA52CGU6, STM32WBA52CGU6TR, STM32WBA52CGU6U, STM32WBA52CGU7, STM32WBA52CGU7TR, STM32WBA52KEU6, STM32WBA52KEU6TR, STM32WBA52KGU6, STM32WBA52KGU6TR, STM32WBA54CEU6, STM32WBA54CEU6TR, STM32WBA54CEU7, STM32WBA54CEU7TR, STM32WBA54CGU6, STM32WBA54CGU6TR, STM32WBA54CGU7, STM32WBA54CGU7TR, STM32WBA54KEU6, STM32WBA54KEU6TR, STM32WBA54KEU7, STM32WBA54KEU7TR, STM32WBA54KGU6, STM32WBA54KGU6TR, STM32WBA54KGU7, STM32WBA54KGU7TR, STM32WBA55CEU6, STM32WBA55CEU6TR, STM32WBA55CEU7, STM32WBA55CEU7TR, STM32WBA55CGU6, STM32WBA55CGU6TR, STM32WBA55CGU6U, STM32WBA55CGU7, STM32WBA55CGU7TR, STM32WBA55G-DK1, STM32WBA55HEF6, STM32WBA55HEF7, STM32WBA55HGF6, STM32WBA55HGF7, STM32WBA55UEI6, STM32WBA55UEI6TR, STM32WBA55UEI7, STM32WBA55UEI7TR, STM32WBA55UGI6, STM32WBA55UGI6TR, STM32WBA55UGI7, STM32WBA55UGI7TR, STM32WBA5MMGH6TR, STM32WBA62MGF6, STM32WBA62MIF6, STM32WBA65MGF7, STM32WBA65MIF6, STM32WBA65MIF7, STM32WL30K8V6, STM32WL30KBV6, STM32WL31C8V6, STM32WL31CBV6, STM32WL31K8V6, STM32WL31KBV6, STM32WL33C8V6, STM32WL33C8V6X, STM32WL33CBV6, STM32WL33CBV6X, STM32WL33CCV6, STM32WL33CCV6A, STM32WL33CCV6X, STM32WL33K8V7, STM32WL33K8V7X, STM32WL33KBV7 , STM32WL33KBV7X, STM32WL33KCV7, STM32WL33KCV7X, STM32WL5MOCH6, STM32WL5MOCH6TR]
2025-08-16 13:27:22,403 [INFO] BoardInfo:889 - No configuration file found for board P-NUCLEO-WB55
2025-08-16 13:27:22,405 [INFO] DbBoards:161 - Kit is not supported: P-NUCLEO-WB55
2025-08-16 13:27:22,411 [INFO] BoardInfo:889 - No configuration file found for board STEVAL-BFA001V1B
2025-08-16 13:27:22,412 [INFO] DbBoards:161 - Kit is not supported: STEVAL-BFA001V1B
2025-08-16 13:27:22,413 [INFO] BoardInfo:889 - No configuration file found for board STEVAL-BFA001V2B
2025-08-16 13:27:22,414 [INFO] DbBoards:161 - Kit is not supported: STEVAL-BFA001V2B
2025-08-16 13:27:22,616 [INFO] DbBoards:168 - Found 212 boards, 209 are supported
2025-08-16 13:27:22,616 [INFO] DbBoards:169 - Found 212 boards, 43 of them is supported for  Bsp
2025-08-16 13:27:22,618 [INFO] ApiDb:423 - Load user favorites file C:\Users\Thorin/.stm32cubeide/favorites.boards.txt: 0 item(s)
2025-08-16 13:27:22,618 [INFO] ApiDb:427 - User favorites Boards=[]
2025-08-16 13:27:22,618 [INFO] DbBoards:198 - Set 0 / 0 favorites Boards
2025-08-16 13:27:22,861 [INFO] ServerAccessManage:452 - Complete download http(s) 200
2025-08-16 13:27:22,861 [INFO] ServerAccessManage:509 - Download File 
2025-08-16 13:27:23,167 [INFO] LoadUrlFilesThread:185 - End of LoadServerUrlFiles without Thread
2025-08-16 13:27:23,168 [INFO] TargetSelectorAdapter:259 - Refresh data is successful
2025-08-16 13:27:23,168 [INFO] ApiDb:668 - CubeFinder database Data Model version=2.1
2025-08-16 13:27:23,168 [INFO] ApiDb:669 - CubeFinder database Configuration version=3.0.39
2025-08-16 13:27:23,168 [INFO] ApiDb:670 - CubeFinder database generation date=2025-07-24 (1753349077)
2025-08-16 13:27:23,168 [INFO] ApiDb:671 - CubeFinder database FW Pack versions=[FP-ATR-ASTRA1_V2.0.0, FP-SNS-FLIGHT1_V5.1.0, FP-SNS-MOTENV1_V5.0.0, FP-SNS-MOTENVWB1_V1.4.0, FP-SNS-SMARTAG2_V1.2.0, FP-SNS-STBOX1_V2.0.0, STM32Cube_FW_C0_V1.4.0, STM32Cube_FW_F4_V1.28.2, STM32Cube_FW_F7_V1.17.3, STM32Cube_FW_G0_V1.6.2, STM32Cube_FW_G4_V1.6.1, STM32Cube_FW_H5_V1.5.0, STM32Cube_FW_H7RS_V1.2.0, STM32Cube_FW_H7_V1.12.1, STM32Cube_FW_L0_V1.12.2, STM32Cube_FW_L4_V1.18.1, STM32Cube_FW_L5_V1.5.1, STM32Cube_FW_N6_V1.2.0, STM32Cube_FW_U0_V1.3.0, STM32Cube_FW_U3_V1.2.0, STM32Cube_FW_U5_V1.8.0, STM32Cube_FW_WB0_V1.3.0, STM32Cube_FW_WBA_V1.7.0, STM32Cube_FW_WB_V1.23.0, STM32Cube_FW_WL3_V1.2.0, STM32Cube_FW_WL_V1.3.1, X-CUBE-ALGOBUILD_V1.4.0, X-CUBE-ALS_V1.0.2, X-CUBE-AZRTOS-F4_V1.1.0, X-CUBE-AZRTOS-F7_V1.1.0, X-CUBE-AZRTOS-G0_V1.1.0, X-CUBE-AZRTOS-G4_V2.0.0, X-CUBE-AZRTOS-H7RS_V1.1.0, X-CUBE-AZRTOS-H7_V3.4.0, X-CUBE-AZRTOS-L4_V2.0.0, X-CUBE-AZRTOS-L5_V2.0.0, X-CUBE-AZRTOS-WB_V2.0.0, X-CUBE-AZRTOS-WL_V2.0.0, X-CUBE-BLE1_V7.1.0, X-CUBE-BLE2_V3.3.0, X-CUBE-BLEMGR_V4.1.0, X-CUBE-EEPRMA1_V5.2.0, X-CUBE-FREERTOS_V1.3.1, X-CUBE-GNSS1_V6.0.0, X-CUBE-MEMS1_V11.3.0, X-CUBE-NFC4_V3.0.0, X-CUBE-NFC7_V2.0.0, X-CUBE-SFXS2LP1_V4.0.0, X-CUBE-ST67W61_V1.0.0, X-CUBE-SUBG2_V5.0.0, X-CUBE-TOF1_V3.4.3]
2025-08-16 13:27:23,729 [ERROR] DbExamplesSqlite:437 - Missing JSON key: board_cpn
2025-08-16 13:27:23,729 [ERROR] DbExamplesSqlite:437 - Missing JSON key: board_cpn
2025-08-16 13:27:23,729 [ERROR] DbExamplesSqlite:437 - Missing JSON key: board_cpn
2025-08-16 13:27:23,730 [ERROR] DbExamplesSqlite:437 - Missing JSON key: board_cpn
2025-08-16 13:27:23,823 [ERROR] DbExamplesSqlite:437 - Missing JSON key: board_cpn
2025-08-16 13:27:23,823 [ERROR] DbExamplesSqlite:437 - Missing JSON key: board_cpn
2025-08-16 13:27:23,823 [ERROR] DbExamplesSqlite:437 - Missing JSON key: board_cpn
2025-08-16 13:27:23,823 [ERROR] DbExamplesSqlite:437 - Missing JSON key: board_cpn
2025-08-16 13:27:23,823 [ERROR] DbExamplesSqlite:437 - Missing JSON key: board_cpn
2025-08-16 13:27:23,823 [ERROR] DbExamplesSqlite:437 - Missing JSON key: board_cpn
2025-08-16 13:27:23,823 [ERROR] DbExamplesSqlite:437 - Missing JSON key: board_cpn
2025-08-16 13:27:23,824 [ERROR] DbExamplesSqlite:437 - Missing JSON key: board_cpn
2025-08-16 13:27:23,824 [ERROR] DbExamplesSqlite:437 - Missing JSON key: board_cpn
2025-08-16 13:27:23,956 [ERROR] DbExamplesSqlite:437 - Missing JSON key: board_cpn
2025-08-16 13:27:23,956 [ERROR] DbExamplesSqlite:437 - Missing JSON key: board_cpn
2025-08-16 13:27:23,957 [INFO] DbExamplesSqlite:395 - Ignored 33 examples not supported by CubeIDE
2025-08-16 13:27:23,957 [INFO] DbExamplesSqlite:396 - Found 10866 examples active
2025-08-16 13:27:23,957 [INFO] DbExamplesSqlite:397 - Found 0 examples obsolete
2025-08-16 13:27:23,957 [INFO] DbExamplesSqlite:398 - Found 0 examples under development
2025-08-16 13:27:23,957 [INFO] DbExamplesSqlite:399 - Found 65 examples not building
2025-08-16 13:27:23,959 [INFO] DbExamples:125 - Found 10898 examples
2025-08-16 13:27:23,972 [INFO] DbExamples:222 - Found 134 boards with related examples
2025-08-16 13:27:23,973 [INFO] DbExamples:235 - Found 111 MCUs with related examples
2025-08-16 13:27:23,994 [INFO] ApiDb:423 - Load user favorites file C:\Users\Thorin/.stm32cubeide/favorites.examples.txt: 0 item(s)
2025-08-16 13:27:23,994 [INFO] ApiDb:427 - User favorites Examples=[]
2025-08-16 13:27:23,994 [INFO] DbExamples:250 - Set 0 / 0 favorites Examples
2025-08-16 13:27:24,035 [INFO] McuFinderGlobals:76 - Set McuFinderConnectedMode to true
2025-08-16 13:27:24,036 [INFO] MultiScanPanel:200 - Auto-refresh data requested => check proxy status ongoing
2025-08-16 13:27:24,036 [INFO] FinderPluginLoader:96 - Searching for filters in installed packs
2025-08-16 13:27:24,779 [INFO] LoadUrlFilesThread:185 - End of LoadServerUrlFiles without Thread
2025-08-16 13:27:24,889 [INFO] DetailPanel:341 - Set advertising image to C:/Users/Thorin/STM32Cube/Repository/\en.2400x1350px.jpeg
2025-08-16 13:27:25,297 [INFO] MultiScanPanel:728 - adjusting invalid saved split location: -0.12
2025-08-16 13:27:25,414 [INFO] MultiScanPanel:728 - adjusting invalid saved split location: -0.12
2025-08-16 13:30:21,528 [INFO] MultiScanPanel:200 - Auto-refresh data requested => check proxy status ongoing
2025-08-16 13:30:21,576 [INFO] LoadUrlFilesThread:185 - End of LoadServerUrlFiles without Thread
2025-08-16 13:30:21,576 [INFO] DetailPanel:341 - Set advertising image to C:/Users/Thorin/STM32Cube/Repository/\en.2400x1350px.jpeg
2025-08-16 13:30:21,581 [INFO] DbBoards:642 - Loading board mini-images...
2025-08-16 13:30:23,155 [ERROR] DbBoards:659 - Image file not found for board STM32MP215F-DK: C:\Users\Thorin\.stmcufinder\plugins\mcufinder//mcu//boards_images/STM32MP215F-DK.jpg
2025-08-16 13:30:23,235 [INFO] DbBoards:665 - Loaded 211 board mini-images
2025-08-16 13:31:08,841 [INFO] MetaSearchPanel:329 - Collapse all filters sections
2025-08-16 13:31:39,059 [INFO] MetaSearchPanel:329 - Collapse all filters sections
2025-08-16 13:33:04,021 [INFO] MainUpdater:2872 - connection check result : 10
2025-08-16 13:33:04,021 [INFO] MainUpdater:2872 - connection check result : 10
2025-08-16 13:33:04,057 [INFO] MicroXplorer:468 - Change Database Path : 
2025-08-16 13:33:04,057 [INFO] MicroXplorer:498 - Change Database Version : DB.6.0.150
2025-08-16 13:33:04,063 [WARN] ThirdParty:871 - waiting for thirdparty lock release [close project]
2025-08-16 13:33:04,063 [INFO] ThirdParty:873 - entering critical section [close project]
2025-08-16 13:33:04,065 [INFO] ThirdParty:883 - exiting critical section [close project]
2025-08-16 13:33:04,066 [INFO] PinOutPanel:1589 - setPackage(No Configuration,No Configuration)
2025-08-16 13:33:04,067 [INFO] UtilMem:75 - Begin LoadConfig() Used Memory: 619419096 Bytes (937426944)
2025-08-16 13:33:04,071 [INFO] OpenFileManager:355 - Change cursor
2025-08-16 13:33:04,089 [WARN] IntegrityCheckThread:84 - waiting for thirdparty lock release [integrity check]
2025-08-16 13:33:04,089 [INFO] IntegrityCheckThread:86 - entering critical section [integrity check]
2025-08-16 13:33:04,251 [WARN] PackLoader:240 - Cannot read IP mode file for STMicroelectronics.FP-SNS-MOTENVWB1.1.4.0
2025-08-16 13:33:04,256 [WARN] PackLoader:240 - Cannot read IP mode file for STMicroelectronics.FP-ATR-ASTRA1.2.0.2
2025-08-16 13:33:04,266 [WARN] PackLoader:240 - Cannot read IP mode file for STMicroelectronics.X-CUBE-SMBUS.2.1.0
2025-08-16 13:33:04,270 [WARN] PackLoader:240 - Cannot read IP mode file for STMicroelectronics.X-CUBE-ST60.1.0.0
2025-08-16 13:33:04,293 [WARN] PackLoader:240 - Cannot read IP mode file for STMicroelectronics.X-CUBE-AZRTOS-F7.1.1.0
2025-08-16 13:33:04,313 [WARN] PackLoader:240 - Cannot read IP mode file for Infineon.AIROC-Wi-Fi-Bluetooth-STM32.1.7.1
2025-08-16 13:33:04,339 [WARN] PackLoader:240 - Cannot read IP mode file for STMicroelectronics.X-CUBE-AZRTOS-H7.3.4.0
2025-08-16 13:33:04,348 [WARN] PackLoader:240 - Cannot read IP mode file for STMicroelectronics.X-CUBE-DISPLAY.3.0.0
2025-08-16 13:33:04,359 [WARN] PackLoader:240 - Cannot read IP mode file for STMicroelectronics.X-CUBE-NFC10.1.0.0
2025-08-16 13:33:04,366 [WARN] PackLoader:240 - Cannot read IP mode file for emotas.I-CUBE-CANOPEN.1.3.0
2025-08-16 13:33:04,374 [WARN] PackLoader:240 - Cannot read IP mode file for STMicroelectronics.FP-SNS-STBOX1.2.1.0
2025-08-16 13:33:04,381 [WARN] PackLoader:240 - Cannot read IP mode file for STMicroelectronics.FP-SNS-SMARTAG2.1.2.0
2025-08-16 13:33:04,386 [WARN] PackLoader:240 - Cannot read IP mode file for STMicroelectronics.FP-SNS-FLIGHT1.5.1.0
2025-08-16 13:33:04,394 [INFO] LogOutputStream:77 - [STDOUT_REDIRECT] 1 : Invalid condition id : UX_CORESTACK_Condition cause : null
2025-08-16 13:33:04,396 [INFO] LogOutputStream:77 - [STDOUT_REDIRECT] 1 : Invalid condition id : UX_CORESTACK_Condition cause : null
2025-08-16 13:33:04,397 [INFO] LogOutputStream:77 - [STDOUT_REDIRECT] 1 : Invalid condition id : UX_CORESTACK_Condition cause : null
2025-08-16 13:33:04,398 [INFO] LogOutputStream:77 - [STDOUT_REDIRECT] 1 : Invalid condition id : UX_CORESTACK_Condition cause : null
2025-08-16 13:33:04,399 [INFO] LogOutputStream:77 - [STDOUT_REDIRECT] 1 : Invalid condition id : UX_CORESTACK_Condition cause : null
2025-08-16 13:33:04,402 [WARN] PackLoader:240 - Cannot read IP mode file for STMicroelectronics.X-CUBE-AZRTOS-WL.2.0.0
2025-08-16 13:33:04,406 [WARN] PackLoader:240 - Cannot read IP mode file for STMicroelectronics.FP-SNS-MOTENV1.5.0.0
2025-08-16 13:33:04,415 [WARN] PackLoader:240 - Cannot read IP mode file for WES.I-CUBE-Cesium.1.3.0
2025-08-16 13:33:04,419 [WARN] PackLoader:240 - Cannot read IP mode file for STMicroelectronics.X-CUBE-BLE2.3.3.0
2025-08-16 13:33:04,423 [WARN] PackLoader:240 - Cannot read IP mode file for STMicroelectronics.X-CUBE-NFC9.1.0.0
2025-08-16 13:33:04,428 [WARN] PackLoader:240 - Cannot read IP mode file for wolfSSL.I-CUBE-wolfSSL.5.8.2
2025-08-16 13:33:04,433 [WARN] PackLoader:240 - Cannot read IP mode file for STMicroelectronics.X-CUBE-BLE1.7.1.0
2025-08-16 13:33:04,437 [WARN] PackLoader:240 - Cannot read IP mode file for wolfSSL.I-CUBE-wolfMQTT.1.19.2
2025-08-16 13:33:04,442 [WARN] PackLoader:240 - Cannot read IP mode file for STMicroelectronics.X-CUBE-EEPRMA1.5.2.0
2025-08-16 13:33:04,455 [WARN] PackLoader:240 - Cannot read IP mode file for STMicroelectronics.X-CUBE-AZRTOS-G0.1.1.0
2025-08-16 13:33:04,462 [WARN] PackLoader:240 - Cannot read IP mode file for STMicroelectronics.X-CUBE-SAFEA1.1.2.2
2025-08-16 13:33:04,469 [WARN] PackLoader:240 - Cannot read IP mode file for STMicroelectronics.X-CUBE-NFC4.3.0.0
2025-08-16 13:33:04,475 [WARN] PackLoader:240 - Cannot read IP mode file for EmbeddedOffice.I-CUBE-FS-RTOS.1.0.1
2025-08-16 13:33:04,481 [WARN] PackLoader:240 - Cannot read IP mode file for STMicroelectronics.X-CUBE-WB05N.2.0.0
2025-08-16 13:33:04,484 [WARN] PackLoader:240 - Cannot read IP mode file for wolfSSL.I-CUBE-wolfTPM.3.8.0
2025-08-16 13:33:04,488 [WARN] PackLoader:240 - Cannot read IP mode file for STMicroelectronics.X-CUBE-TCPP.4.2.0
2025-08-16 13:33:04,493 [WARN] PackLoader:240 - Cannot read IP mode file for RealThread.X-CUBE-RT-Thread_Nano.4.1.1
2025-08-16 13:33:04,498 [WARN] PackLoader:240 - Cannot read IP mode file for STMicroelectronics.FP-ATR-SIGFOX1.3.2.0
2025-08-16 13:33:04,502 [WARN] PackLoader:240 - Cannot read IP mode file for ITTIA_DB.I-CUBE-ITTIADB.8.9.0
2025-08-16 13:33:04,506 [WARN] PackLoader:240 - Cannot read IP mode file for STMicroelectronics.X-CUBE-ST67W61.1.0.0
2025-08-16 13:33:04,509 [WARN] PackLoader:240 - Cannot read IP mode file for STMicroelectronics.X-CUBE-AI.10.2.0
2025-08-16 13:33:04,526 [WARN] PackLoader:240 - Cannot read IP mode file for SEGGER.I-CUBE-embOS.1.3.1
2025-08-16 13:33:04,591 [WARN] PackLoader:240 - Cannot read IP mode file for STMicroelectronics.X-CUBE-ALGOBUILD.1.4.0
2025-08-16 13:33:04,619 [WARN] PackLoader:240 - Cannot read IP mode file for STMicroelectronics.X-CUBE-MEMS1.11.3.0
2025-08-16 13:33:04,697 [WARN] PackLoader:240 - Cannot read IP mode file for STMicroelectronics.X-CUBE-PM33A1.1.0.0
2025-08-16 13:33:04,709 [WARN] PackLoader:240 - Cannot read IP mode file for STMicroelectronics.X-CUBE-AZRTOS-F4.1.1.0
2025-08-16 13:33:04,715 [WARN] PackLoader:240 - Cannot read IP mode file for Avnet-IotConnect.X-CUBE-IoTC-DA16k-PMOD.1.0.0
2025-08-16 13:33:04,719 [WARN] PackLoader:240 - Cannot read IP mode file for STMicroelectronics.X-CUBE-ISPU.2.1.0
2025-08-16 13:33:04,731 [WARN] PackLoader:240 - Cannot read IP mode file for STMicroelectronics.X-CUBE-NFC12.1.0.0
2025-08-16 13:33:04,747 [WARN] PackLoader:240 - Cannot read IP mode file for STMicroelectronics.X-CUBE-AZRTOS-L5.2.0.0
2025-08-16 13:33:04,754 [WARN] PackLoader:240 - Cannot read IP mode file for STMicroelectronics.X-CUBE-NFC6.3.1.0
2025-08-16 13:33:04,760 [WARN] PackLoader:240 - Cannot read IP mode file for STMicroelectronics.X-CUBE-FREERTOS.1.3.1
2025-08-16 13:33:04,765 [WARN] PackLoader:240 - Cannot read IP mode file for STMicroelectronics.FP-SNS-STAIOTCFT.1.0.0
2025-08-16 13:33:04,770 [WARN] PackLoader:240 - Cannot read IP mode file for STMicroelectronics.X-CUBE-DPower.1.3.0
2025-08-16 13:33:04,784 [WARN] ConditionMgr:438 - getConditionDescription Invalid condition id : LAN8742 Phy interface Condition cause : null
2025-08-16 13:33:04,784 [WARN] PackLoader:240 - Cannot read IP mode file for STMicroelectronics.X-CUBE-AZRTOS-L4.2.0.0
2025-08-16 13:33:04,785 [WARN] ConditionMgr:1044 - genDependencies : Invalid condition id : LAN8742 Phy interface Condition cause : null
2025-08-16 13:33:04,785 [WARN] ConditionMgr:1044 - genDependencies : Invalid condition id : LAN8742 Phy interface Condition cause : null
2025-08-16 13:33:04,785 [WARN] ConditionMgr:1044 - genDependencies : Invalid condition id : LAN8742 Phy interface Condition cause : null
2025-08-16 13:33:04,789 [WARN] PackLoader:240 - Cannot read IP mode file for STMicroelectronics.X-CUBE-SFXS2LP1.4.0.0
2025-08-16 13:33:04,796 [WARN] PackLoader:240 - Cannot read IP mode file for STMicroelectronics.X-CUBE-BLEMGR.4.1.0
2025-08-16 13:33:04,805 [WARN] ConditionMgr:438 - getConditionDescription Invalid condition id : UX DEVICE CLASS RTOS Condition cause : null
2025-08-16 13:33:04,805 [WARN] ConditionMgr:438 - getConditionDescription Invalid condition id : UX DEVICE CLASS RTOS Condition cause : null
2025-08-16 13:33:04,807 [WARN] PackLoader:240 - Cannot read IP mode file for STMicroelectronics.X-CUBE-AZRTOS-WB.2.0.0
2025-08-16 13:33:04,807 [WARN] ConditionMgr:1044 - genDependencies : Invalid condition id : UX DEVICE CLASS RTOS Condition cause : null
2025-08-16 13:33:04,807 [WARN] ConditionMgr:1044 - genDependencies : Invalid condition id : UX DEVICE CLASS RTOS Condition cause : null
2025-08-16 13:33:04,807 [WARN] ConditionMgr:1044 - genDependencies : Invalid condition id : UX DEVICE CLASS RTOS Condition cause : null
2025-08-16 13:33:04,807 [WARN] ConditionMgr:1044 - genDependencies : Invalid condition id : UX DEVICE CLASS RTOS Condition cause : null
2025-08-16 13:33:04,807 [WARN] ConditionMgr:1044 - genDependencies : Invalid condition id : UX DEVICE CLASS RTOS Condition cause : null
2025-08-16 13:33:04,812 [WARN] PackLoader:240 - Cannot read IP mode file for STMicroelectronics.X-CUBE-GNSS1.7.0.1
2025-08-16 13:33:04,816 [WARN] PackLoader:240 - Cannot read IP mode file for STMicroelectronics.X-CUBE-TOUCHGFX.4.25.0
2025-08-16 13:33:04,819 [WARN] ConditionMgr:438 - getConditionDescription Invalid condition id : Cortex-A Device cause : null
2025-08-16 13:33:04,838 [WARN] ConditionMgr:1044 - genDependencies : Invalid condition id : Cortex-A Device cause : null
2025-08-16 13:33:04,838 [WARN] ConditionMgr:1044 - genDependencies : Invalid condition id : Cortex-A Device cause : null
2025-08-16 13:33:04,838 [WARN] ConditionMgr:1044 - genDependencies : Invalid condition id : Cortex-A Device cause : null
2025-08-16 13:33:04,844 [WARN] PackLoader:240 - Cannot read IP mode file for STMicroelectronics.X-CUBE-SUBG2.5.0.0
2025-08-16 13:33:04,858 [WARN] PackLoader:240 - Cannot read IP mode file for STMicroelectronics.X-CUBE-AZRTOS-H7RS.1.1.0
2025-08-16 13:33:04,861 [WARN] PackLoader:240 - Cannot read IP mode file for Cesanta.I-CUBE-Mongoose.7.13.0
2025-08-16 13:33:04,871 [WARN] PackLoader:240 - Cannot read IP mode file for STMicroelectronics.X-CUBE-AZRTOS-G4.2.0.0
2025-08-16 13:33:04,875 [WARN] PackLoader:240 - Cannot read IP mode file for wolfSSL.I-CUBE-wolfSSH.1.4.20
2025-08-16 13:33:04,878 [WARN] PackLoader:240 - Cannot read IP mode file for STMicroelectronics.X-CUBE-NFC7.2.0.0
2025-08-16 13:33:04,885 [WARN] PackLoader:240 - Cannot read IP mode file for STMicroelectronics.X-CUBE-IPS.3.1.0
2025-08-16 13:33:04,891 [WARN] PackLoader:240 - Cannot read IP mode file for STMicroelectronics.X-CUBE-ALS.1.0.2
2025-08-16 13:33:04,896 [WARN] PackLoader:240 - Cannot read IP mode file for portGmbH.I-Cube-SoM-uGOAL.1.1.0
2025-08-16 13:33:04,905 [WARN] PackLoader:240 - Cannot read IP mode file for STMicroelectronics.X-CUBE-TOF1.3.4.3
2025-08-16 13:33:04,911 [INFO] ThirdParty:978 - Integrity check success = true
2025-08-16 13:33:04,911 [INFO] IntegrityCheckThread:100 - exiting critical section [integrity check]
2025-08-16 13:33:04,911 [INFO] IntegrityCheckThread:103 - End integrity checks thread
2025-08-16 13:33:04,951 [INFO] ProjectFactory:514 - No CPN specified for board NUCLEO-L476RG => set CPN to STM32L476RGT3
2025-08-16 13:33:04,951 [INFO] Mcu:2029 - Initializing MCU STM32L476R(C-E-G)Tx STM32L476RGTx STM32L476RGT3
2025-08-16 13:33:06,523 [INFO] Context:786 - Trying to add GPIOservice into a context  which must be forbidden
2025-08-16 13:33:06,946 [INFO] Rule:233 - rule 117617 - U5Cobra4M][GTZC] default value MPCBB3 and MPCBB5 - Not Secured memory - MPCBB1 is applicable
2025-08-16 13:33:06,946 [INFO] Rule:233 - rule 117617 - U5Cobra4M][GTZC] default value MPCBB3 and MPCBB5 - Not Secured memory - MPCBB1 is applicable
2025-08-16 13:33:06,946 [INFO] Rule:233 - rule 117617 - U5Cobra4M][GTZC] default value MPCBB3 and MPCBB5 - Not Secured memory - MPCBB2 is applicable
2025-08-16 13:33:06,946 [INFO] Rule:233 - rule 117617 - U5Cobra4M][GTZC] default value MPCBB3 and MPCBB5 - Not Secured memory - MPCBB2 is applicable
2025-08-16 13:33:06,946 [INFO] Rule:233 - rule 117617 - U5Cobra4M][GTZC] default value MPCBB3 and MPCBB5 - Not Secured memory - MPCBB3 is applicable
2025-08-16 13:33:06,946 [INFO] Rule:233 - rule 117617 - U5Cobra4M][GTZC] default value MPCBB3 and MPCBB5 - Not Secured memory - MPCBB3 is applicable
2025-08-16 13:33:06,946 [INFO] Rule:233 - rule 117617 - U5Cobra4M][GTZC] default value MPCBB3 and MPCBB5 - Not Secured memory - MPCBB4 is applicable
2025-08-16 13:33:06,946 [INFO] Rule:233 - rule 117617 - U5Cobra4M][GTZC] default value MPCBB3 and MPCBB5 - Not Secured memory - MPCBB4 is applicable
2025-08-16 13:33:06,946 [INFO] Rule:233 - rule 117617 - U5Cobra4M][GTZC] default value MPCBB3 and MPCBB5 - Secured memory - MPCBB1 is applicable
2025-08-16 13:33:06,946 [INFO] Rule:233 - rule 117617 - U5Cobra4M][GTZC] default value MPCBB3 and MPCBB5 - Secured memory - MPCBB2 is applicable
2025-08-16 13:33:06,946 [INFO] Rule:233 - rule 117617 - U5Cobra4M][GTZC] default value MPCBB3 and MPCBB5 - Secured memory - MPCBB3 is applicable
2025-08-16 13:33:06,946 [INFO] Rule:233 - rule 117617 - U5Cobra4M][GTZC] default value MPCBB3 and MPCBB5 - Secured memory - MPCBB4 is applicable
2025-08-16 13:33:06,946 [INFO] Rule:233 - rule 117617 - U5Cobra4M][GTZC] default value MPCBB3 and MPCBB5 - Privileged memory - MPCBB1 is applicable
2025-08-16 13:33:06,946 [INFO] Rule:233 - rule 117617 - U5Cobra4M][GTZC] default value MPCBB3 and MPCBB5 - Privileged memory - MPCBB2 is applicable
2025-08-16 13:33:06,946 [INFO] Rule:233 - rule 117617 - U5Cobra4M][GTZC] default value MPCBB3 and MPCBB5 - Privileged memory - MPCBB3 is applicable
2025-08-16 13:33:06,946 [INFO] Rule:233 - rule 117617 - U5Cobra4M][GTZC] default value MPCBB3 and MPCBB5 - Privileged memory - MPCBB4 is applicable
2025-08-16 13:33:06,946 [INFO] Rule:233 - rule 117617 - U5Cobra4M][GTZC] default value MPCBB3 and MPCBB5 - Not Privileged memory - MPCBB1 is applicable
2025-08-16 13:33:06,946 [INFO] Rule:233 - rule 117617 - U5Cobra4M][GTZC] default value MPCBB3 and MPCBB5 - Not Privileged memory - MPCBB2 is applicable
2025-08-16 13:33:06,946 [INFO] Rule:233 - rule 117617 - U5Cobra4M][GTZC] default value MPCBB3 and MPCBB5 - Not Privileged memory - MPCBB3 is applicable
2025-08-16 13:33:06,946 [INFO] Rule:233 - rule 117617 - U5Cobra4M][GTZC] default value MPCBB3 and MPCBB5 - Not Privileged memory - MPCBB4 is applicable
2025-08-16 13:33:06,946 [INFO] Rule:233 - rule 117617 - U5Cobra4M][GTZC] default value MPCBB3 and MPCBB5 - Privileged memory - MPCBB1 is applicable
2025-08-16 13:33:06,946 [INFO] Rule:233 - rule 117617 - U5Cobra4M][GTZC] default value MPCBB3 and MPCBB5 - Privileged memory - MPCBB2 is applicable
2025-08-16 13:33:06,946 [INFO] Rule:233 - rule 117617 - U5Cobra4M][GTZC] default value MPCBB3 and MPCBB5 - Privileged memory - MPCBB3 is applicable
2025-08-16 13:33:06,946 [INFO] Rule:233 - rule 117617 - U5Cobra4M][GTZC] default value MPCBB3 and MPCBB5 - Privileged memory - MPCBB4 is applicable
2025-08-16 13:33:06,946 [INFO] Rule:233 - rule 117617 - U5Cobra4M][GTZC] default value MPCBB3 and MPCBB5 - Privileged memory - MPCBB1 is applicable
2025-08-16 13:33:06,946 [INFO] Rule:233 - rule 117617 - U5Cobra4M][GTZC] default value MPCBB3 and MPCBB5 - Privileged memory - MPCBB2 is applicable
2025-08-16 13:33:06,946 [INFO] Rule:233 - rule 117617 - U5Cobra4M][GTZC] default value MPCBB3 and MPCBB5 - Privileged memory - MPCBB3 is applicable
2025-08-16 13:33:06,946 [INFO] Rule:233 - rule 117617 - U5Cobra4M][GTZC] default value MPCBB3 and MPCBB5 - Privileged memory - MPCBB4 is applicable
2025-08-16 13:33:06,946 [INFO] Rule:233 - rule 117617 - U5Cobra4M][GTZC] default value MPCBB3 and MPCBB5 - Not Privileged memory - MPCBB1 is applicable
2025-08-16 13:33:06,946 [INFO] Rule:233 - rule 117617 - U5Cobra4M][GTZC] default value MPCBB3 and MPCBB5 - Not Privileged memory - MPCBB2 is applicable
2025-08-16 13:33:06,946 [INFO] Rule:233 - rule 117617 - U5Cobra4M][GTZC] default value MPCBB3 and MPCBB5 - Not Privileged memory - MPCBB3 is applicable
2025-08-16 13:33:06,946 [INFO] Rule:233 - rule 117617 - U5Cobra4M][GTZC] default value MPCBB3 and MPCBB5 - Not Privileged memory - MPCBB4 is applicable
2025-08-16 13:33:06,946 [INFO] Rule:233 - rule 117617 - U5Cobra4M][GTZC] default value MPCBB3 and MPCBB5 - Privileged memory - MPCBB1 is applicable
2025-08-16 13:33:06,947 [INFO] Rule:233 - rule 117617 - U5Cobra4M][GTZC] default value MPCBB3 and MPCBB5 - Privileged memory - MPCBB2 is applicable
2025-08-16 13:33:06,947 [INFO] Rule:233 - rule 117617 - U5Cobra4M][GTZC] default value MPCBB3 and MPCBB5 - Privileged memory - MPCBB3 is applicable
2025-08-16 13:33:06,947 [INFO] Rule:233 - rule 117617 - U5Cobra4M][GTZC] default value MPCBB3 and MPCBB5 - Privileged memory - MPCBB4 is applicable
2025-08-16 13:33:06,947 [INFO] Rule:233 - rule Rename SubGHz_Phy SUBGHZ_APPLICATION SUBGHZ_PINGPONG to SUBGHZ_ADV_APPLICATION is applicable
2025-08-16 13:33:06,947 [INFO] Rule:233 - rule Rename Enabled to IBEACON is applicable
2025-08-16 13:33:06,947 [INFO] Rule:233 - rule GTZC_S instance for project manager is applicable
2025-08-16 13:33:06,947 [INFO] Rule:233 - rule GTZC_S instance for context M33S is applicable
2025-08-16 13:33:06,947 [INFO] Rule:233 - rule GTZC_S instance value for IP GTZC is applicable
2025-08-16 13:33:06,947 [INFO] Rule:233 - rule GTZC_S instance for mcu.IP is applicable
2025-08-16 13:33:06,947 [INFO] Rule:233 - rule GTZC_S instance for VP is applicable
2025-08-16 13:33:06,947 [INFO] Rule:233 - rule GTZC_S instance for signal is applicable
2025-08-16 13:33:06,947 [INFO] Rule:233 - rule GTZC_S instance for mcu.Pin is applicable
2025-08-16 13:33:06,947 [INFO] Rule:233 - rule GTZC_S instance for VP is applicable
2025-08-16 13:33:06,947 [INFO] Rule:233 - rule GTZC_S instance for signal is applicable
2025-08-16 13:33:06,947 [INFO] Rule:233 - rule GTZC_S instance for mcu is applicable
2025-08-16 13:33:06,947 [INFO] Rule:233 - rule GTZC_S instance for mcu.Pin is applicable
2025-08-16 13:33:06,947 [INFO] Rule:233 - rule GTZC_S instance value for IP GTZC is applicable
2025-08-16 13:33:06,947 [INFO] Rule:233 - rule GTZC_S instance for project manager is applicable
2025-08-16 13:33:06,947 [INFO] Rule:233 - rule GTZC_S instance for context M33S is applicable
2025-08-16 13:33:06,947 [INFO] Rule:233 - rule GTZC_S instance for VP is applicable
2025-08-16 13:33:06,947 [INFO] Rule:233 - rule GTZC_S instance for signal is applicable
2025-08-16 13:33:06,947 [INFO] Rule:233 - rule SPDIFRX instance for mcu is applicable
2025-08-16 13:33:06,947 [INFO] Rule:233 - rule Rename Tracer Mode is applicable
2025-08-16 13:33:06,947 [INFO] Rule:233 - rule SPDIFRX instance value for IP SPDIFRX is applicable
2025-08-16 13:33:06,947 [INFO] Rule:233 - rule SPDIFRX instance for signal is applicable
2025-08-16 13:33:06,947 [INFO] Rule:233 - rule SPDIFRX instance for project manager is applicable
2025-08-16 13:33:06,947 [INFO] Rule:233 - rule SPDIFRX instance for project manager is applicable
2025-08-16 13:33:06,947 [INFO] Rule:233 - rule ADC Scan  fix with FW F7 is applicable
2025-08-16 13:33:06,947 [INFO] Rule:233 - rule ADC Scan  fix with FW F7 is applicable
2025-08-16 13:33:06,947 [INFO] Rule:233 - rule WakeUp0 Mode is applicable
2025-08-16 13:33:06,947 [INFO] Rule:233 - rule WakeUp0 SIGNAL is applicable
2025-08-16 13:33:06,947 [INFO] Rule:233 - rule WakeUp1 Mode is applicable
2025-08-16 13:33:06,947 [INFO] Rule:233 - rule WakeUp1 SIGNAL is applicable
2025-08-16 13:33:06,947 [INFO] Rule:233 - rule WakeUp2 Mode is applicable
2025-08-16 13:33:06,947 [INFO] Rule:233 - rule WakeUp2 SIGNAL is applicable
2025-08-16 13:33:06,947 [INFO] Rule:233 - rule WakeUp4 Mode is applicable
2025-08-16 13:33:06,947 [INFO] Rule:233 - rule WakeUp4 SIGNAL is applicable
2025-08-16 13:33:06,947 [INFO] Rule:233 - rule WakeUp5 Mode is applicable
2025-08-16 13:33:06,948 [INFO] Rule:233 - rule WakeUp5 SIGNAL is applicable
2025-08-16 13:33:06,948 [INFO] Rule:233 - rule Add RTC Activate Clock Source is applicable
2025-08-16 13:33:06,948 [INFO] Rule:233 - rule Add RTC Activate Calendar 1 is applicable
2025-08-16 13:33:06,948 [INFO] Rule:233 - rule Add RTC Activate Calendar 2 is applicable
2025-08-16 13:33:06,948 [INFO] Rule:233 - rule Add RTC Activate Calendar 3 is applicable
2025-08-16 13:33:06,948 [INFO] Rule:233 - rule UART/USART TX Mode is applicable
2025-08-16 13:33:06,948 [INFO] Rule:233 - rule UART/USART RX Mode is applicable
2025-08-16 13:33:06,948 [INFO] Rule:233 - rule UART/USART RX TX Mode is applicable
2025-08-16 13:33:06,948 [INFO] Rule:233 - rule UART/USART PARITY NONE is applicable
2025-08-16 13:33:06,948 [INFO] Rule:233 - rule UART/USART PARITY EVEN is applicable
2025-08-16 13:33:06,948 [INFO] Rule:233 - rule UART/USART PARITY ODD is applicable
2025-08-16 13:33:06,948 [INFO] Rule:233 - rule USART StopBits 1 is applicable
2025-08-16 13:33:06,948 [INFO] Rule:233 - rule USART StopBits 2 is applicable
2025-08-16 13:33:06,948 [INFO] Rule:233 - rule USART StopBits 1.5 is applicable
2025-08-16 13:33:06,948 [INFO] Rule:233 - rule USART StopBits 0.5 is applicable
2025-08-16 13:33:06,948 [INFO] Rule:233 - rule UART/USART WORD LENGTH 7 is applicable
2025-08-16 13:33:06,948 [INFO] Rule:233 - rule UART/USART WORD LENGTH 8 is applicable
2025-08-16 13:33:06,948 [INFO] Rule:233 - rule UART/USART WORD LENGTH 9 is applicable
2025-08-16 13:33:06,948 [INFO] Rule:233 - rule Rename FMC NAND NCE signal is applicable
2025-08-16 13:33:06,948 [INFO] Rule:233 - rule Rename FMC NAND INT signal is applicable
2025-08-16 13:33:06,948 [INFO] Rule:233 - rule Change Default Value for LSE Drive Capability for WB family is applicable
2025-08-16 13:33:06,948 [INFO] Rule:233 - rule Change Default Value for ADC Clock Prescaler G0 family is applicable
2025-08-16 13:33:06,948 [INFO] Rule:233 - rule Change Default Value for ADC ExternalTrigConv L4 family is applicable
2025-08-16 13:33:06,948 [INFO] Rule:233 - rule Change Default Value for ADC ExternalTrigInjecConv L4 family is applicable
2025-08-16 13:33:06,948 [INFO] Rule:233 - rule Change Default Value for ADC ExternalTrigConv F3 family is applicable
2025-08-16 13:33:06,948 [INFO] Rule:233 - rule Change Default Value for ADC ExternalTrigInjecConv F3 family is applicable
2025-08-16 13:33:06,948 [INFO] Rule:233 - rule Change Default Value for ADC ExternalTrigConv Goldfish serie is applicable
2025-08-16 13:33:06,948 [INFO] Rule:233 - rule Change Default Value for ADC ExternalTrigInjecConv Goldfish serie is applicable
2025-08-16 13:33:06,948 [INFO] Rule:233 - rule Change Default Value for ADC ExternalTrigConv L0 family is applicable
2025-08-16 13:33:06,948 [INFO] Rule:233 - rule Change Default Value for ADC ExternalTrigConv F0 family is applicable
2025-08-16 13:33:06,948 [INFO] Rule:233 - rule Change Default Value for ADC ExternalTrigConvn L1 family is applicable
2025-08-16 13:33:06,948 [INFO] Rule:233 - rule Change Default Value for ADC ExternalTrigInjecConv L1 family is applicable
2025-08-16 13:33:06,948 [INFO] Rule:233 - rule Change Default Value for ADC ExternalTrigConv F1 family is applicable
2025-08-16 13:33:06,948 [INFO] Rule:233 - rule Change Default Value for ADC ExternalTrigInjecConv F1 family is applicable
2025-08-16 13:33:06,948 [INFO] Rule:233 - rule Change Default Value for ADC ExternalTrigConv F7 family is applicable
2025-08-16 13:33:06,948 [INFO] Rule:233 - rule Change Default Value for ADC ExternalTrigInjecConv F7 family is applicable
2025-08-16 13:33:06,948 [INFO] Rule:233 - rule Change Default Value for ADC ExternalTrigConv F4 and F2 family is applicable
2025-08-16 13:33:06,948 [INFO] Rule:233 - rule Change Default Value for ADC ExternalTrigInjecConv F4 and F2 family is applicable
2025-08-16 13:33:06,948 [INFO] Rule:233 - rule ADC SamplingTime fix with FW L0  is applicable
2025-08-16 13:33:06,948 [INFO] Rule:233 - rule ADC SamplingTime fix with FW L0  is applicable
2025-08-16 13:33:06,948 [INFO] Rule:233 - rule ADC SamplingTime fix with FW L0 is applicable
2025-08-16 13:33:06,948 [INFO] Rule:233 - rule ADC SamplingTime fix with FW L0 is applicable
2025-08-16 13:33:06,948 [INFO] Rule:233 - rule ADC SamplingTime fix with FW L0  is applicable
2025-08-16 13:33:06,948 [INFO] Rule:233 - rule ADC SamplingTime fix with FW L0 is applicable
2025-08-16 13:33:06,948 [INFO] Rule:233 - rule Rename USB_OE Signal is applicable
2025-08-16 13:33:06,948 [INFO] Rule:233 - rule Rename Activate_OE Mode is applicable
2025-08-16 13:33:06,949 [INFO] Rule:233 - rule Rename DIE462/DIE415 pin PC14/OSC32_IN -> PC14-OSC32_IN (PC14) is applicable
2025-08-16 13:33:06,949 [INFO] Rule:233 - rule Rename DIE462/DIE415 pin PC15/OSC32_OUT -> PC15-OSC32_OUT (PC15) is applicable
2025-08-16 13:33:06,949 [INFO] Rule:233 - rule Rename DIE462/DIE415 pin PH0/OSC_IN -> PH0-OSC_IN (PH0) is applicable
2025-08-16 13:33:06,949 [INFO] Rule:233 - rule Rename DIE462/DIE415 pin PH1/OSC_OUT -> PH1-OSC_OUT (PH1) is applicable
2025-08-16 13:33:06,949 [INFO] Rule:233 - rule Rename DIE462 pin PA13 -> PA13 (JTMS/SWDIO) is applicable
2025-08-16 13:33:06,949 [INFO] Rule:233 - rule Rename DIE415 pin PA13 -> PA13 (JTMS/SWDIO) is applicable
2025-08-16 13:33:06,949 [INFO] Rule:233 - rule Rename DIE462 pin PA14 -> PA14 (JTCK/SWCLK) is applicable
2025-08-16 13:33:06,949 [INFO] Rule:233 - rule Rename DIE415 pin PA14 -> PA14 (JTCK/SWCLK) is applicable
2025-08-16 13:33:06,949 [INFO] Rule:233 - rule Rename DIE462/DIE415 pin PA15 -> PA15 (JTDI) is applicable
2025-08-16 13:33:06,949 [INFO] Rule:233 - rule Rename DIE462 pin PB3 -> PB3 (JTD0/TRACESWO) is applicable
2025-08-16 13:33:06,949 [INFO] Rule:233 - rule Rename DIE415 pin PB3 -> PB3 (JTD0-TRACESWO) is applicable
2025-08-16 13:33:06,949 [INFO] Rule:233 - rule Rename DIE462/DIE415 pin PB4 -> PB4 (NJTRST) is applicable
2025-08-16 13:33:06,949 [INFO] Rule:233 - rule Rename DIE462 pin PH3/BOOT0 -> PH3-BOOT0 (BOOT0) is applicable
2025-08-16 13:33:06,949 [INFO] Rule:233 - rule Rename CRYP DataEncryptionTypesList to Algorithm is applicable
2025-08-16 13:33:06,949 [INFO] Rule:233 - rule Rename AES DataEncryptionTypesList to Algorithm is applicable
2025-08-16 13:33:06,949 [INFO] Rule:233 - rule Rename TDESECB to CRYP_TDES_ECB is applicable
2025-08-16 13:33:06,949 [INFO] Rule:233 - rule Rename TDESCBC to CRYP_TDES_CBC is applicable
2025-08-16 13:33:06,949 [INFO] Rule:233 - rule Rename DESECB to CRYP_DES_ECB is applicable
2025-08-16 13:33:06,949 [INFO] Rule:233 - rule Rename DESCBC to CRYP_DES_CBC is applicable
2025-08-16 13:33:06,949 [INFO] Rule:233 - rule Rename AESECB to CRYP_AES_ECB is applicable
2025-08-16 13:33:06,949 [INFO] Rule:233 - rule Rename AESCBC to CRYP_AES_CBC is applicable
2025-08-16 13:33:06,949 [INFO] Rule:233 - rule Rename AESCTR to CRYP_AES_CTR is applicable
2025-08-16 13:33:06,949 [INFO] Rule:233 - rule Rename AESGCM to CRYP_AES_GCM is applicable
2025-08-16 13:33:06,949 [INFO] Rule:233 - rule Rename AESCCM to CRYP_AES_CCM is applicable
2025-08-16 13:33:06,949 [INFO] Rule:233 - rule Rename CAN TimeSeg1 to BS1 is applicable
2025-08-16 13:33:06,949 [INFO] Rule:233 - rule Rename CAN TimeSeg2 to BS2 is applicable
2025-08-16 13:33:06,949 [INFO] Rule:233 - rule Rename CAN SyncJumpWidth to SJW is applicable
2025-08-16 13:33:06,949 [INFO] Rule:233 - rule TimeTriggeredMode to TTCM is applicable
2025-08-16 13:33:06,949 [INFO] Rule:233 - rule Rename CAN AutoBusOff to ABOM is applicable
2025-08-16 13:33:06,949 [INFO] Rule:233 - rule Rename CAN AutoWakeUp to AWUM is applicable
2025-08-16 13:33:06,949 [INFO] Rule:233 - rule Rename CAN AutoRetransmission to NART is applicable
2025-08-16 13:33:06,949 [INFO] Rule:233 - rule Rename CAN ReceiveFifoLocked to RFLM is applicable
2025-08-16 13:33:06,949 [INFO] Rule:233 - rule Rename CAN TransmitFifoPriority to TXFP is applicable
2025-08-16 13:33:06,949 [INFO] Rule:233 - rule Rename HRTIMER HRTIM_OUTPUTFAULTLEVEL_HIGH in HRTIMER HRTIM_OUTPUTFAULTLEVEL_HIGHZ is applicable
2025-08-16 13:33:06,949 [INFO] Rule:233 - rule Rename TIMER TIM_CLEARINPUTSOURCE_OCREFCLR in  TIMER TIM_CLEARINPUTSOURCE_NONE for F7 family is applicable
2025-08-16 13:33:06,949 [INFO] Rule:233 - rule FDCAN_R1 - Rename FDCAN mode Master into Classic is applicable
2025-08-16 13:33:06,949 [INFO] Rule:233 - rule FDCAN_R2 - Rename FDCAN mode Slave into Classic is applicable
2025-08-16 13:33:06,949 [INFO] Rule:233 - rule FDCAN1_R3 - if PA10.Mode=FullDuplex, add Pin PA12 is applicable
2025-08-16 13:33:06,949 [INFO] Rule:233 - rule FDCAN1_R3 - if PA9.Mode=FullDuplex, add Pin PA11 is applicable
2025-08-16 13:33:06,949 [INFO] Rule:233 - rule FDCAN1_R3 - Alternatepin_1 - if PE1.Mode=FullDuplex, add Pin PB9 is applicable
2025-08-16 13:33:06,949 [INFO] Rule:233 - rule FDCAN1_R3 - Alternatepin_1 - if PE0.Mode=FullDuplex, add Pin PB8 is applicable
2025-08-16 13:33:06,949 [INFO] Rule:233 - rule FDCAN1_R3 - Alternatepin_2 - if PD5.Mode=FullDuplex, add Pin PD1 is applicable
2025-08-16 13:33:06,949 [INFO] Rule:233 - rule FDCAN1_R3 - Alternatepin_2 - if PD4.Mode=FullDuplex, add Pin PD0 is applicable
2025-08-16 13:33:06,949 [INFO] Rule:233 - rule FDCAN1_R4 - Rename Mode FullDuplex into Enable FDCAN_TXFD for pin PA10 is applicable
2025-08-16 13:33:06,949 [INFO] Rule:233 - rule FDCAN1_R4 - Rename Mode FullDuplex into Enable FDCAN_TXFD for pin PA9 is applicable
2025-08-16 13:33:06,949 [INFO] Rule:233 - rule FDCAN1_R4 - Alternatepin_1 - Rename Mode FullDuplex into Enable FDCAN_TXFD for pin PE1 is applicable
2025-08-16 13:33:06,949 [INFO] Rule:233 - rule FDCAN1_R4 - Alternatepin_1 - Rename Mode FullDuplex into Enable FDCAN_TXFD for pin PE0 is applicable
2025-08-16 13:33:06,949 [INFO] Rule:233 - rule FDCAN1_R4 - Alternatepin_2 - Rename Mode FullDuplex into Enable FDCAN_TXFD for pin PD5 is applicable
2025-08-16 13:33:06,949 [INFO] Rule:233 - rule FDCAN1_R4 - Alternatepin_2 - Rename Mode FullDuplex into Enable FDCAN_TXFD for pin PD4 is applicable
2025-08-16 13:33:06,949 [INFO] Rule:233 - rule FDCAN2_R3 - if PD10.Mode=FullDuplex, add Pin PB13 is applicable
2025-08-16 13:33:06,949 [INFO] Rule:233 - rule FDCAN2_R3 - if PD9.Mode=FullDuplex, add Pin PB12 is applicable
2025-08-16 13:33:06,949 [INFO] Rule:233 - rule FDCAN2_R3 - Alternatepin_1 - if PB7.Mode=FullDuplex, add Pin PB6 is applicable
2025-08-16 13:33:06,949 [INFO] Rule:233 - rule FDCAN2_R3 - Alternatepin_1 - if PD9.Mode=FullDuplex, add Pin PB12 is applicable
2025-08-16 13:33:06,949 [INFO] Rule:233 - rule FDCAN2_R4 - Rename Mode FullDuplex into Enable FDCAN_TXFD for pin PD10 is applicable
2025-08-16 13:33:06,949 [INFO] Rule:233 - rule FDCAN2_R4 - Rename Mode FullDuplex into Enable FDCAN_TXFD for pin PD9 is applicable
2025-08-16 13:33:06,949 [INFO] Rule:233 - rule FDCAN2_R4 - Alternatepin_1 - Rename Mode FullDuplex into Enable FDCAN_TXFD for pin PB7 is applicable
2025-08-16 13:33:06,949 [INFO] Rule:233 - rule FDCAN2_R4 - Alternatepin_1 - Rename Mode FullDuplex into Enable FDCAN_TXFD for pin PD6 is applicable
2025-08-16 13:33:06,949 [INFO] Rule:233 - rule USART TxPinLevelInvertParam Mode is applicable
2025-08-16 13:33:06,949 [INFO] Rule:233 - rule USART RxPinLevelInvertParam Mode is applicable
2025-08-16 13:33:06,949 [INFO] Rule:233 - rule USART DataInvertParam Mode is applicable
2025-08-16 13:33:06,949 [INFO] Rule:233 - rule USART SwapParam Mode is applicable
2025-08-16 13:33:06,949 [INFO] Rule:233 - rule USART OverrunDisableParam Mode is applicable
2025-08-16 13:33:06,949 [INFO] Rule:233 - rule USART DMADisableonRxErrorParam Mode is applicable
2025-08-16 13:33:06,949 [INFO] Rule:233 - rule USART MSBFirstParam Mode is applicable
2025-08-16 13:33:06,949 [INFO] Rule:233 - rule Update MwName for USB_DEVICE is applicable
2025-08-16 13:33:06,949 [INFO] Rule:233 - rule Change PWR_Regulator_Voltage_Scale Default Value for RCC  H7 family is applicable
2025-08-16 13:33:06,949 [INFO] Rule:233 - rule UART/USART IPParameter rename Prescaler parameter to ClockPrescaler is applicable
2025-08-16 13:33:06,949 [INFO] Rule:233 - rule UART/USART Prescaler rename Prescaler parameter to ClockPrescaler is applicable
2025-08-16 13:33:06,949 [INFO] Rule:233 - rule TIM1CLockSelection is applicable
2025-08-16 13:33:06,949 [INFO] Rule:233 - rule TIM15CLockSelection is applicable
2025-08-16 13:33:06,949 [INFO] Rule:233 - rule align RCC SDMMC3CLockSelection default value on MP1 is applicable
2025-08-16 13:33:06,949 [INFO] Rule:233 - rule align RCC SDMMC12CLockSelection default value on MP1 is applicable
2025-08-16 13:33:06,949 [INFO] Rule:233 - rule align RCC QSPICLockSelection default value on MP1 is applicable
2025-08-16 13:33:06,949 [INFO] Rule:233 - rule align RCC QSPICLockSelection default value on MP1 is applicable
2025-08-16 13:33:06,949 [INFO] Rule:233 - rule align RCC SPI6CLockSelection default value on MP1 is applicable
2025-08-16 13:33:06,949 [INFO] Rule:233 - rule align RCC LPTIM23CLockSelection default value on MP1 is applicable
2025-08-16 13:33:06,949 [INFO] Rule:233 - rule align RCC LPTIM1CLockSelection default value on MP1 is applicable
2025-08-16 13:33:06,949 [INFO] Rule:233 - rule align RCC USART1CLockSelection default value on MP1 is applicable
2025-08-16 13:33:06,949 [INFO] Rule:233 - rule align RCC USART24CLockSelection default value on MP1 is applicable
2025-08-16 13:33:06,949 [INFO] Rule:233 - rule align RCC USART6CLockSelection default value on MP1 is applicable
2025-08-16 13:33:06,949 [INFO] Rule:233 - rule align RCC UART78CLockSelection default value on MP1 is applicable
2025-08-16 13:33:06,949 [INFO] Rule:233 - rule align RCC USART35CLockSelection default value on MP1 is applicable
2025-08-16 13:33:06,949 [INFO] Rule:233 - rule align RCC SPI45CLockSelection default value on MP1 is applicable
2025-08-16 13:33:06,949 [INFO] Rule:233 - rule align RCC I2C46CLockSelection BCLK value on MP1 is applicable
2025-08-16 13:33:06,949 [INFO] Rule:233 - rule align RCC SPI45CLockSelection default value on MP1 is applicable
2025-08-16 13:33:06,949 [INFO] Rule:233 - rule align RCC I2C12CLockSelection default value on MP1 is applicable
2025-08-16 13:33:06,949 [INFO] Rule:233 - rule align RCC I2C35CLockSelection default value on MP1 is applicable
2025-08-16 13:33:06,949 [INFO] Rule:233 - rule align RCC LPTIM45CLockSelection default value on MP1 is applicable
2025-08-16 13:33:06,949 [INFO] Rule:233 - rule Rename DCMI PIXCK signal is applicable
2025-08-16 13:33:06,949 [INFO] Rule:233 - rule Change Default Value for I2C46CLockSelection MP1 family is applicable
2025-08-16 13:33:06,949 [INFO] Rule:233 - rule Change Default Value for UART for G4, G0 and WB families is applicable
2025-08-16 13:33:06,949 [INFO] Rule:233 - rule Change Default Value for USART for G4, G0 and WB families is applicable
2025-08-16 13:33:06,949 [INFO] Rule:233 - rule Change Default Value for USART for G4 family is applicable
2025-08-16 13:33:06,949 [INFO] Rule:233 - rule Change USART1CLockSelection refparam name for MP1 is applicable
2025-08-16 13:33:06,949 [INFO] Rule:233 - rule Change USART2CLockSelection refparam name for MP1 is applicable
2025-08-16 13:33:06,949 [INFO] Rule:233 - rule Change USART3CLockSelection refparam name for MP1 is applicable
2025-08-16 13:33:06,949 [INFO] Rule:233 - rule Change UART4CLockSelection refparam name for MP1 is applicable
2025-08-16 13:33:06,949 [INFO] Rule:233 - rule Change UART5CLockSelection refparam name for MP1 is applicable
2025-08-16 13:33:06,949 [INFO] Rule:233 - rule Change LPUART1CLockSelection refparam name for MP1 is applicable
2025-08-16 13:33:06,949 [INFO] Rule:233 - rule Change LPTIM1CLockSelection refparam name for MP1 is applicable
2025-08-16 13:33:06,949 [INFO] Rule:233 - rule Change LPTIM2CLockSelection refparam name for MP1 is applicable
2025-08-16 13:33:06,949 [INFO] Rule:233 - rule Change RCC_MCO1Source refparam name for MP1 is applicable
2025-08-16 13:33:06,949 [INFO] Rule:233 - rule Change LSCOSource1 refparam name for MP1 is applicable
2025-08-16 13:33:06,949 [INFO] Rule:233 - rule Change SMPSCLockSelection refparam name for MP1 is applicable
2025-08-16 13:33:06,949 [INFO] Rule:233 - rule Change LPTIM3CLockSelection refparam name for MP1 is applicable
2025-08-16 13:33:06,950 [INFO] Rule:233 - rule Change MPCBB* Default Template Mode to Parameters is applicable
2025-08-16 13:33:06,950 [INFO] Rule:233 - rule Change MPCWM* or MPCBB* Secure Mode to Parameters is applicable
2025-08-16 13:33:06,950 [INFO] Rule:233 - rule Change MPCWM* or MPCBB* No Secure Mode to Parameters is applicable
2025-08-16 13:33:06,950 [INFO] Rule:233 - rule Change TZSC IP Secure Mode to Parameters is applicable
2025-08-16 13:33:06,950 [INFO] Rule:233 - rule Change TZSC IP No Secure Mode to Parameters is applicable
2025-08-16 13:33:06,950 [INFO] Rule:233 - rule Change TZSC IP Privilege Mode to Parameters is applicable
2025-08-16 13:33:06,950 [INFO] Rule:233 - rule Change TZSC IP No Privilege Mode to Parameters is applicable
2025-08-16 13:33:06,950 [INFO] Rule:233 - rule Change TZIC IT Secure Mode to Parameters is applicable
2025-08-16 13:33:06,950 [INFO] Rule:233 - rule Change TZIC IT No Secure Mode to Parameters is applicable
2025-08-16 13:33:06,950 [INFO] Rule:233 - rule Add MPCBB1_NonSecureArea_Start_Address value with referenced to MPCBB1_NonSecureArea_Start value is applicable
2025-08-16 13:33:06,950 [INFO] Rule:233 - rule Add MPCBB2_NonSecureArea_Start_Address value with referenced to MPCBB2_NonSecureArea_Start value is applicable
2025-08-16 13:33:06,950 [INFO] Rule:233 - rule Add MPCWM1_NonSecureArea*_Start_Address value with referenced to MPCWM1_NonSecureArea*_Start value is applicable
2025-08-16 13:33:06,950 [INFO] Rule:233 - rule Add MPCWM2_NonSecureArea*_Start_Address value with referenced to MPCWM2_NonSecureArea*_Start value is applicable
2025-08-16 13:33:06,950 [INFO] Rule:233 - rule Add MPCWM3_NonSecureArea_Start_Address value with referenced to MPCWM3_NonSecureArea_Start value is applicable
2025-08-16 13:33:06,950 [INFO] Rule:233 - rule Change Default Value for PLL1UserDefinedConfig is applicable
2025-08-16 13:33:06,950 [INFO] Rule:233 - rule Change GPIO_PuPd Default Value for USART in async mode is applicable
2025-08-16 13:33:06,950 [INFO] Rule:233 - rule Change SMPSDivider Default Value is applicable
2025-08-16 13:33:06,950 [INFO] Rule:233 - rule OPAMP is applicable
2025-08-16 13:33:06,951 [INFO] Rule:233 - rule LPUART IPParameter rename Prescaler parameter to ClockPrescaler for STM32H7 is applicable
2025-08-16 13:33:06,951 [INFO] Rule:233 - rule LPUART IPParameter rename Prescaler parameter to ClockPrescaler for STM32H7 is applicable
2025-08-16 13:33:06,951 [INFO] Rule:233 - rule LPUART IPParameter rename Prescaler parameter to ClockPrescaler for STM32WB is applicable
2025-08-16 13:33:06,951 [INFO] Rule:233 - rule LPUART IPParameter rename Prescaler parameter to ClockPrescaler for STM32WB is applicable
2025-08-16 13:33:06,951 [INFO] Rule:233 - rule LPUART IPParameter rename Prescaler parameter to ClockPrescaler for STM32G4 is applicable
2025-08-16 13:33:06,951 [INFO] Rule:233 - rule LPUART IPParameter rename Prescaler parameter to ClockPrescaler for STM32G4 is applicable
2025-08-16 13:33:06,951 [INFO] Rule:233 - rule LPUART IPParameter rename Prescaler parameter to ClockPrescaler for STM32L5 is applicable
2025-08-16 13:33:06,951 [INFO] Rule:233 - rule LPUART IPParameter rename Prescaler parameter to ClockPrescaler for STM32L5 is applicable
2025-08-16 13:33:06,951 [INFO] Rule:233 - rule LPUART IPParameter rename Prescaler parameter to ClockPrescaler for STM32G4 is applicable
2025-08-16 13:33:06,951 [INFO] Rule:233 - rule LPUART IPParameter rename Prescaler parameter to ClockPrescaler for STM32G4 is applicable
2025-08-16 13:33:06,951 [INFO] Rule:233 - rule USB device lib V2.5.3 for L0 rename USBD_SUPPORT_USER_STRING parameter to USBD_SUPPORT_USER_STRING_DESC4 is applicable
2025-08-16 13:33:06,951 [INFO] Rule:233 - rule I2SCLockSelection clock entry align is applicable
2025-08-16 13:33:06,951 [INFO] Rule:233 - rule Assign TIMx context if used as SYS timebase is applicable
2025-08-16 13:33:06,951 [INFO] Rule:233 - rule Change GPIO_Pu Default Value for I2C is applicable
2025-08-16 13:33:06,951 [INFO] Rule:233 - rule Change GPIO_Pu Default Value for SMBus is applicable
2025-08-16 13:33:06,951 [INFO] Rule:233 - rule change FDCAN default value is applicable
2025-08-16 13:33:06,951 [INFO] Rule:233 - rule Change mode sai is applicable
2025-08-16 13:33:06,951 [INFO] Rule:233 - rule **Change sai mode is applicable
2025-08-16 13:33:06,951 [INFO] Rule:233 - rule Rename STM32WPAN CFG_BLE_IRK to CFG_BLE_IR is applicable
2025-08-16 13:33:06,951 [INFO] Rule:233 - rule Rename STM32WPAN CFG_BLE_ERK to CFG_BLE_ER is applicable
2025-08-16 13:33:06,951 [INFO] Rule:233 - rule Rename STM32WPAN CFG_BLE_IRK_HEX to CFG_BLE_IR_HEX is applicable
2025-08-16 13:33:06,951 [INFO] Rule:233 - rule Rename STM32WPAN CFG_BLE_ERK_HEX to CFG_BLE_ER_HEX is applicable
2025-08-16 13:33:06,951 [INFO] Rule:233 - rule Adapt Old IOC before rework replace old CORTEX_M33/CORTEX_M55 attributes by the new one. is applicable
2025-08-16 13:33:06,951 [INFO] Rule:233 - rule Rename parametre of RCC RCC_APBDBG_DIV2 to RCC_TIMPRES_DIV2 is applicable
2025-08-16 13:33:06,951 [INFO] Rule:233 - rule Rename DIE493 pin PA10 [PA12] -> PA10 is applicable
2025-08-16 13:33:06,951 [INFO] Rule:233 - rule Rename DIE493 pin PA9 [PA11] -> PA9 is applicable
2025-08-16 13:33:06,951 [INFO] Rule:233 - rule Rename DIE492 PartNumber CPN STM32WBA5MJGHx -> STM32WBA5MMGHx is applicable
2025-08-16 13:33:06,951 [INFO] Rule:233 - rule Rename DIE492 PartNumber  Name STM32WBA5MJGHx -> STM32WBA5MMGHx is applicable
2025-08-16 13:33:06,951 [INFO] Rule:233 - rule Rename DIE492 PartNumber UserName STM32WBA5MJGHx -> STM32WBA5MMGHx is applicable
2025-08-16 13:33:06,951 [INFO] Rule:233 - rule Rename DIE492 PartNumber DeviceId STM32WBA5MJGHx -> STM32WBA5MMGHx is applicable
2025-08-16 13:33:06,951 [INFO] Rule:233 - rule Adapt Old IOC CSI. is applicable
2025-08-16 13:33:06,951 [INFO] Rule:233 - rule Adapt Old IOC DCMIPP. is applicable
2025-08-16 13:33:06,951 [INFO] Rule:233 - rule Adapt Old IOC DCMIPP Mode Parallel. is applicable
2025-08-16 13:33:06,951 [INFO] Rule:233 - rule Adapt Old IOC LTDC. is applicable
2025-08-16 13:33:06,951 [INFO] Rule:233 - rule Rename STM32MP2 RIF Peripheral LTDC RIF.RISUP.LTDC_L0L1.Privilege -> RIF.RISUP.LTDC_L1L2.Privilege is applicable
2025-08-16 13:33:06,951 [INFO] Rule:233 - rule Rename STM32MP2 RIF Peripheral LTDC RIF.RISUP.LTDC_L0L1.Privilege -> RIF.RISUP.LTDC_L1L2.Privilege is applicable
2025-08-16 13:33:06,951 [INFO] Rule:233 - rule Rename STM32MP2 RIF Peripheral LTDC RIF.RISUP.LTDC_L0L1.Lock -> RIF.RISUP.LTDC_L1L2.Lock is applicable
2025-08-16 13:33:06,951 [INFO] Rule:233 - rule Rename STM32MP2 RIF Peripheral LTDC RIF.RISUP.LTDC_L2.Lock -> RIF.RISUP.LTDC_L3.Lock is applicable
2025-08-16 13:33:06,951 [INFO] Rule:233 - rule Adapt the old IOC example for updating the SYS when it is misconfigured. is applicable
2025-08-16 13:33:06,951 [INFO] Rule:233 - rule Rename STM32C09 Mcu.Package LQFP64 -> LQFP48 is applicable
2025-08-16 13:33:06,951 [INFO] Rule:233 - rule Adapt the old IOC example for updating the SYS when it is misconfigured. is applicable
2025-08-16 13:33:06,951 [INFO] Rule:233 - rule Adapt the old IOC example for updating the SYS when it is misconfigured. is applicable
2025-08-16 13:33:06,962 [INFO] DbConfProperties:307 - Apply Compatibility (53/282 Rules)
2025-08-16 13:33:06,991 [INFO] ImportTextPane:234 - (OptionalMessage_ERROR) Unable to find key (Mcu.ThirdPartyNb) in loaded IOC file
2025-08-16 13:33:06,994 [INFO] ImportTextPane:234 - (OptionalMessage_ERROR) Pin12 (VP_RIF_VS_RIF1) cannot be retrieved for this MCU
2025-08-16 13:33:07,076 [INFO] RtosManager:558 - Registered RTOS mode: class=CMSIS, group=RTOS, mode=CMSIS_V1, owner=FREERTOS
2025-08-16 13:33:07,076 [INFO] RtosManager:558 - Registered RTOS mode: class=CMSIS, group=RTOS2, mode=CMSIS_V2, owner=FREERTOS
2025-08-16 13:33:07,076 [INFO] RtosManager:558 - Registered RTOS mode: class=RTOS, group=Core, mode=CMSIS_V1, owner=FREERTOS
2025-08-16 13:33:07,076 [INFO] RtosManager:558 - Registered RTOS mode: class=RTOS, group=Core, mode=CMSIS_V2, owner=FREERTOS
2025-08-16 13:33:07,077 [WARN] ModelIntegratedComponent:184 - Missing modes for component STMicroelectronics:FreeRTOS:0.0.1:STMicroelectronics:RTOS:FreeRTOS:Core:::10.2.0:
2025-08-16 13:33:07,092 [WARN] ModelIntegratedComponent:63 - No mode defined for component null
2025-08-16 13:33:07,092 [WARN] ModelIntegratedComponent:63 - No mode defined for component null
2025-08-16 13:33:07,092 [WARN] ModelIntegratedComponent:63 - No mode defined for component null
2025-08-16 13:33:07,092 [WARN] ModelIntegratedComponent:63 - No mode defined for component null
2025-08-16 13:33:07,092 [WARN] ModelIntegratedComponent:63 - No mode defined for component null
2025-08-16 13:33:07,092 [WARN] ModelIntegratedComponent:63 - No mode defined for component null
2025-08-16 13:33:07,092 [WARN] ModelIntegratedComponent:63 - No mode defined for component null
2025-08-16 13:33:07,092 [WARN] ModelIntegratedComponent:63 - No mode defined for component null
2025-08-16 13:33:07,092 [WARN] ModelIntegratedComponent:63 - No mode defined for component null
2025-08-16 13:33:07,092 [WARN] ModelIntegratedComponent:63 - No mode defined for component null
2025-08-16 13:33:07,092 [WARN] ModelIntegratedComponent:63 - No mode defined for component null
2025-08-16 13:33:07,092 [WARN] ModelIntegratedComponent:63 - No mode defined for component null
2025-08-16 13:33:07,092 [WARN] ModelIntegratedComponent:63 - No mode defined for component null
2025-08-16 13:33:07,092 [WARN] ModelIntegratedComponent:63 - No mode defined for component null
2025-08-16 13:33:07,092 [WARN] ModelIntegratedComponent:63 - No mode defined for component null
2025-08-16 13:33:07,092 [WARN] ModelIntegratedComponent:63 - No mode defined for component null
2025-08-16 13:33:07,092 [WARN] ModelIntegratedComponent:63 - No mode defined for component null
2025-08-16 13:33:07,092 [WARN] ModelIntegratedComponent:63 - No mode defined for component null
2025-08-16 13:33:07,092 [WARN] ModelIntegratedComponent:63 - No mode defined for component null
2025-08-16 13:33:07,092 [WARN] ModelIntegratedComponent:63 - No mode defined for component null
2025-08-16 13:33:07,092 [WARN] ModelIntegratedComponent:63 - No mode defined for component null
2025-08-16 13:33:07,092 [WARN] ModelIntegratedComponent:63 - No mode defined for component null
2025-08-16 13:33:07,092 [WARN] ModelIntegratedComponent:63 - No mode defined for component null
2025-08-16 13:33:07,092 [WARN] ModelIntegratedComponent:63 - No mode defined for component null
2025-08-16 13:33:07,092 [WARN] ModelIntegratedComponent:63 - No mode defined for component null
2025-08-16 13:33:07,092 [WARN] ModelIntegratedComponent:63 - No mode defined for component null
2025-08-16 13:33:07,092 [WARN] ModelIntegratedComponent:63 - No mode defined for component null
2025-08-16 13:33:07,092 [WARN] ModelIntegratedComponent:63 - No mode defined for component null
2025-08-16 13:33:07,092 [WARN] ModelIntegratedComponent:63 - No mode defined for component null
2025-08-16 13:33:07,092 [WARN] ModelIntegratedComponent:63 - No mode defined for component null
2025-08-16 13:33:07,092 [WARN] ModelIntegratedComponent:63 - No mode defined for component null
2025-08-16 13:33:07,092 [WARN] ModelIntegratedComponent:63 - No mode defined for component null
2025-08-16 13:33:07,092 [WARN] ModelIntegratedComponent:63 - No mode defined for component null
2025-08-16 13:33:07,092 [WARN] ModelIntegratedComponent:63 - No mode defined for component null
2025-08-16 13:33:07,092 [WARN] ModelIntegratedComponent:63 - No mode defined for component null
2025-08-16 13:33:07,092 [WARN] ModelPack:524 - Component already loaded: STMicroelectronics:HAL Drivers:0.0.0:STMicroelectronics:Device:STMicro_Driver:XSPI:HAL::0.0.1:HAL_XSPI
2025-08-16 13:33:07,210 [INFO] ThirdPartyModel:298 - Start build external matchings
2025-08-16 13:33:07,539 [INFO] ThirdPartyModel:316 - End build external matchings
2025-08-16 13:33:07,555 [INFO] ImportTextPane:234 - (OptionalMessage_ERROR) IP (RCC) : Invalid parameter (FamilyName)
2025-08-16 13:33:07,558 [INFO] ImportTextPane:234 - (OptionalMessage_ERROR) IP (RCC) : Parameter (RNGFreq_Value) has invalid value (64000000)
2025-08-16 13:33:07,558 [INFO] ImportTextPane:234 - (OptionalMessage_ERROR) IP (RCC) : Parameter (SDMMCFreq_Value) has invalid value (64000000)
2025-08-16 13:33:07,558 [INFO] ImportTextPane:234 - (OptionalMessage_ERROR) IP (RCC) : Parameter (USBFreq_Value) has invalid value (64000000)
2025-08-16 13:33:07,900 [INFO] UtilMem:75 - End LoadConfig() Used Memory: 754279840 Bytes (937426944)
2025-08-16 13:33:08,019 [WARN] ThirdParty:833 - waiting for thirdparty lock release [change project]
2025-08-16 13:33:08,019 [INFO] ThirdParty:835 - entering critical section [change project]
2025-08-16 13:33:08,019 [INFO] ThirdParty:1030 - CMSIS Pack Vendor :STMicroelectronics X-CUBE-PM33A1 1.0.0
2025-08-16 13:33:08,019 [INFO] ThirdParty:1030 - CMSIS Pack Vendor :STMicroelectronics USBPD 4.1
2025-08-16 13:33:08,019 [INFO] ThirdParty:1030 - CMSIS Pack Vendor :STMicroelectronics X-CUBE-NFC9 1.0.0
2025-08-16 13:33:08,019 [INFO] ThirdParty:1030 - CMSIS Pack Vendor :STMicroelectronics USB_HOST 2.0.0
2025-08-16 13:33:08,019 [INFO] ThirdParty:1030 - CMSIS Pack Vendor :STMicroelectronics FP-SNS-MOTENVWB1 1.4.0
2025-08-16 13:33:08,019 [INFO] ThirdParty:1030 - CMSIS Pack Vendor :STMicroelectronics X-CUBE-AZRTOS-F4 1.1.0
2025-08-16 13:33:08,020 [INFO] ThirdParty:1030 - CMSIS Pack Vendor :STMicroelectronics LIBJPEG 8.0.0
2025-08-16 13:33:08,020 [INFO] ThirdParty:1030 - CMSIS Pack Vendor :STMicroelectronics FP-ATR-ASTRA1 2.0.2
2025-08-16 13:33:08,020 [INFO] ThirdParty:1030 - CMSIS Pack Vendor :wolfSSL I-CUBE-wolfSSL 5.8.2
2025-08-16 13:33:08,020 [INFO] ThirdParty:1030 - CMSIS Pack Vendor :STMicroelectronics X-CUBE-BLE1 7.1.0
2025-08-16 13:33:08,020 [INFO] ThirdParty:1030 - CMSIS Pack Vendor :Avnet-IotConnect X-CUBE-IoTC-DA16k-PMOD 1.0.0
2025-08-16 13:33:08,020 [INFO] ThirdParty:1030 - CMSIS Pack Vendor :STMicroelectronics X-CUBE-SMBUS 2.1.0
2025-08-16 13:33:08,020 [INFO] ThirdParty:1030 - CMSIS Pack Vendor :wolfSSL I-CUBE-wolfMQTT 1.19.2
2025-08-16 13:33:08,020 [INFO] ThirdParty:1030 - CMSIS Pack Vendor :STMicroelectronics USB_DEVICE 3.0.0
2025-08-16 13:33:08,020 [INFO] ThirdParty:1030 - CMSIS Pack Vendor :STMicroelectronics X-CUBE-ISPU 2.1.0
2025-08-16 13:33:08,020 [INFO] ThirdParty:1030 - CMSIS Pack Vendor :STMicroelectronics X-CUBE-EEPRMA1 5.2.0
2025-08-16 13:33:08,020 [INFO] ThirdParty:1030 - CMSIS Pack Vendor :STMicroelectronics X-CUBE-BLEMGR 4.1.0
2025-08-16 13:33:08,020 [INFO] ThirdParty:1030 - CMSIS Pack Vendor :STMicroelectronics X-CUBE-AZRTOS-WB 2.0.0
2025-08-16 13:33:08,020 [INFO] ThirdParty:1030 - CMSIS Pack Vendor :STMicroelectronics X-CUBE-ST60 1.0.0
2025-08-16 13:33:08,020 [INFO] ThirdParty:1030 - CMSIS Pack Vendor :STMicroelectronics X-CUBE-GNSS1 7.0.1
2025-08-16 13:33:08,020 [INFO] ThirdParty:1030 - CMSIS Pack Vendor :STMicroelectronics X-CUBE-NFC12 1.0.0
2025-08-16 13:33:08,020 [INFO] ThirdParty:1030 - CMSIS Pack Vendor :STMicroelectronics X-CUBE-AZRTOS-F7 1.1.0
2025-08-16 13:33:08,020 [INFO] ThirdParty:1030 - CMSIS Pack Vendor :STMicroelectronics X-CUBE-AZRTOS-L5 2.0.0
2025-08-16 13:33:08,020 [INFO] ThirdParty:1030 - CMSIS Pack Vendor :STMicroelectronics X-CUBE-TOUCHGFX 4.25.0
2025-08-16 13:33:08,020 [INFO] ThirdParty:1030 - CMSIS Pack Vendor :STMicroelectronics USB_DEVICE 2.0.0
2025-08-16 13:33:08,020 [INFO] ThirdParty:1030 - CMSIS Pack Vendor :STMicroelectronics X-CUBE-NFC6 3.1.0
2025-08-16 13:33:08,020 [INFO] ThirdParty:1030 - CMSIS Pack Vendor :quantropi X-CUBE-qispace-sdk-base 2.1.0
2025-08-16 13:33:08,020 [INFO] ThirdParty:1030 - CMSIS Pack Vendor :STMicroelectronics FreeRTOS 0.0.1
2025-08-16 13:33:08,020 [INFO] ThirdParty:1030 - CMSIS Pack Vendor :STMicroelectronics X-CUBE-AZRTOS-G0 1.1.0
2025-08-16 13:33:08,020 [INFO] ThirdParty:1030 - CMSIS Pack Vendor :STMicroelectronics X-CUBE-SAFEA1 1.2.2
2025-08-16 13:33:08,020 [INFO] ThirdParty:1030 - CMSIS Pack Vendor :STMicroelectronics X-CUBE-NFC4 3.0.0
2025-08-16 13:33:08,020 [INFO] ThirdParty:1030 - CMSIS Pack Vendor :STMicroelectronics X-CUBE-SUBG2 5.0.0
2025-08-16 13:33:08,020 [INFO] ThirdParty:1030 - CMSIS Pack Vendor :STMicroelectronics X-CUBE-AZRTOS-H7RS 1.1.0
2025-08-16 13:33:08,020 [INFO] ThirdParty:1030 - CMSIS Pack Vendor :STMicroelectronics STM32_WPAN 1.0.0
2025-08-16 13:33:08,020 [INFO] ThirdParty:1030 - CMSIS Pack Vendor :EmbeddedOffice I-CUBE-FS-RTOS 1.0.1
2025-08-16 13:33:08,020 [INFO] ThirdParty:1030 - CMSIS Pack Vendor :STMicroelectronics lwIP 2.0.3
2025-08-16 13:33:08,020 [INFO] ThirdParty:1030 - CMSIS Pack Vendor :Cesanta I-CUBE-Mongoose 7.13.0
2025-08-16 13:33:08,020 [INFO] ThirdParty:1030 - CMSIS Pack Vendor :STMicroelectronics USB_HOST 1.0.0
2025-08-16 13:33:08,020 [INFO] ThirdParty:1030 - CMSIS Pack Vendor :Infineon AIROC-Wi-Fi-Bluetooth-STM32 1.7.1
2025-08-16 13:33:08,020 [INFO] ThirdParty:1030 - CMSIS Pack Vendor :STMicroelectronics X-CUBE-AZRTOS-G4 2.0.0
2025-08-16 13:33:08,020 [INFO] ThirdParty:1030 - CMSIS Pack Vendor :STMicroelectronics X-CUBE-WB05N 2.0.0
2025-08-16 13:33:08,020 [INFO] ThirdParty:1030 - CMSIS Pack Vendor :STMicroelectronics PDM2PCM 3.1.0
2025-08-16 13:33:08,021 [INFO] ThirdParty:1030 - CMSIS Pack Vendor :STMicroelectronics PDM2PCM 3.3.0
2025-08-16 13:33:08,021 [INFO] ThirdParty:1030 - CMSIS Pack Vendor :wolfSSL I-CUBE-wolfTPM 3.8.0
2025-08-16 13:33:08,021 [INFO] ThirdParty:1030 - CMSIS Pack Vendor :STMicroelectronics X-CUBE-AZRTOS-H7 3.4.0
2025-08-16 13:33:08,021 [INFO] ThirdParty:1030 - CMSIS Pack Vendor :STMicroelectronics X-CUBE-DISPLAY 3.0.0
2025-08-16 13:33:08,021 [INFO] ThirdParty:1030 - CMSIS Pack Vendor :wolfSSL I-CUBE-wolfSSH 1.4.20
2025-08-16 13:33:08,021 [INFO] ThirdParty:1030 - CMSIS Pack Vendor :STMicroelectronics X-CUBE-NFC7 2.0.0
2025-08-16 13:33:08,021 [INFO] ThirdParty:1030 - CMSIS Pack Vendor :STMicroelectronics X-CUBE-TCPP 4.2.0
2025-08-16 13:33:08,021 [INFO] ThirdParty:1030 - CMSIS Pack Vendor :RealThread X-CUBE-RT-Thread_Nano 4.1.1
2025-08-16 13:33:08,021 [INFO] ThirdParty:1030 - CMSIS Pack Vendor :STMicroelectronics FP-ATR-SIGFOX1 3.2.0
2025-08-16 13:33:08,021 [INFO] ThirdParty:1030 - CMSIS Pack Vendor :STMicroelectronics X-CUBE-NFC10 1.0.0
2025-08-16 13:33:08,021 [INFO] ThirdParty:1030 - CMSIS Pack Vendor :STMicroelectronics X-CUBE-FREERTOS 1.3.1
2025-08-16 13:33:08,021 [INFO] ThirdParty:1030 - CMSIS Pack Vendor :STMicroelectronics HAL Drivers 0.0.0
2025-08-16 13:33:08,021 [INFO] ThirdParty:1030 - CMSIS Pack Vendor :STMicroelectronics MBEDTLS 2.16.2
2025-08-16 13:33:08,021 [INFO] ThirdParty:1030 - CMSIS Pack Vendor :STMicroelectronics X-CUBE-IPS 3.1.0
2025-08-16 13:33:08,021 [INFO] ThirdParty:1030 - CMSIS Pack Vendor :STMicroelectronics X-CUBE-ALS 1.0.2
2025-08-16 13:33:08,021 [INFO] ThirdParty:1030 - CMSIS Pack Vendor :emotas I-CUBE-CANOPEN 1.3.0
2025-08-16 13:33:08,021 [INFO] ThirdParty:1030 - CMSIS Pack Vendor :STMicroelectronics MBEDTLS 2.14.1
2025-08-16 13:33:08,021 [INFO] ThirdParty:1030 - CMSIS Pack Vendor :ITTIA_DB I-CUBE-ITTIADB 8.9.0
2025-08-16 13:33:08,021 [INFO] ThirdParty:1030 - CMSIS Pack Vendor :portGmbH I-Cube-SoM-uGOAL 1.1.0
2025-08-16 13:33:08,021 [INFO] ThirdParty:1030 - CMSIS Pack Vendor :STMicroelectronics X-CUBE-ST67W61 1.0.0
2025-08-16 13:33:08,021 [INFO] ThirdParty:1030 - CMSIS Pack Vendor :STMicroelectronics FP-SNS-STBOX1 2.1.0
2025-08-16 13:33:08,021 [INFO] ThirdParty:1030 - CMSIS Pack Vendor :STMicroelectronics X-CUBE-AI 10.2.0
2025-08-16 13:33:08,021 [INFO] ThirdParty:1030 - CMSIS Pack Vendor :STMicroelectronics FP-SNS-STAIOTCFT 1.0.0
2025-08-16 13:33:08,021 [INFO] ThirdParty:1030 - CMSIS Pack Vendor :STMicroelectronics ThreadX 1.0.0
2025-08-16 13:33:08,021 [INFO] ThirdParty:1030 - CMSIS Pack Vendor :STMicroelectronics FP-SNS-SMARTAG2 1.2.0
2025-08-16 13:33:08,021 [INFO] ThirdParty:1030 - CMSIS Pack Vendor :STMicroelectronics FP-SNS-FLIGHT1 5.1.0
2025-08-16 13:33:08,021 [INFO] ThirdParty:1030 - CMSIS Pack Vendor :STMicroelectronics X-CUBE-AZRTOS-WL 2.0.0
2025-08-16 13:33:08,021 [INFO] ThirdParty:1030 - CMSIS Pack Vendor :SEGGER I-CUBE-embOS 1.3.1
2025-08-16 13:33:08,021 [INFO] ThirdParty:1030 - CMSIS Pack Vendor :STMicroelectronics X-CUBE-ALGOBUILD 1.4.0
2025-08-16 13:33:08,021 [INFO] ThirdParty:1030 - CMSIS Pack Vendor :STMicroelectronics X-CUBE-DPower 1.3.0
2025-08-16 13:33:08,021 [INFO] ThirdParty:1030 - CMSIS Pack Vendor :STMicroelectronics X-CUBE-MEMS1 11.3.0
2025-08-16 13:33:08,021 [INFO] ThirdParty:1030 - CMSIS Pack Vendor :STMicroelectronics FP-SNS-MOTENV1 5.0.0
2025-08-16 13:33:08,021 [INFO] ThirdParty:1030 - CMSIS Pack Vendor :STMicroelectronics USB_DEVICE 1.0.0
2025-08-16 13:33:08,021 [INFO] ThirdParty:1030 - CMSIS Pack Vendor :STMicroelectronics X-CUBE-AZRTOS-L4 2.0.0
2025-08-16 13:33:08,021 [INFO] ThirdParty:1030 - CMSIS Pack Vendor :STMicroelectronics ThreadX 0.0.2
2025-08-16 13:33:08,021 [INFO] ThirdParty:1030 - CMSIS Pack Vendor :WES I-CUBE-Cesium 1.3.0
2025-08-16 13:33:08,021 [INFO] ThirdParty:1030 - CMSIS Pack Vendor :STMicroelectronics lwIP 2.1.2
2025-08-16 13:33:08,021 [INFO] ThirdParty:1030 - CMSIS Pack Vendor :STMicroelectronics X-CUBE-SFXS2LP1 4.0.0
2025-08-16 13:33:08,021 [INFO] ThirdParty:1030 - CMSIS Pack Vendor :STMicroelectronics X-CUBE-BLE2 3.3.0
2025-08-16 13:33:08,021 [INFO] ThirdParty:1030 - CMSIS Pack Vendor :STMicroelectronics X-CUBE-TOF1 3.4.3
2025-08-16 13:33:08,021 [INFO] ThirdParty:1030 - CMSIS Pack Vendor :STMicroelectronics PDM2PCM 3.2.0
2025-08-16 13:33:08,021 [INFO] ThirdParty:841 - exiting critical section [change project]
2025-08-16 13:33:08,327 [INFO] PinOutPanel:1589 - setPackage(No Configuration,No Configuration)
2025-08-16 13:33:08,328 [INFO] PinOutPanel:1589 - setPackage(STM32L476RGTx,LQFP64)
2025-08-16 13:33:08,905 [INFO] UtilMem:75 - Before build in PCC Used Memory: 688221600 Bytes (937426944)
2025-08-16 13:33:09,634 [INFO] UtilMem:75 - After build in PCC Used Memory: 795698592 Bytes (937426944)
2025-08-16 13:33:09,661 [INFO] IPUIPlugin:80 - create IPUIPlugin
2025-08-16 13:33:09,661 [INFO] IPUIPlugin:80 - create IPUIPlugin
2025-08-16 13:33:09,661 [INFO] IPUIPlugin:80 - create IPUIPlugin
2025-08-16 13:33:09,661 [INFO] IPUIPlugin:80 - create IPUIPlugin
2025-08-16 13:33:09,662 [INFO] IPUIPlugin:80 - create IPUIPlugin
2025-08-16 13:33:09,662 [INFO] IPUIPlugin:80 - create IPUIPlugin
2025-08-16 13:33:09,662 [INFO] IPUIPlugin:80 - create IPUIPlugin
2025-08-16 13:33:09,662 [INFO] IPUIPlugin:80 - create IPUIPlugin
2025-08-16 13:33:09,662 [INFO] IPUIPlugin:80 - create IPUIPlugin
2025-08-16 13:33:09,662 [INFO] IPUIPlugin:80 - create IPUIPlugin
2025-08-16 13:33:09,662 [INFO] IPUIPlugin:80 - create IPUIPlugin
2025-08-16 13:33:09,662 [INFO] IPUIPlugin:80 - create IPUIPlugin
2025-08-16 13:33:09,662 [INFO] IPUIPlugin:80 - create IPUIPlugin
2025-08-16 13:33:09,662 [INFO] IPUIPlugin:80 - create IPUIPlugin
2025-08-16 13:33:09,662 [INFO] IPUIPlugin:80 - create IPUIPlugin
2025-08-16 13:33:09,662 [INFO] IPUIPlugin:80 - create IPUIPlugin
2025-08-16 13:33:09,663 [INFO] IPUIPlugin:80 - create IPUIPlugin
2025-08-16 13:33:09,663 [INFO] IPUIPlugin:80 - create IPUIPlugin
2025-08-16 13:33:09,663 [INFO] IPUIPlugin:80 - create IPUIPlugin
2025-08-16 13:33:09,663 [INFO] IPUIPlugin:80 - create IPUIPlugin
2025-08-16 13:33:09,663 [INFO] IPUIPlugin:80 - create IPUIPlugin
2025-08-16 13:33:09,663 [INFO] IPUIPlugin:80 - create IPUIPlugin
2025-08-16 13:33:09,664 [INFO] IPUIPlugin:80 - create IPUIPlugin
2025-08-16 13:33:09,664 [INFO] IPUIPlugin:80 - create IPUIPlugin
2025-08-16 13:33:09,664 [INFO] IPUIPlugin:80 - create IPUIPlugin
2025-08-16 13:33:09,664 [INFO] IPUIPlugin:80 - create IPUIPlugin
2025-08-16 13:33:09,664 [INFO] IPUIPlugin:80 - create IPUIPlugin
2025-08-16 13:33:09,664 [INFO] IPUIPlugin:80 - create IPUIPlugin
2025-08-16 13:33:09,665 [INFO] IPUIPlugin:80 - create IPUIPlugin
2025-08-16 13:33:09,665 [INFO] IPUIPlugin:80 - create IPUIPlugin
2025-08-16 13:33:09,665 [INFO] IPUIPlugin:80 - create IPUIPlugin
2025-08-16 13:33:09,665 [INFO] IPUIPlugin:80 - create IPUIPlugin
2025-08-16 13:33:09,665 [INFO] IPUIPlugin:80 - create IPUIPlugin
2025-08-16 13:33:09,665 [INFO] IPUIPlugin:80 - create IPUIPlugin
2025-08-16 13:33:09,666 [INFO] IPUIPlugin:80 - create IPUIPlugin
2025-08-16 13:33:09,666 [INFO] IPUIPlugin:80 - create IPUIPlugin
2025-08-16 13:33:09,666 [INFO] IPUIPlugin:80 - create IPUIPlugin
2025-08-16 13:33:09,666 [INFO] IPUIPlugin:80 - create IPUIPlugin
2025-08-16 13:33:09,666 [INFO] IPUIPlugin:80 - create IPUIPlugin
2025-08-16 13:33:09,667 [INFO] IPUIPlugin:80 - create IPUIPlugin
2025-08-16 13:33:09,667 [INFO] IPUIPlugin:80 - create IPUIPlugin
2025-08-16 13:33:09,667 [INFO] IPUIPlugin:80 - create IPUIPlugin
2025-08-16 13:33:09,667 [INFO] IPUIPlugin:80 - create IPUIPlugin
2025-08-16 13:33:09,668 [INFO] IPUIPlugin:80 - create IPUIPlugin
2025-08-16 13:33:09,668 [INFO] IPUIPlugin:80 - create IPUIPlugin
2025-08-16 13:33:09,669 [INFO] IPUIPlugin:80 - create IPUIPlugin
2025-08-16 13:33:09,669 [INFO] IPUIPlugin:80 - create IPUIPlugin
2025-08-16 13:33:09,669 [INFO] IPUIPlugin:80 - create IPUIPlugin
2025-08-16 13:33:09,669 [INFO] IPUIPlugin:80 - create IPUIPlugin
2025-08-16 13:33:09,669 [INFO] IPUIPlugin:80 - create IPUIPlugin
2025-08-16 13:33:09,669 [INFO] IPUIPlugin:80 - create IPUIPlugin
2025-08-16 13:33:09,670 [INFO] IPUIPlugin:80 - create IPUIPlugin
2025-08-16 13:33:09,670 [INFO] IPUIPlugin:80 - create IPUIPlugin
2025-08-16 13:33:09,670 [INFO] IPUIPlugin:80 - create IPUIPlugin
2025-08-16 13:33:09,671 [INFO] IPUIPlugin:80 - create IPUIPlugin
2025-08-16 13:33:09,672 [INFO] IPUIPlugin:80 - create IPUIPlugin
2025-08-16 13:33:09,672 [INFO] IPUIPlugin:80 - create IPUIPlugin
2025-08-16 13:33:09,672 [INFO] IPUIPlugin:80 - create IPUIPlugin
2025-08-16 13:33:09,672 [INFO] IPUIPlugin:80 - create IPUIPlugin
2025-08-16 13:33:09,884 [INFO] CADModel:165 - CPN selected for project levelSTM32L476RGT3
2025-08-16 13:33:09,884 [INFO] CADModel:114 - Register for checkConnection events
2025-08-16 13:33:09,931 [INFO] OpenFileManager:386 - Restore cursor
2025-08-16 13:33:10,602 [INFO] UtilMem:75 - End SaveConfig() Used Memory: 484877840 Bytes (937426944)
2025-08-16 13:33:30,510 [INFO] McuFinderGlobals:76 - Set McuFinderConnectedMode to true
2025-08-16 13:33:30,512 [INFO] ApiDb:448 - Save user favorites file C:\Users\Thorin/.stm32cubeide/favorites.mcus.txt: 0 item(s)
2025-08-16 13:33:30,512 [INFO] ApiDb:452 - User favorites MCUs=[]
2025-08-16 13:33:30,513 [INFO] ApiDb:448 - Save user favorites file C:\Users\Thorin/.stm32cubeide/favorites.boards.txt: 0 item(s)
2025-08-16 13:33:30,513 [INFO] ApiDb:452 - User favorites Boards=[]
2025-08-16 13:34:20,380 [ERROR] LogOutputStream:75 - [STDERR_REDIRECT] 
2025-08-16 13:34:20,381 [ERROR] LogOutputStream:75 - [STDERR_REDIRECT] 
2025-08-16 13:34:52,744 [INFO] Activator:176 - 


2025-08-16 13:34:52,746 [INFO] Activator:177 - !SESSION log4j initialized
2025-08-16 13:34:55,100 [INFO] LogOutputStream:77 - [STDOUT_REDIRECT] 
2025-08-16 13:34:56,344 [INFO] ApplicationProperties:184 - Using Application install path: C:\ST\STM32CubeIDE_1.19.0\STM32CubeIDE\plugins\com.st.stm32cube.common.mx_6.15.0.202507011659
2025-08-16 13:34:56,356 [INFO] DbMcusXml:78 - Set database path to: C:\ST\STM32CubeIDE_1.19.0\STM32CubeIDE\plugins\com.st.stm32cube.common.mx_6.15.0.202507011659\\db\/mcu/
2025-08-16 13:34:56,356 [INFO] ApiDb:274 - Set plugin database path to: C:\ST\STM32CubeIDE_1.19.0\STM32CubeIDE\plugins\com.st.stm32cube.common.mx_6.15.0.202507011659\\db\/plugins/boardmanager/
2025-08-16 13:34:56,356 [WARN] ApiDb:259 - Overriding images path with different value:  => C:\ST\STM32CubeIDE_1.19.0\STM32CubeIDE\plugins\com.st.stm32cube.common.mx_6.15.0.202507011659\\db\/plugins/mcufinder/images/
2025-08-16 13:34:56,360 [INFO] ApiDb:250 - Set database path to: C:\Users\Thorin\.stmcufinder\plugins\mcufinder//mcu/
2025-08-16 13:34:56,360 [INFO] DbMcusAds:125 - Set database path to: C:\Users\Thorin\.stmcufinder\plugins\mcufinder//mcu/
2025-08-16 13:34:56,362 [INFO] CrossReferenceDbSqlite:203 - Set database path to: C:\Users\Thorin\.stmcufinder\plugins\mcufinder//mcu/cs/
2025-08-16 13:34:56,458 [INFO] RulesReader:64 - Compatibility file has been processed (317 Rules)
2025-08-16 13:34:56,519 [INFO] DbMcusXml:78 - Set database path to: C:\ST\STM32CubeIDE_1.19.0\STM32CubeIDE\plugins\com.st.stm32cube.common.mx_6.15.0.202507011659\\db\/mcu/
2025-08-16 13:34:56,519 [INFO] ApiDb:274 - Set plugin database path to: C:\ST\STM32CubeIDE_1.19.0\STM32CubeIDE\plugins\com.st.stm32cube.common.mx_6.15.0.202507011659\\db\/plugins/boardmanager/
2025-08-16 13:34:56,519 [INFO] ApiDb:261 - Set plugin images path to: C:\ST\STM32CubeIDE_1.19.0\STM32CubeIDE\plugins\com.st.stm32cube.common.mx_6.15.0.202507011659\\db\/plugins/mcufinder/images/
2025-08-16 13:34:56,519 [WARN] DbFile:41 - Overriding database path with different value: C:\Users\Thorin\.stmcufinder\plugins\mcufinder/ => C:\Users\Thorin\.stmcufinder\plugins\mcufinder
2025-08-16 13:34:56,519 [INFO] ApiDb:250 - Set database path to: C:\Users\Thorin\.stmcufinder\plugins\mcufinder//mcu/
2025-08-16 13:34:56,519 [WARN] DbFile:41 - Overriding database path with different value: C:\Users\Thorin\.stmcufinder\plugins\mcufinder/ => C:\Users\Thorin\.stmcufinder\plugins\mcufinder
2025-08-16 13:34:56,519 [INFO] DbMcusAds:125 - Set database path to: C:\Users\Thorin\.stmcufinder\plugins\mcufinder//mcu/
2025-08-16 13:34:56,519 [WARN] DbFile:41 - Overriding database path with different value: C:\Users\Thorin\.stmcufinder\plugins\mcufinder/ => C:\Users\Thorin\.stmcufinder\plugins\mcufinder
2025-08-16 13:34:56,520 [WARN] DbFile:41 - Overriding database path with different value: C:\Users\Thorin\.stmcufinder\plugins\mcufinder/ => C:\Users\Thorin\.stmcufinder\plugins\mcufinder
2025-08-16 13:34:56,520 [INFO] CrossReferenceDbSqlite:203 - Set database path to: C:\Users\Thorin\.stmcufinder\plugins\mcufinder//mcu/cs/
2025-08-16 13:34:56,581 [INFO] MainPanel:274 - HeapMemory: 268435456
2025-08-16 13:34:56,640 [INFO] DbMcusXml:78 - Set database path to: C:\ST\STM32CubeIDE_1.19.0\STM32CubeIDE\plugins\com.st.stm32cube.common.mx_6.15.0.202507011659\\db\/mcu/
2025-08-16 13:34:56,640 [INFO] ApiDb:274 - Set plugin database path to: C:\ST\STM32CubeIDE_1.19.0\STM32CubeIDE\plugins\com.st.stm32cube.common.mx_6.15.0.202507011659\\db\/plugins/boardmanager/
2025-08-16 13:34:56,640 [INFO] ApiDb:261 - Set plugin images path to: C:\ST\STM32CubeIDE_1.19.0\STM32CubeIDE\plugins\com.st.stm32cube.common.mx_6.15.0.202507011659\\db\/plugins/mcufinder/images/
2025-08-16 13:34:56,640 [WARN] DbFile:41 - Overriding database path with different value: C:\Users\Thorin\.stmcufinder\plugins\mcufinder/ => C:\Users\Thorin\.stmcufinder\plugins\mcufinder
2025-08-16 13:34:56,641 [INFO] ApiDb:250 - Set database path to: C:\Users\Thorin\.stmcufinder\plugins\mcufinder//mcu/
2025-08-16 13:34:56,641 [WARN] DbFile:41 - Overriding database path with different value: C:\Users\Thorin\.stmcufinder\plugins\mcufinder/ => C:\Users\Thorin\.stmcufinder\plugins\mcufinder
2025-08-16 13:34:56,641 [INFO] DbMcusAds:125 - Set database path to: C:\Users\Thorin\.stmcufinder\plugins\mcufinder//mcu/
2025-08-16 13:34:56,641 [WARN] DbFile:41 - Overriding database path with different value: C:\Users\Thorin\.stmcufinder\plugins\mcufinder/ => C:\Users\Thorin\.stmcufinder\plugins\mcufinder
2025-08-16 13:34:56,641 [WARN] DbFile:41 - Overriding database path with different value: C:\Users\Thorin\.stmcufinder\plugins\mcufinder/ => C:\Users\Thorin\.stmcufinder\plugins\mcufinder
2025-08-16 13:34:56,641 [INFO] CrossReferenceDbSqlite:203 - Set database path to: C:\Users\Thorin\.stmcufinder\plugins\mcufinder//mcu/cs/
2025-08-16 13:34:56,654 [INFO] ApplicationProperties:184 - Using Application install path: C:\ST\STM32CubeIDE_1.19.0\STM32CubeIDE\plugins\com.st.stm32cube.common.mx_6.15.0.202507011659
2025-08-16 13:34:56,656 [INFO] PluginManage:196 - Search for loadable plugins [exclusion list=, ]
2025-08-16 13:34:56,657 [INFO] PluginManage:310 - Check plugin analytics
2025-08-16 13:34:56,799 [INFO] AnalyticsPlugin:253 - Accepted Software Licenses: 
2025-08-16 13:34:56,800 [INFO] AnalyticsPlugin:255 - Accepted CMSIS Pack Licenses: 
2025-08-16 13:34:56,800 [INFO] AnalyticsPlugin:257 - Accepted Firmware Licenses: 
2025-08-16 13:34:56,802 [INFO] PluginManage:359 - Loaded plugin analytics (category:tool,tabindex:-1)
2025-08-16 13:34:56,802 [INFO] PluginManage:310 - Check plugin cadmodel
2025-08-16 13:34:56,804 [INFO] CADModel:105 - Init CAD model plugin
2025-08-16 13:34:56,804 [INFO] PluginManage:359 - Loaded plugin cadmodel (category:power,tabindex:5)
2025-08-16 13:34:56,806 [INFO] PluginManage:310 - Check plugin clock
2025-08-16 13:34:56,811 [INFO] PluginManage:359 - Loaded plugin clock (category:base,tabindex:2)
2025-08-16 13:34:56,812 [INFO] PluginManage:310 - Check plugin ddr
2025-08-16 13:34:56,813 [INFO] PluginManage:359 - Loaded plugin ddr (category:tool,tabindex:6)
2025-08-16 13:34:56,813 [INFO] PluginManage:310 - Check plugin filemanager
2025-08-16 13:34:56,983 [INFO] PluginManage:359 - Loaded plugin filemanager (category:base,tabindex:10)
2025-08-16 13:34:56,983 [INFO] PluginManage:310 - Check plugin ipmanager
2025-08-16 13:34:56,990 [INFO] PluginManage:359 - Loaded plugin ipmanager (category:base,tabindex:5)
2025-08-16 13:34:56,990 [INFO] PluginManage:310 - Check plugin lpbam
2025-08-16 13:34:56,996 [INFO] PluginManage:359 - Loaded plugin lpbam (category:base,tabindex:0)
2025-08-16 13:34:56,996 [INFO] PluginManage:310 - Check plugin memorymap
2025-08-16 13:34:57,004 [INFO] PluginManage:359 - Loaded plugin memorymap (category:base,tabindex:4)
2025-08-16 13:34:57,004 [INFO] PluginManage:310 - Check plugin pinoutandconfiguration
2025-08-16 13:34:57,010 [INFO] PluginManage:359 - Loaded plugin pinoutandconfiguration (category:base,tabindex:1)
2025-08-16 13:34:57,010 [INFO] PluginManage:310 - Check plugin pinoutconfig
2025-08-16 13:34:57,083 [WARN] SupportedApi:132 - Cannot load RTOS API schema: s4s-elt-must-match.1: The content of 'definitions' must match (annotation?, (simpleType | complexType)?, (unique | key | keyref)*)). A problem was found starting at: attribute.
2025-08-16 13:34:57,181 [INFO] PluginManage:359 - Loaded plugin pinoutconfig (category:base,tabindex:0)
2025-08-16 13:34:57,181 [INFO] PluginManage:310 - Check plugin power
2025-08-16 13:34:57,189 [INFO] PluginManage:359 - Loaded plugin power (category:power,tabindex:4)
2025-08-16 13:34:57,189 [INFO] PluginManage:310 - Check plugin projectmanager
2025-08-16 13:34:57,206 [INFO] PluginManage:359 - Loaded plugin projectmanager (category:projectmanager,tabindex:4)
2025-08-16 13:34:57,207 [INFO] PluginManage:310 - Check plugin rif
2025-08-16 13:34:57,216 [INFO] PluginManage:359 - Loaded plugin rif (category:base,tabindex:3)
2025-08-16 13:34:57,216 [INFO] PluginManage:310 - Check plugin thirdparty
2025-08-16 13:34:57,323 [INFO] PluginManage:359 - Loaded plugin thirdparty (category:base,tabindex:-1)
2025-08-16 13:34:57,324 [INFO] PluginManage:310 - Check plugin tools
2025-08-16 13:34:57,323 [WARN] IntegrityCheckThread:84 - waiting for thirdparty lock release [integrity check]
2025-08-16 13:34:57,324 [INFO] IntegrityCheckThread:86 - entering critical section [integrity check]
2025-08-16 13:34:57,324 [INFO] ThirdPartyUpdaterWithRetryManager:70 - Updater plugin not ready yet. [1/15]
2025-08-16 13:34:57,326 [INFO] PluginManage:359 - Loaded plugin tools (category:base,tabindex:7)
2025-08-16 13:34:57,326 [INFO] PluginManage:310 - Check plugin tutovideos
2025-08-16 13:34:57,449 [INFO] PluginManage:359 - Loaded plugin tutovideos (category:base,tabindex:-1)
2025-08-16 13:34:57,450 [INFO] PluginManage:310 - Check plugin updater
2025-08-16 13:34:57,466 [INFO] PluginManage:359 - Loaded plugin updater (category:base,tabindex:12)
2025-08-16 13:34:57,466 [INFO] PluginManage:310 - Check plugin userauth
2025-08-16 13:34:57,468 [INFO] UserAuth:118 - Init User Auth plugin
2025-08-16 13:34:57,470 [INFO] PluginManage:359 - Loaded plugin userauth (category:base,tabindex:14)
2025-08-16 13:34:57,470 [INFO] PluginManage:283 - PluginManage : Loaded plugins [18]
2025-08-16 13:34:57,622 [INFO] PinOutPanel:1589 - setPackage(No Configuration,No Configuration)
2025-08-16 13:34:57,692 [INFO] CADModel:165 - CPN selected for project level
2025-08-16 13:34:57,692 [INFO] CADModel:114 - Register for checkConnection events
2025-08-16 13:34:57,706 [INFO] IPUIPlugin:80 - create IPUIPlugin
2025-08-16 13:34:57,706 [INFO] PluginManager:220 - loadIPPluginJar : add adc
2025-08-16 13:34:57,709 [INFO] IPUIPlugin:80 - create IPUIPlugin
2025-08-16 13:34:57,709 [INFO] PluginManager:220 - loadIPPluginJar : add aes
2025-08-16 13:34:57,711 [INFO] IPUIPlugin:80 - create IPUIPlugin
2025-08-16 13:34:57,711 [INFO] PluginManager:220 - loadIPPluginJar : add can
2025-08-16 13:34:57,712 [INFO] IPUIPlugin:80 - create IPUIPlugin
2025-08-16 13:34:57,712 [INFO] PluginManager:220 - loadIPPluginJar : add comp
2025-08-16 13:34:57,714 [INFO] IPUIPlugin:80 - create IPUIPlugin
2025-08-16 13:34:57,714 [INFO] PluginManager:220 - loadIPPluginJar : add cryp
2025-08-16 13:34:57,718 [INFO] IPUIPlugin:80 - create IPUIPlugin
2025-08-16 13:34:57,718 [INFO] PluginManager:220 - loadIPPluginJar : add ddr_ctrl_phy
2025-08-16 13:34:57,719 [INFO] IPUIPlugin:80 - create IPUIPlugin
2025-08-16 13:34:57,719 [INFO] PluginManager:220 - loadIPPluginJar : add dfsdm
2025-08-16 13:34:57,724 [INFO] IPUIPlugin:80 - create IPUIPlugin
2025-08-16 13:34:57,727 [INFO] PluginManager:220 - loadIPPluginJar : add dma
2025-08-16 13:34:57,729 [INFO] IPUIPlugin:80 - create IPUIPlugin
2025-08-16 13:34:57,729 [INFO] PluginManager:220 - loadIPPluginJar : add dma3
2025-08-16 13:34:57,731 [INFO] IPUIPlugin:80 - create IPUIPlugin
2025-08-16 13:34:57,731 [INFO] PluginManager:220 - loadIPPluginJar : add extmemmanager
2025-08-16 13:34:57,733 [INFO] IPUIPlugin:80 - create IPUIPlugin
2025-08-16 13:34:57,733 [INFO] PluginManager:220 - loadIPPluginJar : add fatfs
2025-08-16 13:34:57,736 [INFO] IPUIPlugin:80 - create IPUIPlugin
2025-08-16 13:34:57,736 [INFO] PluginManager:220 - loadIPPluginJar : add fmc
2025-08-16 13:34:57,739 [INFO] IPUIPlugin:80 - create IPUIPlugin
2025-08-16 13:34:57,739 [INFO] PluginManager:220 - loadIPPluginJar : add freertos
2025-08-16 13:34:57,742 [INFO] IPUIPlugin:80 - create IPUIPlugin
2025-08-16 13:34:57,742 [INFO] PluginManager:220 - loadIPPluginJar : add genericplugin
2025-08-16 13:34:57,744 [INFO] IPUIPlugin:80 - create IPUIPlugin
2025-08-16 13:34:57,744 [INFO] PluginManager:220 - loadIPPluginJar : add gfxmmu
2025-08-16 13:34:57,748 [INFO] IPUIPlugin:80 - create IPUIPlugin
2025-08-16 13:34:57,748 [INFO] PluginManager:220 - loadIPPluginJar : add gic
2025-08-16 13:34:57,751 [INFO] IPUIPlugin:80 - create IPUIPlugin
2025-08-16 13:34:57,752 [INFO] PluginManager:220 - loadIPPluginJar : add gpio
2025-08-16 13:34:57,757 [INFO] IPUIPlugin:80 - create IPUIPlugin
2025-08-16 13:34:57,757 [INFO] PluginManager:220 - loadIPPluginJar : add gtzc
2025-08-16 13:34:57,758 [INFO] IPUIPlugin:80 - create IPUIPlugin
2025-08-16 13:34:57,759 [INFO] PluginManager:220 - loadIPPluginJar : add hash
2025-08-16 13:34:57,761 [INFO] IPUIPlugin:80 - create IPUIPlugin
2025-08-16 13:34:57,761 [INFO] PluginManager:220 - loadIPPluginJar : add i2c
2025-08-16 13:34:57,763 [INFO] IPUIPlugin:80 - create IPUIPlugin
2025-08-16 13:34:57,763 [INFO] PluginManager:220 - loadIPPluginJar : add i2s
2025-08-16 13:34:57,764 [INFO] IPUIPlugin:80 - create IPUIPlugin
2025-08-16 13:34:57,764 [INFO] PluginManager:220 - loadIPPluginJar : add i3c
2025-08-16 13:34:57,767 [INFO] IPUIPlugin:80 - create IPUIPlugin
2025-08-16 13:34:57,768 [INFO] PluginManager:220 - loadIPPluginJar : add ipddr
2025-08-16 13:34:57,773 [INFO] IPUIPlugin:80 - create IPUIPlugin
2025-08-16 13:34:57,774 [INFO] PluginManager:220 - loadIPPluginJar : add linkedlist
2025-08-16 13:34:57,778 [INFO] IPUIPlugin:80 - create IPUIPlugin
2025-08-16 13:34:57,778 [INFO] PluginManager:220 - loadIPPluginJar : add lorawan
2025-08-16 13:34:57,779 [INFO] IPUIPlugin:80 - create IPUIPlugin
2025-08-16 13:34:57,779 [INFO] PluginManager:220 - loadIPPluginJar : add ltdc
2025-08-16 13:34:57,782 [INFO] IPUIPlugin:80 - create IPUIPlugin
2025-08-16 13:34:57,782 [INFO] PluginManager:220 - loadIPPluginJar : add mdma
2025-08-16 13:34:57,787 [INFO] IPUIPlugin:80 - create IPUIPlugin
2025-08-16 13:34:57,790 [INFO] PluginManager:220 - loadIPPluginJar : add nvic
2025-08-16 13:34:57,792 [INFO] IPUIPlugin:80 - create IPUIPlugin
2025-08-16 13:34:57,793 [INFO] PluginManager:220 - loadIPPluginJar : add opamp
2025-08-16 13:34:57,795 [INFO] IPUIPlugin:80 - create IPUIPlugin
2025-08-16 13:34:57,795 [INFO] PluginManager:220 - loadIPPluginJar : add openamp
2025-08-16 13:34:57,797 [INFO] IPUIPlugin:80 - create IPUIPlugin
2025-08-16 13:34:57,797 [INFO] PluginManager:220 - loadIPPluginJar : add pdm2pcm
2025-08-16 13:34:57,801 [INFO] IPUIPlugin:80 - create IPUIPlugin
2025-08-16 13:34:57,802 [INFO] PluginManager:220 - loadIPPluginJar : add plateformsettings
2025-08-16 13:34:57,803 [INFO] IPUIPlugin:80 - create IPUIPlugin
2025-08-16 13:34:57,803 [INFO] PluginManager:220 - loadIPPluginJar : add quadspi
2025-08-16 13:34:57,804 [INFO] IPUIPlugin:80 - create IPUIPlugin
2025-08-16 13:34:57,805 [INFO] PluginManager:220 - loadIPPluginJar : add radio
2025-08-16 13:34:57,807 [INFO] IPUIPlugin:80 - create IPUIPlugin
2025-08-16 13:34:57,807 [INFO] PluginManager:220 - loadIPPluginJar : add resmgrutility
2025-08-16 13:34:57,809 [INFO] IPUIPlugin:80 - create IPUIPlugin
2025-08-16 13:34:57,809 [INFO] PluginManager:220 - loadIPPluginJar : add sai
2025-08-16 13:34:57,811 [INFO] IPUIPlugin:80 - create IPUIPlugin
2025-08-16 13:34:57,811 [INFO] PluginManager:220 - loadIPPluginJar : add spi
2025-08-16 13:34:57,816 [INFO] IPUIPlugin:80 - create IPUIPlugin
2025-08-16 13:34:57,816 [INFO] PluginManager:220 - loadIPPluginJar : add stm32_wpan
2025-08-16 13:34:57,817 [INFO] IPUIPlugin:80 - create IPUIPlugin
2025-08-16 13:34:57,817 [INFO] PluginManager:220 - loadIPPluginJar : add tim
2025-08-16 13:34:57,819 [INFO] IPUIPlugin:80 - create IPUIPlugin
2025-08-16 13:34:57,819 [INFO] PluginManager:220 - loadIPPluginJar : add touchsensing
2025-08-16 13:34:57,822 [INFO] IPUIPlugin:80 - create IPUIPlugin
2025-08-16 13:34:57,822 [INFO] PluginManager:220 - loadIPPluginJar : add tracer_emb
2025-08-16 13:34:57,823 [INFO] IPUIPlugin:80 - create IPUIPlugin
2025-08-16 13:34:57,823 [INFO] PluginManager:220 - loadIPPluginJar : add ts
2025-08-16 13:34:57,824 [INFO] IPUIPlugin:80 - create IPUIPlugin
2025-08-16 13:34:57,824 [INFO] PluginManager:220 - loadIPPluginJar : add tsc
2025-08-16 13:34:57,826 [INFO] IPUIPlugin:80 - create IPUIPlugin
2025-08-16 13:34:57,826 [INFO] PluginManager:220 - loadIPPluginJar : add ucpd
2025-08-16 13:34:57,827 [INFO] IPUIPlugin:80 - create IPUIPlugin
2025-08-16 13:34:57,827 [INFO] PluginManager:220 - loadIPPluginJar : add usart
2025-08-16 13:34:57,829 [INFO] IPUIPlugin:80 - create IPUIPlugin
2025-08-16 13:34:57,829 [INFO] PluginManager:220 - loadIPPluginJar : add usbx
2025-08-16 13:34:57,948 [FATAL] Updater:351 - Updater called before beeing initialized
2025-08-16 13:34:57,979 [INFO] RulesReader:64 - Compatibility file has been processed (317 Rules)
2025-08-16 13:34:57,987 [INFO] RulesReader:64 - Compatibility file has been processed (317 Rules)
2025-08-16 13:34:57,994 [INFO] CADModel:165 - CPN selected for project level
2025-08-16 13:34:57,994 [INFO] CADModel:114 - Register for checkConnection events
2025-08-16 13:34:57,994 [FATAL] Updater:351 - Updater called before beeing initialized
2025-08-16 13:34:57,994 [ERROR] CADModel:125 - Updater not yet initialized, retry later 
2025-08-16 13:34:58,087 [FATAL] Updater:351 - Updater called before beeing initialized
2025-08-16 13:34:58,089 [INFO] CADModel:165 - CPN selected for project level
2025-08-16 13:34:58,089 [INFO] CADModel:114 - Register for checkConnection events
2025-08-16 13:34:58,089 [FATAL] Updater:351 - Updater called before beeing initialized
2025-08-16 13:34:58,089 [ERROR] CADModel:125 - Updater not yet initialized, retry later 
2025-08-16 13:34:58,091 [FATAL] Updater:351 - Updater called before beeing initialized
2025-08-16 13:34:58,175 [FATAL] Updater:351 - Updater called before beeing initialized
2025-08-16 13:34:58,179 [INFO] DbMcusAds:53 - JSON generation date=Tue Jul 08 02:14:23 MDT 2025 (1751962463582)
2025-08-16 13:34:58,180 [FATAL] Updater:351 - Updater called before beeing initialized
2025-08-16 13:34:58,206 [WARN] DetailPanel:346 - Failed to get advertising image, set to default
2025-08-16 13:34:58,274 [FATAL] Updater:351 - Updater called before beeing initialized
2025-08-16 13:34:58,275 [FATAL] Updater:351 - Updater called before beeing initialized
2025-08-16 13:34:58,276 [FATAL] Updater:351 - Updater called before beeing initialized
2025-08-16 13:34:58,276 [WARN] DetailPanel:346 - Failed to get advertising image, set to default
2025-08-16 13:34:58,276 [FATAL] Updater:351 - Updater called before beeing initialized
2025-08-16 13:34:58,309 [ERROR] Updater:1198 - MainUpdater not yet initialized. External WinMGr cannot be set.
2025-08-16 13:34:58,310 [INFO] Updater:1134 - Updater Version found : 6.15.0
2025-08-16 13:34:58,321 [INFO] ApplicationProperties:184 - Using Application install path: C:\ST\STM32CubeIDE_1.19.0\STM32CubeIDE\plugins\com.st.stm32cube.common.mx_6.15.0.202507011659
2025-08-16 13:34:59,889 [ERROR] LogOutputStream:75 - [STDERR_REDIRECT] Aug 16, 2025 1:34:59 PM java.util.prefs.WindowsPreferences <init>
2025-08-16 13:34:59,891 [ERROR] LogOutputStream:75 - [STDERR_REDIRECT] WARNING: Could not open/create prefs root node Software\JavaSoft\Prefs at root 0xffffffff80000002. Windows RegCreateKeyEx(...) returned error code 5.
2025-08-16 13:34:59,891 [ERROR] LogOutputStream:75 - [STDERR_REDIRECT] 
2025-08-16 13:35:00,249 [INFO] MainUpdater:2872 - connection check result : 10
2025-08-16 13:35:00,250 [INFO] MainUpdater:289 - Updater Check For Update Now.
2025-08-16 13:35:00,250 [INFO] MicroXplorer:498 - Change Database Version : DB.6.0.150
2025-08-16 13:35:00,254 [INFO] McuFinderGlobals:63 - Set McuFinder mode to 2 (CubeIDE integrated)
2025-08-16 13:35:00,254 [INFO] McuFinderGlobals:63 - Set McuFinder mode to 2 (CubeIDE integrated)
2025-08-16 13:35:00,254 [INFO] UserAuth:171 - activating auth plugin
2025-08-16 13:35:00,257 [INFO] UserAuth:487 - Internet connection configuration mode: 1
2025-08-16 13:35:00,275 [INFO] JxBrowserEngine:152 - Initiate JxBrowser Engine with user profile folder
2025-08-16 13:35:00,326 [WARN] MainUpdater:1193 - Updater busy. Cannot search thirdparties
2025-08-16 13:35:00,326 [INFO] ThirdPartyUpdaterWithRetryManager:96 - Updater plugin is busy. [1/15]
2025-08-16 13:35:00,420 [INFO] CheckServerUpdateThread:120 - End of CheckServer Thread
2025-08-16 13:35:00,459 [INFO] MainUpdater:2872 - connection check result : 10
2025-08-16 13:35:00,460 [INFO] MainUpdater:2872 - connection check result : 10
2025-08-16 13:35:00,485 [INFO] MicroXplorer:468 - Change Database Path : 
2025-08-16 13:35:00,485 [INFO] MicroXplorer:498 - Change Database Version : DB.6.0.150
2025-08-16 13:35:00,492 [WARN] ThirdParty:871 - waiting for thirdparty lock release [close project]
2025-08-16 13:35:00,789 [INFO] WebApp:169 - Instantiating new browser for Auth
2025-08-16 13:35:01,323 [INFO] WebApp:463 - Apply proxy settings
2025-08-16 13:35:01,323 [INFO] WebApp:548 - Chromium requires no authentication
2025-08-16 13:35:01,331 [INFO] WebApp:491 - Direct internet connection detected
2025-08-16 13:35:01,348 [INFO] WebApp:900 - Register for checkConnection events
2025-08-16 13:35:01,348 [INFO] WebApp:463 - Apply proxy settings
2025-08-16 13:35:01,348 [INFO] WebApp:548 - Chromium requires no authentication
2025-08-16 13:35:01,349 [INFO] WebApp:491 - Direct internet connection detected
2025-08-16 13:35:01,449 [INFO] WebApp:225 - Starting web application
2025-08-16 13:35:01,449 [INFO] WebApp:593 - Web application path used C:\ST\STM32CubeIDE_1.19.0\STM32CubeIDE\plugins\com.st.stm32cube.common.mx_6.15.0.202507011659\db\plugins\mcufinder\reactClient1\index.html
2025-08-16 13:35:01,588 [INFO] WebApp:191 - Connection restablished
2025-08-16 13:35:03,522 [WARN] PackLoader:240 - Cannot read IP mode file for STMicroelectronics.FP-SNS-MOTENVWB1.1.4.0
2025-08-16 13:35:03,533 [WARN] PackLoader:240 - Cannot read IP mode file for STMicroelectronics.FP-ATR-ASTRA1.2.0.2
2025-08-16 13:35:03,542 [WARN] PackLoader:240 - Cannot read IP mode file for STMicroelectronics.X-CUBE-SMBUS.2.1.0
2025-08-16 13:35:03,550 [WARN] PackLoader:240 - Cannot read IP mode file for STMicroelectronics.X-CUBE-ST60.1.0.0
2025-08-16 13:35:03,593 [WARN] PackLoader:240 - Cannot read IP mode file for STMicroelectronics.X-CUBE-AZRTOS-F7.1.1.0
2025-08-16 13:35:03,630 [WARN] PackLoader:240 - Cannot read IP mode file for Infineon.AIROC-Wi-Fi-Bluetooth-STM32.1.7.1
2025-08-16 13:35:03,665 [WARN] PackLoader:240 - Cannot read IP mode file for STMicroelectronics.X-CUBE-AZRTOS-H7.3.4.0
2025-08-16 13:35:03,679 [WARN] PackLoader:240 - Cannot read IP mode file for STMicroelectronics.X-CUBE-DISPLAY.3.0.0
2025-08-16 13:35:03,688 [WARN] PackLoader:240 - Cannot read IP mode file for STMicroelectronics.X-CUBE-NFC10.1.0.0
2025-08-16 13:35:03,696 [WARN] PackLoader:240 - Cannot read IP mode file for emotas.I-CUBE-CANOPEN.1.3.0
2025-08-16 13:35:03,702 [WARN] PackLoader:240 - Cannot read IP mode file for STMicroelectronics.FP-SNS-STBOX1.2.1.0
2025-08-16 13:35:03,708 [WARN] PackLoader:240 - Cannot read IP mode file for STMicroelectronics.FP-SNS-SMARTAG2.1.2.0
2025-08-16 13:35:03,712 [WARN] PackLoader:240 - Cannot read IP mode file for STMicroelectronics.FP-SNS-FLIGHT1.5.1.0
2025-08-16 13:35:03,719 [INFO] LogOutputStream:77 - [STDOUT_REDIRECT] 1 : Invalid condition id : UX_CORESTACK_Condition cause : null
2025-08-16 13:35:03,720 [INFO] LogOutputStream:77 - [STDOUT_REDIRECT] 1 : Invalid condition id : UX_CORESTACK_Condition cause : null
2025-08-16 13:35:03,720 [INFO] LogOutputStream:77 - [STDOUT_REDIRECT] 1 : Invalid condition id : UX_CORESTACK_Condition cause : null
2025-08-16 13:35:03,721 [INFO] LogOutputStream:77 - [STDOUT_REDIRECT] 1 : Invalid condition id : UX_CORESTACK_Condition cause : null
2025-08-16 13:35:03,722 [INFO] LogOutputStream:77 - [STDOUT_REDIRECT] 1 : Invalid condition id : UX_CORESTACK_Condition cause : null
2025-08-16 13:35:03,724 [WARN] PackLoader:240 - Cannot read IP mode file for STMicroelectronics.X-CUBE-AZRTOS-WL.2.0.0
2025-08-16 13:35:03,728 [WARN] PackLoader:240 - Cannot read IP mode file for STMicroelectronics.FP-SNS-MOTENV1.5.0.0
2025-08-16 13:35:03,734 [WARN] PackLoader:240 - Cannot read IP mode file for WES.I-CUBE-Cesium.1.3.0
2025-08-16 13:35:03,739 [WARN] PackLoader:240 - Cannot read IP mode file for STMicroelectronics.X-CUBE-BLE2.3.3.0
2025-08-16 13:35:03,746 [WARN] PackLoader:240 - Cannot read IP mode file for STMicroelectronics.X-CUBE-NFC9.1.0.0
2025-08-16 13:35:03,751 [WARN] PackLoader:240 - Cannot read IP mode file for wolfSSL.I-CUBE-wolfSSL.5.8.2
2025-08-16 13:35:03,754 [WARN] PackLoader:240 - Cannot read IP mode file for STMicroelectronics.X-CUBE-BLE1.7.1.0
2025-08-16 13:35:03,760 [WARN] PackLoader:240 - Cannot read IP mode file for wolfSSL.I-CUBE-wolfMQTT.1.19.2
2025-08-16 13:35:03,764 [WARN] PackLoader:240 - Cannot read IP mode file for STMicroelectronics.X-CUBE-EEPRMA1.5.2.0
2025-08-16 13:35:03,786 [WARN] PackLoader:240 - Cannot read IP mode file for STMicroelectronics.X-CUBE-AZRTOS-G0.1.1.0
2025-08-16 13:35:03,794 [WARN] PackLoader:240 - Cannot read IP mode file for STMicroelectronics.X-CUBE-SAFEA1.1.2.2
2025-08-16 13:35:03,798 [WARN] PackLoader:240 - Cannot read IP mode file for STMicroelectronics.X-CUBE-NFC4.3.0.0
2025-08-16 13:35:03,804 [WARN] PackLoader:240 - Cannot read IP mode file for EmbeddedOffice.I-CUBE-FS-RTOS.1.0.1
2025-08-16 13:35:03,809 [WARN] PackLoader:240 - Cannot read IP mode file for STMicroelectronics.X-CUBE-WB05N.2.0.0
2025-08-16 13:35:03,812 [WARN] PackLoader:240 - Cannot read IP mode file for wolfSSL.I-CUBE-wolfTPM.3.8.0
2025-08-16 13:35:03,816 [WARN] PackLoader:240 - Cannot read IP mode file for STMicroelectronics.X-CUBE-TCPP.4.2.0
2025-08-16 13:35:03,819 [WARN] PackLoader:240 - Cannot read IP mode file for RealThread.X-CUBE-RT-Thread_Nano.4.1.1
2025-08-16 13:35:03,822 [WARN] PackLoader:240 - Cannot read IP mode file for STMicroelectronics.FP-ATR-SIGFOX1.3.2.0
2025-08-16 13:35:03,828 [WARN] PackLoader:240 - Cannot read IP mode file for ITTIA_DB.I-CUBE-ITTIADB.8.9.0
2025-08-16 13:35:03,832 [WARN] PackLoader:240 - Cannot read IP mode file for STMicroelectronics.X-CUBE-ST67W61.1.0.0
2025-08-16 13:35:03,835 [WARN] PackLoader:240 - Cannot read IP mode file for STMicroelectronics.X-CUBE-AI.10.2.0
2025-08-16 13:35:03,852 [WARN] PackLoader:240 - Cannot read IP mode file for SEGGER.I-CUBE-embOS.1.3.1
2025-08-16 13:35:03,885 [WARN] PackLoader:240 - Cannot read IP mode file for STMicroelectronics.X-CUBE-ALGOBUILD.1.4.0
2025-08-16 13:35:03,918 [WARN] PackLoader:240 - Cannot read IP mode file for STMicroelectronics.X-CUBE-MEMS1.11.3.0
2025-08-16 13:35:04,055 [WARN] PackLoader:240 - Cannot read IP mode file for STMicroelectronics.X-CUBE-PM33A1.1.0.0
2025-08-16 13:35:04,075 [WARN] PackLoader:240 - Cannot read IP mode file for STMicroelectronics.X-CUBE-AZRTOS-F4.1.1.0
2025-08-16 13:35:04,081 [WARN] PackLoader:240 - Cannot read IP mode file for Avnet-IotConnect.X-CUBE-IoTC-DA16k-PMOD.1.0.0
2025-08-16 13:35:04,084 [WARN] PackLoader:240 - Cannot read IP mode file for STMicroelectronics.X-CUBE-ISPU.2.1.0
2025-08-16 13:35:04,090 [WARN] PackLoader:240 - Cannot read IP mode file for STMicroelectronics.X-CUBE-NFC12.1.0.0
2025-08-16 13:35:04,104 [WARN] PackLoader:240 - Cannot read IP mode file for STMicroelectronics.X-CUBE-AZRTOS-L5.2.0.0
2025-08-16 13:35:04,113 [WARN] PackLoader:240 - Cannot read IP mode file for STMicroelectronics.X-CUBE-NFC6.3.1.0
2025-08-16 13:35:04,120 [WARN] PackLoader:240 - Cannot read IP mode file for STMicroelectronics.X-CUBE-FREERTOS.1.3.1
2025-08-16 13:35:04,125 [WARN] PackLoader:240 - Cannot read IP mode file for STMicroelectronics.FP-SNS-STAIOTCFT.1.0.0
2025-08-16 13:35:04,129 [WARN] PackLoader:240 - Cannot read IP mode file for STMicroelectronics.X-CUBE-DPower.1.3.0
2025-08-16 13:35:04,140 [WARN] ConditionMgr:438 - getConditionDescription Invalid condition id : LAN8742 Phy interface Condition cause : null
2025-08-16 13:35:04,141 [WARN] PackLoader:240 - Cannot read IP mode file for STMicroelectronics.X-CUBE-AZRTOS-L4.2.0.0
2025-08-16 13:35:04,141 [WARN] ConditionMgr:1044 - genDependencies : Invalid condition id : LAN8742 Phy interface Condition cause : null
2025-08-16 13:35:04,142 [WARN] ConditionMgr:1044 - genDependencies : Invalid condition id : LAN8742 Phy interface Condition cause : null
2025-08-16 13:35:04,142 [WARN] ConditionMgr:1044 - genDependencies : Invalid condition id : LAN8742 Phy interface Condition cause : null
2025-08-16 13:35:04,147 [WARN] PackLoader:240 - Cannot read IP mode file for STMicroelectronics.X-CUBE-SFXS2LP1.4.0.0
2025-08-16 13:35:04,154 [WARN] PackLoader:240 - Cannot read IP mode file for STMicroelectronics.X-CUBE-BLEMGR.4.1.0
2025-08-16 13:35:04,163 [WARN] ConditionMgr:438 - getConditionDescription Invalid condition id : UX DEVICE CLASS RTOS Condition cause : null
2025-08-16 13:35:04,164 [WARN] ConditionMgr:438 - getConditionDescription Invalid condition id : UX DEVICE CLASS RTOS Condition cause : null
2025-08-16 13:35:04,164 [WARN] PackLoader:240 - Cannot read IP mode file for STMicroelectronics.X-CUBE-AZRTOS-WB.2.0.0
2025-08-16 13:35:04,164 [WARN] ConditionMgr:1044 - genDependencies : Invalid condition id : UX DEVICE CLASS RTOS Condition cause : null
2025-08-16 13:35:04,164 [WARN] ConditionMgr:1044 - genDependencies : Invalid condition id : UX DEVICE CLASS RTOS Condition cause : null
2025-08-16 13:35:04,171 [WARN] ConditionMgr:1044 - genDependencies : Invalid condition id : UX DEVICE CLASS RTOS Condition cause : null
2025-08-16 13:35:04,172 [WARN] ConditionMgr:1044 - genDependencies : Invalid condition id : UX DEVICE CLASS RTOS Condition cause : null
2025-08-16 13:35:04,172 [WARN] ConditionMgr:1044 - genDependencies : Invalid condition id : UX DEVICE CLASS RTOS Condition cause : null
2025-08-16 13:35:04,177 [WARN] PackLoader:240 - Cannot read IP mode file for STMicroelectronics.X-CUBE-GNSS1.7.0.1
2025-08-16 13:35:04,181 [WARN] PackLoader:240 - Cannot read IP mode file for STMicroelectronics.X-CUBE-TOUCHGFX.4.25.0
2025-08-16 13:35:04,183 [WARN] ConditionMgr:438 - getConditionDescription Invalid condition id : Cortex-A Device cause : null
2025-08-16 13:35:04,197 [WARN] ConditionMgr:1044 - genDependencies : Invalid condition id : Cortex-A Device cause : null
2025-08-16 13:35:04,197 [WARN] ConditionMgr:1044 - genDependencies : Invalid condition id : Cortex-A Device cause : null
2025-08-16 13:35:04,197 [WARN] ConditionMgr:1044 - genDependencies : Invalid condition id : Cortex-A Device cause : null
2025-08-16 13:35:04,205 [WARN] PackLoader:240 - Cannot read IP mode file for STMicroelectronics.X-CUBE-SUBG2.5.0.0
2025-08-16 13:35:04,219 [WARN] PackLoader:240 - Cannot read IP mode file for STMicroelectronics.X-CUBE-AZRTOS-H7RS.1.1.0
2025-08-16 13:35:04,224 [WARN] PackLoader:240 - Cannot read IP mode file for Cesanta.I-CUBE-Mongoose.7.13.0
2025-08-16 13:35:04,231 [WARN] PackLoader:240 - Cannot read IP mode file for STMicroelectronics.X-CUBE-AZRTOS-G4.2.0.0
2025-08-16 13:35:04,234 [WARN] PackLoader:240 - Cannot read IP mode file for wolfSSL.I-CUBE-wolfSSH.1.4.20
2025-08-16 13:35:04,238 [WARN] PackLoader:240 - Cannot read IP mode file for STMicroelectronics.X-CUBE-NFC7.2.0.0
2025-08-16 13:35:04,246 [WARN] PackLoader:240 - Cannot read IP mode file for STMicroelectronics.X-CUBE-IPS.3.1.0
2025-08-16 13:35:04,252 [WARN] PackLoader:240 - Cannot read IP mode file for STMicroelectronics.X-CUBE-ALS.1.0.2
2025-08-16 13:35:04,255 [WARN] PackLoader:240 - Cannot read IP mode file for portGmbH.I-Cube-SoM-uGOAL.1.1.0
2025-08-16 13:35:04,264 [WARN] PackLoader:240 - Cannot read IP mode file for STMicroelectronics.X-CUBE-TOF1.3.4.3
2025-08-16 13:35:04,269 [INFO] ThirdParty:978 - Integrity check success = true
2025-08-16 13:35:04,269 [INFO] IntegrityCheckThread:100 - exiting critical section [integrity check]
2025-08-16 13:35:04,269 [INFO] IntegrityCheckThread:103 - End integrity checks thread
2025-08-16 13:35:04,269 [INFO] ThirdParty:873 - entering critical section [close project]
2025-08-16 13:35:04,270 [INFO] ThirdParty:883 - exiting critical section [close project]
2025-08-16 13:35:04,272 [INFO] PinOutPanel:1589 - setPackage(No Configuration,No Configuration)
2025-08-16 13:35:04,273 [INFO] UtilMem:75 - Begin LoadConfig() Used Memory: 181401448 Bytes (293601280)
2025-08-16 13:35:04,275 [INFO] MicroXplorer:468 - Change Database Path : 
2025-08-16 13:35:04,275 [INFO] MicroXplorer:498 - Change Database Version : DB.6.0.150
2025-08-16 13:35:04,275 [INFO] OpenFileManager:355 - Change cursor
2025-08-16 13:35:04,292 [INFO] Mcu:2029 - Initializing MCU STM32L476R(C-E-G)Tx STM32L476RGTx STM32L476RGT3
2025-08-16 13:35:05,834 [INFO] Context:786 - Trying to add GPIOservice into a context  which must be forbidden
2025-08-16 13:35:06,297 [INFO] ImportTextPane:234 - (OptionalMessage_ERROR) Pin12 (VP_RIF_VS_RIF1) cannot be retrieved for this MCU
2025-08-16 13:35:06,394 [INFO] RtosManager:558 - Registered RTOS mode: class=CMSIS, group=RTOS, mode=CMSIS_V1, owner=FREERTOS
2025-08-16 13:35:06,394 [INFO] RtosManager:558 - Registered RTOS mode: class=CMSIS, group=RTOS2, mode=CMSIS_V2, owner=FREERTOS
2025-08-16 13:35:06,394 [INFO] RtosManager:558 - Registered RTOS mode: class=RTOS, group=Core, mode=CMSIS_V1, owner=FREERTOS
2025-08-16 13:35:06,394 [INFO] RtosManager:558 - Registered RTOS mode: class=RTOS, group=Core, mode=CMSIS_V2, owner=FREERTOS
2025-08-16 13:35:06,394 [WARN] ModelIntegratedComponent:184 - Missing modes for component STMicroelectronics:FreeRTOS:0.0.1:STMicroelectronics:RTOS:FreeRTOS:Core:::10.2.0:
2025-08-16 13:35:06,412 [WARN] ModelIntegratedComponent:63 - No mode defined for component null
2025-08-16 13:35:06,412 [WARN] ModelIntegratedComponent:63 - No mode defined for component null
2025-08-16 13:35:06,412 [WARN] ModelIntegratedComponent:63 - No mode defined for component null
2025-08-16 13:35:06,413 [WARN] ModelIntegratedComponent:63 - No mode defined for component null
2025-08-16 13:35:06,413 [WARN] ModelIntegratedComponent:63 - No mode defined for component null
2025-08-16 13:35:06,413 [WARN] ModelIntegratedComponent:63 - No mode defined for component null
2025-08-16 13:35:06,413 [WARN] ModelIntegratedComponent:63 - No mode defined for component null
2025-08-16 13:35:06,413 [WARN] ModelIntegratedComponent:63 - No mode defined for component null
2025-08-16 13:35:06,413 [WARN] ModelIntegratedComponent:63 - No mode defined for component null
2025-08-16 13:35:06,413 [WARN] ModelIntegratedComponent:63 - No mode defined for component null
2025-08-16 13:35:06,413 [WARN] ModelIntegratedComponent:63 - No mode defined for component null
2025-08-16 13:35:06,413 [WARN] ModelIntegratedComponent:63 - No mode defined for component null
2025-08-16 13:35:06,413 [WARN] ModelIntegratedComponent:63 - No mode defined for component null
2025-08-16 13:35:06,413 [WARN] ModelIntegratedComponent:63 - No mode defined for component null
2025-08-16 13:35:06,413 [WARN] ModelIntegratedComponent:63 - No mode defined for component null
2025-08-16 13:35:06,413 [WARN] ModelIntegratedComponent:63 - No mode defined for component null
2025-08-16 13:35:06,413 [WARN] ModelIntegratedComponent:63 - No mode defined for component null
2025-08-16 13:35:06,413 [WARN] ModelIntegratedComponent:63 - No mode defined for component null
2025-08-16 13:35:06,413 [WARN] ModelIntegratedComponent:63 - No mode defined for component null
2025-08-16 13:35:06,413 [WARN] ModelIntegratedComponent:63 - No mode defined for component null
2025-08-16 13:35:06,413 [WARN] ModelIntegratedComponent:63 - No mode defined for component null
2025-08-16 13:35:06,413 [WARN] ModelIntegratedComponent:63 - No mode defined for component null
2025-08-16 13:35:06,413 [WARN] ModelIntegratedComponent:63 - No mode defined for component null
2025-08-16 13:35:06,413 [WARN] ModelIntegratedComponent:63 - No mode defined for component null
2025-08-16 13:35:06,413 [WARN] ModelIntegratedComponent:63 - No mode defined for component null
2025-08-16 13:35:06,413 [WARN] ModelIntegratedComponent:63 - No mode defined for component null
2025-08-16 13:35:06,413 [WARN] ModelIntegratedComponent:63 - No mode defined for component null
2025-08-16 13:35:06,413 [WARN] ModelIntegratedComponent:63 - No mode defined for component null
2025-08-16 13:35:06,413 [WARN] ModelIntegratedComponent:63 - No mode defined for component null
2025-08-16 13:35:06,413 [WARN] ModelIntegratedComponent:63 - No mode defined for component null
2025-08-16 13:35:06,413 [WARN] ModelIntegratedComponent:63 - No mode defined for component null
2025-08-16 13:35:06,414 [WARN] ModelIntegratedComponent:63 - No mode defined for component null
2025-08-16 13:35:06,414 [WARN] ModelIntegratedComponent:63 - No mode defined for component null
2025-08-16 13:35:06,414 [WARN] ModelIntegratedComponent:63 - No mode defined for component null
2025-08-16 13:35:06,414 [WARN] ModelIntegratedComponent:63 - No mode defined for component null
2025-08-16 13:35:06,414 [WARN] ModelPack:524 - Component already loaded: STMicroelectronics:HAL Drivers:0.0.0:STMicroelectronics:Device:STMicro_Driver:XSPI:HAL::0.0.1:HAL_XSPI
2025-08-16 13:35:06,487 [INFO] ThirdPartyModel:298 - Start build external matchings
2025-08-16 13:35:06,739 [INFO] ThirdPartyModel:316 - End build external matchings
2025-08-16 13:35:06,751 [INFO] ImportTextPane:234 - (OptionalMessage_ERROR) IP (RCC) : Invalid parameter (FamilyName)
2025-08-16 13:35:06,752 [INFO] ImportTextPane:234 - (OptionalMessage_ERROR) IP (RCC) : Parameter (RNGFreq_Value) has invalid value (64000000)
2025-08-16 13:35:06,753 [INFO] ImportTextPane:234 - (OptionalMessage_ERROR) IP (RCC) : Parameter (SDMMCFreq_Value) has invalid value (64000000)
2025-08-16 13:35:06,753 [INFO] ImportTextPane:234 - (OptionalMessage_ERROR) IP (RCC) : Parameter (USBFreq_Value) has invalid value (64000000)
2025-08-16 13:35:07,234 [INFO] ApiDb:581 - Connected to CubeFinder SQLite database (C:\Users\Thorin\.stmcufinder\plugins\mcufinder\mcu\cube-finder-db.db)
2025-08-16 13:35:07,292 [INFO] ApiDb:668 - CubeFinder database Data Model version=2.1
2025-08-16 13:35:07,293 [INFO] ApiDb:669 - CubeFinder database Configuration version=3.0.39
2025-08-16 13:35:07,293 [INFO] ApiDb:670 - CubeFinder database generation date=2025-07-24 (1753349077)
2025-08-16 13:35:07,293 [INFO] ApiDb:671 - CubeFinder database FW Pack versions=[FP-ATR-ASTRA1_V2.0.0, FP-SNS-FLIGHT1_V5.1.0, FP-SNS-MOTENV1_V5.0.0, FP-SNS-MOTENVWB1_V1.4.0, FP-SNS-SMARTAG2_V1.2.0, FP-SNS-STBOX1_V2.0.0, STM32Cube_FW_C0_V1.4.0, STM32Cube_FW_F4_V1.28.2, STM32Cube_FW_F7_V1.17.3, STM32Cube_FW_G0_V1.6.2, STM32Cube_FW_G4_V1.6.1, STM32Cube_FW_H5_V1.5.0, STM32Cube_FW_H7RS_V1.2.0, STM32Cube_FW_H7_V1.12.1, STM32Cube_FW_L0_V1.12.2, STM32Cube_FW_L4_V1.18.1, STM32Cube_FW_L5_V1.5.1, STM32Cube_FW_N6_V1.2.0, STM32Cube_FW_U0_V1.3.0, STM32Cube_FW_U3_V1.2.0, STM32Cube_FW_U5_V1.8.0, STM32Cube_FW_WB0_V1.3.0, STM32Cube_FW_WBA_V1.7.0, STM32Cube_FW_WB_V1.23.0, STM32Cube_FW_WL3_V1.2.0, STM32Cube_FW_WL_V1.3.1, X-CUBE-ALGOBUILD_V1.4.0, X-CUBE-ALS_V1.0.2, X-CUBE-AZRTOS-F4_V1.1.0, X-CUBE-AZRTOS-F7_V1.1.0, X-CUBE-AZRTOS-G0_V1.1.0, X-CUBE-AZRTOS-G4_V2.0.0, X-CUBE-AZRTOS-H7RS_V1.1.0, X-CUBE-AZRTOS-H7_V3.4.0, X-CUBE-AZRTOS-L4_V2.0.0, X-CUBE-AZRTOS-L5_V2.0.0, X-CUBE-AZRTOS-WB_V2.0.0, X-CUBE-AZRTOS-WL_V2.0.0, X-CUBE-BLE1_V7.1.0, X-CUBE-BLE2_V3.3.0, X-CUBE-BLEMGR_V4.1.0, X-CUBE-EEPRMA1_V5.2.0, X-CUBE-FREERTOS_V1.3.1, X-CUBE-GNSS1_V6.0.0, X-CUBE-MEMS1_V11.3.0, X-CUBE-NFC4_V3.0.0, X-CUBE-NFC7_V2.0.0, X-CUBE-SFXS2LP1_V4.0.0, X-CUBE-ST67W61_V1.0.0, X-CUBE-SUBG2_V5.0.0, X-CUBE-TOF1_V3.4.3]
2025-08-16 13:35:07,343 [INFO] DbBoardsSqlite:226 - include board P-NUCLEO-WB55-NUCLEO as a kit item of type 'Nucleo-64'
2025-08-16 13:35:07,343 [INFO] DbBoardsSqlite:226 - include board P-NUCLEO-WB55-USBDONGLE as a kit item of type 'Nucleo USB Dongle'
2025-08-16 13:35:07,343 [INFO] DbBoardsSqlite:226 - include board STEVAL-IDP005V1 as a kit item of type 'Evaluation Board'
2025-08-16 13:35:07,344 [INFO] DbBoardsSqlite:226 - include board STEVAL-IDP005V2 as a kit item of type 'Evaluation Board'
2025-08-16 13:35:07,396 [INFO] ApiDb:240 - Found 880 in-development CPN: [B-G473E-ZEST1S, B-WB1M-WPAN1, B-WBA5M-WPAN, B-WL5M-SUBG1, NUCLEO-C031C6, NUCLEO-C051C8, NUCLEO-C071RB, NUCLEO-C092RC, NUCLEO-H503RB, NUCLEO-H533RE, NUCLEO-H563ZI, NUCLEO-H7S3L8, NUCLEO-N657X0-Q, NUCLEO-U031R8, NUCLEO-U083RC, NUCLEO-U385RG-Q, NUCLEO-U545RE-Q, NUCLEO-U5A5ZJ-Q, NUCLEO-WB05KZ, NUCLEO-WB07CC, NUCLEO-WB09KE, NUCLEO-WBA52CG, NUCLEO-WBA55CG, NUCLEO-WL33CC1, NUCLEO-WL33CC2, STEVAL-PROTEUS1, STEVAL-SMARTAG2, STEVAL-STWINBX1, STM320518-EVAL, STM32C0116-DK, STM32C011D6Y3TR, STM32C011D6Y6TR, STM32C011F4P3, STM32C011F4P6, STM32C011F4U3, STM32C011F4U6TR, STM32C011F6P3, STM32C011F6P6, STM32C011F6U3, STM32C011F6U6TR, STM32C011J4M3, STM32C011J4M6, STM32C011J6M3, STM32C011J6M6, STM32C0316-DK, STM32C031C4T3, STM32C031C4T6, STM32C031C4U3, STM32C031C4U6, STM32C031C6T3, STM32C031C6T6, STM32C031C6U3, STM32C031C6U6, STM32C031F4P3, STM32C031F4P6, STM32C031F6P3, STM32C031F6P6, STM32C031G4U3, STM32C031G4U6, STM32C031G6U3, STM32C031G6U6, STM32C031K4T3, STM32C031K4T6, STM32C031K4U3, STM32C031K4U6, STM32C031K6T3, STM32C031K6T6, STM32C031K6U3, STM32C031K6U6, STM32C051C6T6, STM32C051C6U6, STM32C051C8T6, STM32C051C8U6, STM32C051D8Y6TR, STM32C051F6P6, STM32C051F8P6, STM32C051G6U6, STM32C051G8U6, STM32C051K6T6, STM32C051K6U6, STM32C051K8T6, STM32C071C8T6, STM32C071C8T6N, STM32C071C8U6, STM32C071C8U6N, STM32C071CBT6, STM32C071CBT6N, STM32C071CBU6, STM32C071CBU6N, STM32C071F8P6, STM32C071F8P6N, STM32C071FBP6, STM32C071FBP6N, STM32C071FBY6TR, STM32C071G8U6, STM32C071G8U6N, STM32C071GBU6, STM32C071GBU6N, STM32C071K8T6, STM32C071K8T6N, STM32C071K8U6, STM32C071K8U6N, STM32C071KBT6, STM32C071KBT6N, STM32C071KBU6, STM32C071KBU6N, STM32C071R8T6, STM32C071R8T6N, STM32C071RBI6N, STM32C071RBT6, STM32C071RBT6N, STM32C091CBT6, STM32C091CBU6, STM32C091CCT6, STM32C091CCU6, STM32C091ECY6TR, STM32C091FBP6, STM32C091FCP6, STM32C091GBU6, STM32C091GCU6, STM32C091KBT6, STM32C091KBU6, STM32C091KCT6, STM32C091KCU6, STM32C091RBT6, STM32C091RCI6, STM32C091RCT6, STM32C092CBT6, STM32C092CBU6, STM32C092CCT6, STM32C092CCU6, STM32C092ECY6TR, STM32C092FBP6, STM32C092FCP6, STM32C092GBU6, STM32C092GCU6, STM32C092KBT6, STM32C092KBU6, STM32C092KCT6, STM32C092KCU6, STM32C092RBT6, STM32C092RCI6, STM32C092RCT6, STM32G071K8TXN, STM32G071K8UXN, STM32G081GBU6N, STM32G081KBT6N, STM32G081KBUXN, STM32G0B1CCT6N, STM32G0B1KCT6, STM32G0B1NEY6TR, STM32G0B1RCT6N, STM32G0C1CCT6, STM32G0C1CCT6N, STM32G0C1CCU6N, STM32G0C1CET6N, STM32G0C1CEU6N, STM32G0C1KCT6, STM32G0C1NEY6TR, STM32G0C1RCI6N, STM32G0C1RCT6N, STM32G0C1REI6N, STM32G0C1RET6N, STM32G0C1VCI6, STM32G0C1VEI6, STM32G411C6T3, STM32G411C6T6, STM32G411C6U3, STM32G411C6U6, STM32G411C8T3, STM32G411C8T6, STM32G411C8U3, STM32G411C8U6, STM32G411CBT3, STM32G411CBT6, STM32G411CBU3, STM32G411CBU6, STM32G411K6T3, STM32G411K6T6, STM32G411K6U3, STM32G411K6U6, STM32G411K8T3, STM32G411K8T6, STM32G411K8U3, STM32G411K8U6, STM32G411KBT3, STM32G411KBT6, STM32G411KBU3, STM32G411KBU6, STM32G411M6T3, STM32G411M6T6, STM32G411M8T3, STM32G411M8T6, STM32G411MBT3, STM32G411MBT6, STM32G411R6T3, STM32G411R6T6, STM32G411R8T3, STM32G411R8T6, STM32G411RBT3, STM32G411RBT6, STM32G414CBT3, STM32G414CBT6, STM32G414CBU3, STM32G414CBU6, STM32G414CCT3, STM32G414CCT6, STM32G414CCU3, STM32G414CCU6, STM32G414MBT3, STM32G414MBT6, STM32G414MCT3, STM32G414MCT6, STM32G414RBT3, STM32G414RBT6, STM32G414RCT3, STM32G414RCT6, STM32G414VBT3, STM32G414VBT6, STM32G414VCT3, STM32G414VCT6, STM32G431CBT3Z, STM32G431RBT3Z, STM32G471CCT6, STM32G471CCU6, STM32G471CET3, STM32G471CET6, STM32G471CEU3, STM32G471CEU6, STM32G471MCT6, STM32G471MET3, STM32G471MET6, STM32G471MEY6TR, STM32G471QCT6, STM32G471QET3, STM32G471RCT6, STM32G471RET3, STM32G471RET6, STM32G471VCH6, STM32G471VCI6, STM32G471VCT6, STM32G471VEH3, STM32G471VEH6, STM32G471VEI3, STM32G471VEI6, STM32G471VET3, STM32G471VET6, STM32G473QET3Z, STM32G473RET3Z, STM32G474CCT6, STM32G491RET3Z, STM32H503CBT6, STM32H503CBU6, STM32H503EBY6TR, STM32H503KBU6, STM32H503RBT6, STM32H523CCT6, STM32H523CCU6, STM32H523CET6, STM32H523CEU6, STM32H523HEY6TR, STM32H523RCT6, STM32H523RET6, STM32H523VCI6, STM32H523VCT6, STM32H523VEI6, STM32H523VET6, STM32H523ZCJ6, STM32H523ZCT6, STM32H523ZEJ6, STM32H523ZET6, STM32H533CET6, STM32H533CEU6, STM32H533HEY6TR, STM32H533RET6, STM32H533VEI6, STM32H533VET6, STM32H533ZEJ6, STM32H533ZET6, STM32H562AGI6, STM32H562AII6, STM32H562IGK6, STM32H562IGT6, STM32H562IIK6, STM32H562IIT6, STM32H562RGT6, STM32H562RGV6, STM32H562RIT6, STM32H562RIV6, STM32H562VGT6, STM32H562VIT6, STM32H562ZGT6, STM32H562ZIT6, STM32H563AGI6, STM32H563AII3Q, STM32H563AII6, STM32H563IGK6, STM32H563IGT6, STM32H563IIK3Q, STM32H563IIK6, STM32H563IIT3Q, STM32H563IIT6, STM32H563MIY3QTR, STM32H563RGT6, STM32H563RGV6, STM32H563RIT6, STM32H563RIV6, STM32H563VGT6, STM32H563VIT3Q, STM32H563VIT6, STM32H563ZGT6, STM32H563ZIT3Q, STM32H563ZIT6, STM32H573AII3Q, STM32H573AII6, STM32H573I-DK, STM32H573IIK3Q, STM32H573IIK6, STM32H573IIT3Q, STM32H573IIT6, STM32H573MIY3QTR, STM32H573RIT6, STM32H573RIV6, STM32H573VIT3Q, STM32H573VIT6, STM32H573ZIT3Q, STM32H573ZIT6, STM32H7R3A8I6, STM32H7R3I8K6, STM32H7R3I8T6, STM32H7R3L8H6, STM32H7R3L8H6H, STM32H7R3R8V6, STM32H7R3V8H6, STM32H7R3V8T6, STM32H7R3V8Y6TR, STM32H7R3Z8J6, STM32H7R3Z8T6, STM32H7R7A8I6, STM32H7R7I8K6, STM32H7R7I8T6, STM32H7R7L8H6, STM32H7R7L8H6H, STM32H7R7Z8J6, STM32H7S3A8I6, STM32H7S3I8K6, STM32H7S3I8T6, STM32H7S3L8H6, STM32H7S3L8H6H, STM32H7S3R8V6, STM32H7S3V8H6, STM32H7S3V8T6, STM32H7S3V8Y6TR, STM32H7S3Z8J6, STM32H7S3Z8T6, STM32H7S78-DK, STM32H7S7A8I6, STM32H7S7I8K6, STM32H7S7I8T6, STM32H7S7L8H6, STM32H7S7L8H6H, STM32H7S7Z8J6, STM32L4R5QGI6STR, STM32MP131AAE3, STM32MP131AAF3, STM32MP131AAG3, STM32MP131CAE3, STM32MP131CAF3, STM32MP131CAG3, STM32MP131DAE7, STM32MP131DAF7, STM32MP131DAG7, STM32MP131FAE7, STM32MP131FAF7, STM32MP131FAG7, STM32MP133AAE3, STM32MP133AAF3, STM32MP133AAG3, STM32MP133CAE3, STM32MP133CAF3, STM32MP133CAG3, STM32MP133DAE7, STM32MP133DAF7, STM32MP133DAG7, STM32MP133FAE7, STM32MP133FAF7, STM32MP133FAG7, STM32MP135AAE3, STM32MP135AAF3, STM32MP135AAG3, STM32MP135CAE3, STM32MP135CAF3, STM32MP135CAG3, STM32MP135DAE7, STM32MP135DAF7, STM32MP135DAG7, STM32MP135F-DK, STM32MP135FAE7, STM32MP135FAF7, STM32MP135FAF7T, STM32MP135FAF7U, STM32MP135FAG7, STM32MP211AAL3, STM32MP211AAM3, STM32MP211AAN3, STM32MP211AAO3, STM32MP211CAL3, STM32MP211CAM3, STM32MP211CAN3, STM32MP211CAO3, STM32MP211DAL3, STM32MP211DAM3, STM32MP211DAN3, STM32MP211DAO3, STM32MP211FAL3, STM32MP211FAM3, STM32MP211FAN3, STM32MP211FAO3, STM32MP213AAL3, STM32MP213AAM3, STM32MP213AAN3, STM32MP213AAO3, STM32MP213CAL3, STM32MP213CAM3, STM32MP213CAN3, STM32MP213CAO3, STM32MP213DAL3, STM32MP213DAM3, STM32MP213DAN3, STM32MP213DAO3, STM32MP213FAL3, STM32MP213FAM3, STM32MP213FAN3, STM32MP213FAO3, STM32MP215AAL3, STM32MP215AAM3, STM32MP215AAN3, STM32MP215AAO3, STM32MP215CAL3, STM32MP215CAM3, STM32MP215CAN3, STM32MP215CAO3, STM32MP215DAL3, STM32MP215DAM3, STM32MP215DAN3, STM32MP215DAO3, STM32MP215F-DK, STM32MP215FAL3, STM32MP215FAM3, STM32MP215FAN3, STM32MP215FAO3, STM32MP231AAJ3, STM32MP231AAK3, STM32MP231AAL3, STM32MP231CAJ3, STM32MP231CAK3, STM32MP231CAL3, STM32MP231DAJ3, STM32MP231DAK3, STM32MP231DAL3, STM32MP231FAJ3, STM32MP231FAK3, STM32MP231FAL3, STM32MP233AAJ3, STM32MP233AAK3, STM32MP233AAL3, STM32MP233CAJ3, STM32MP233CAK3, STM32MP233CAL3, STM32MP233DAJ3, STM32MP233DAK3, STM32MP233DAL3, STM32MP233FAJ3, STM32MP233FAK3, STM32MP233FAL3, STM32MP235AAJ3, STM32MP235AAK3, STM32MP235AAL3, STM32MP235CAJ3, STM32MP235CAK3, STM32MP235CAL3, STM32MP235DAJ3, STM32MP235DAK3, STM32MP235DAL3, STM32MP235FAJ3, STM32MP235FAK3, STM32MP235FAL3, STM32MP251AAI3, STM32MP251AAK3, STM32MP251AAL3, STM32MP251CAI3, STM32MP251CAK3, STM32MP251CAL3, STM32MP251DAI3, STM32MP251DAK3, STM32MP251DAL3, STM32MP251FAI3, STM32MP251FAK3, STM32MP251FAL3, STM32MP253AAI3, STM32MP253AAK3, STM32MP253AAL3, STM32MP253CAI3, STM32MP253CAK3, STM32MP253CAL3, STM32MP253DAI3, STM32MP253DAK3, STM32MP253DAL3, STM32MP253FAI3, STM32MP253FAK3, STM32MP253FAL3, STM32MP255AAI3, STM32MP255AAK3, STM32MP255AAL3, STM32MP255CAI3, STM32MP255CAK3, STM32MP255CAL3, STM32MP255DAI3, STM32MP255DAK3, STM32MP255DAL3, STM32MP255FAI3, STM32MP255FAK3, STM32MP255FAL3, STM32MP257AAI3, STM32MP257AAK3, STM32MP257AAL3, STM32MP257CAI3, STM32MP257CAK3, STM32MP257CAL3, STM32MP257DAI3, STM32MP257DAK3, STM32MP257DAL3, STM32MP257F-DK, STM32MP257F-EV1, STM32MP257FAI3, STM32MP257FAK3, STM32MP257FAL3, STM32N645A0H3Q, STM32N645B0H3Q, STM32N645I0H3Q, STM32N645L0H3Q, STM32N645X0H3Q, STM32N645Z0H3Q, STM32N647A0H3Q, STM32N647B0H3Q, STM32N647I0H3Q, STM32N647L0H3Q, STM32N647X0H3Q, STM32N647Z0H3Q, STM32N655A0H3Q, STM32N655B0H3Q, STM32N655I0H3Q, STM32N655L0H3Q, STM32N655X0H3Q, STM32N655Z0H3Q, STM32N6570-DK, STM32N657A0H3Q, STM32N657B0H3Q, STM32N657I0H3Q, STM32N657L0H3Q, STM32N657X0H3Q, STM32N657Z0H3Q, STM32U031C6T6, STM32U031C6U6, STM32U031C8T6, STM32U031C8U6, STM32U031F4P6, STM32U031F6P6, STM32U031F8P6, STM32U031G6Y6TR, STM32U031G8Y6TR, STM32U031K4U6, STM32U031K6U6, STM32U031K8U6, STM32U031R6I6, STM32U031R6T6, STM32U031R8I6, STM32U031R8T6, STM32U073C8T6, STM32U073C8U6, STM32U073CBT6, STM32U073CBU6, STM32U073CCT6, STM32U073CCU6, STM32U073H8Y6TR, STM32U073HBY6TR, STM32U073HCY6TR, STM32U073K8U6, STM32U073KBU6, STM32U073KCU6, STM32U073M8I6, STM32U073M8T6, STM32U073MBI6, STM32U073MBT6, STM32U073MCI6, STM32U073MCT6, STM32U073R8I6, STM32U073R8T6, STM32U073RBI6, STM32U073RBT6, STM32U073RCI6, STM32U073RCT6, STM32U083C-DK, STM32U083CCT6, STM32U083CCU6, STM32U083HCY6TR, STM32U083KCU6, STM32U083MCI6, STM32U083MCT6, STM32U083RCI6, STM32U083RCT6, STM32U375CET6, STM32U375CET6Q, STM32U375CEU6, STM32U375CEU6Q, STM32U375CEY6QTR, STM32U375CGT6, STM32U375CGT6Q, STM32U375CGU6, STM32U375CGU6Q, STM32U375CGY6QTR, STM32U375KEU6, STM32U375KGU6, STM32U375REI6, STM32U375REI6Q, STM32U375RET6, STM32U375RET6Q, STM32U375REY6GTR, STM32U375REY6QTR, STM32U375RGI6, STM32U375RGI6Q, STM32U375RGT6, STM32U375RGT6Q, STM32U375RGY6GTR, STM32U375RGY6QTR, STM32U375VEI6, STM32U375VEI6Q, STM32U375VET6, STM32U375VET6Q, STM32U375VGI6, STM32U375VGI6Q, STM32U375VGT6, STM32U375VGT6Q, STM32U385CGT6, STM32U385CGT6Q, STM32U385CGU6, STM32U385CGU6Q, STM32U385CGY6QTR, STM32U385KGU6, STM32U385RGI6, STM32U385RGI6Q, STM32U385RGT6, STM32U385RGT6Q, STM32U385RGY6GTR, STM32U385RGY6QTR, STM32U385VGI6, STM32U385VGI6Q, STM32U385VGT6, STM32U385VGT6Q, STM32U535CBT6, STM32U535CBT6Q, STM32U535CBU6, STM32U535CBU6Q, STM32U535CCT6, STM32U535CCT6Q, STM32U535CCU6, STM32U535CCU6Q, STM32U535CET6, STM32U535CET6Q, STM32U535CEU6, STM32U535CEU6Q, STM32U535JEY6QTR, STM32U535NCY6QTR, STM32U535NEY6QTR, STM32U535RBI6, STM32U535RBI6Q, STM32U535RBT6, STM32U535RBT6Q, STM32U535RCI6, STM32U535RCI6Q, STM32U535RCT6, STM32U535RCT6Q, STM32U535REI6, STM32U535REI6Q, STM32U535RET6, STM32U535RET6Q, STM32U535VCI6, STM32U535VCI6Q, STM32U535VCT6, STM32U535VCT6Q, STM32U535VEI6, STM32U535VEI6Q, STM32U535VET6, STM32U535VET6Q, STM32U545CET6, STM32U545CET6Q, STM32U545CEU6, STM32U545CEU6Q, STM32U545JEY6QTR, STM32U545NEY6QTR, STM32U545REI6, STM32U545REI6Q, STM32U545RET6, STM32U545RET6Q, STM32U545VEI6, STM32U545VEI6Q, STM32U545VET6, STM32U545VET6Q, STM32U595AIH6, STM32U595AIH6Q, STM32U595AJH6, STM32U595AJH6Q, STM32U595QII6, STM32U595QII6Q, STM32U595QJI6, STM32U595QJI6Q, STM32U595RIT6, STM32U595RIT6Q, STM32U595RJT6, STM32U595RJT6Q, STM32U595VIT6, STM32U595VIT6Q, STM32U595VJT6, STM32U595VJT6Q, STM32U595ZIT6, STM32U595ZIT6Q, STM32U595ZIY6QTR, STM32U595ZJT6, STM32U595ZJT6Q, STM32U595ZJY6QTR, STM32U599BJY6QTR, STM32U599NIH6Q, STM32U599NJH6Q, STM32U599VIT6Q, STM32U599VJT6, STM32U599VJT6Q, STM32U599ZIT6Q, STM32U599ZIY6QTR, STM32U599ZJT6Q, STM32U599ZJY6QTR, STM32U5A5AJH6, STM32U5A5AJH6Q, STM32U5A5QII3Q , STM32U5A5QJI6, STM32U5A5QJI6Q, STM32U5A5RJT6, STM32U5A5RJT6Q, STM32U5A5VJT6, STM32U5A5VJT6Q, STM32U5A5ZJT6, STM32U5A5ZJT6Q, STM32U5A5ZJY6QTR, STM32U5A9BJY6QTR, STM32U5A9J-DK, STM32U5A9NJH6Q, STM32U5A9VJT6Q, STM32U5A9ZJT6Q, STM32U5A9ZJY6QTR, STM32U5F7VIT6, STM32U5F7VIT6Q, STM32U5F7VJT6, STM32U5F7VJT6Q, STM32U5F9BJY6QTR, STM32U5F9NJH6Q, STM32U5F9VIT6Q, STM32U5F9VJT6Q, STM32U5F9ZIJ6QTR, STM32U5F9ZIT6Q, STM32U5F9ZJJ6QTR, STM32U5F9ZJT6Q, STM32U5G7VJT6, STM32U5G7VJT6Q, STM32U5G9BJY6QTR, STM32U5G9J-DK1, STM32U5G9J-DK2, STM32U5G9NJH6Q, STM32U5G9VJT6Q, STM32U5G9ZJJ6QTR, STM32U5G9ZJT6Q, STM32WB05KZV6TR, STM32WB05KZV7TR, STM32WB05TZF6TR, STM32WB05TZF7TR, STM32WB06CCF6TR, STM32WB06CCF7TR, STM32WB06CCV6TR, STM32WB06CCV7TR, STM32WB06KCV6TR, STM32WB06KCV7TR, STM32WB07CCF6TR, STM32WB07CCF7TR, STM32WB07CCV6TR, STM32WB07CCV7TR, STM32WB07KCV6TR, STM32WB07KCV7TR, STM32WB09KEV6TR, STM32WB09KEV7TR, STM32WB09TEF6TR, STM32WB09TEF7TR, STM32WB1MMCH6, STM32WBA50KGU6, STM32WBA50KGU6TR, STM32WBA52CEU6, STM32WBA52CEU6TR, STM32WBA52CEU7, STM32WBA52CEU7TR, STM32WBA52CGU6, STM32WBA52CGU6TR, STM32WBA52CGU6U, STM32WBA52CGU7, STM32WBA52CGU7TR, STM32WBA52KEU6, STM32WBA52KEU6TR, STM32WBA52KGU6, STM32WBA52KGU6TR, STM32WBA54CEU6, STM32WBA54CEU6TR, STM32WBA54CEU7, STM32WBA54CEU7TR, STM32WBA54CGU6, STM32WBA54CGU6TR, STM32WBA54CGU7, STM32WBA54CGU7TR, STM32WBA54KEU6, STM32WBA54KEU6TR, STM32WBA54KEU7, STM32WBA54KEU7TR, STM32WBA54KGU6, STM32WBA54KGU6TR, STM32WBA54KGU7, STM32WBA54KGU7TR, STM32WBA55CEU6, STM32WBA55CEU6TR, STM32WBA55CEU7, STM32WBA55CEU7TR, STM32WBA55CGU6, STM32WBA55CGU6TR, STM32WBA55CGU6U, STM32WBA55CGU7, STM32WBA55CGU7TR, STM32WBA55G-DK1, STM32WBA55HEF6, STM32WBA55HEF7, STM32WBA55HGF6, STM32WBA55HGF7, STM32WBA55UEI6, STM32WBA55UEI6TR, STM32WBA55UEI7, STM32WBA55UEI7TR, STM32WBA55UGI6, STM32WBA55UGI6TR, STM32WBA55UGI7, STM32WBA55UGI7TR, STM32WBA5MMGH6TR, STM32WBA62MGF6, STM32WBA62MIF6, STM32WBA65MGF7, STM32WBA65MIF6, STM32WBA65MIF7, STM32WL30K8V6, STM32WL30KBV6, STM32WL31C8V6, STM32WL31CBV6, STM32WL31K8V6, STM32WL31KBV6, STM32WL33C8V6, STM32WL33C8V6X, STM32WL33CBV6, STM32WL33CBV6X, STM32WL33CCV6, STM32WL33CCV6A, STM32WL33CCV6X, STM32WL33K8V7, STM32WL33K8V7X, STM32WL33KBV7 , STM32WL33KBV7X, STM32WL33KCV7, STM32WL33KCV7X, STM32WL5MOCH6, STM32WL5MOCH6TR]
2025-08-16 13:35:07,602 [INFO] BoardInfo:889 - No configuration file found for board P-NUCLEO-WB55
2025-08-16 13:35:07,603 [INFO] DbBoards:161 - Kit is not supported: P-NUCLEO-WB55
2025-08-16 13:35:07,609 [INFO] BoardInfo:889 - No configuration file found for board STEVAL-BFA001V1B
2025-08-16 13:35:07,610 [INFO] DbBoards:161 - Kit is not supported: STEVAL-BFA001V1B
2025-08-16 13:35:07,611 [INFO] BoardInfo:889 - No configuration file found for board STEVAL-BFA001V2B
2025-08-16 13:35:07,612 [INFO] DbBoards:161 - Kit is not supported: STEVAL-BFA001V2B
2025-08-16 13:35:07,794 [INFO] DbBoards:168 - Found 212 boards, 209 are supported
2025-08-16 13:35:07,794 [INFO] DbBoards:169 - Found 212 boards, 43 of them is supported for  Bsp
2025-08-16 13:35:07,796 [INFO] ApiDb:668 - CubeFinder database Data Model version=2.1
2025-08-16 13:35:07,796 [INFO] ApiDb:669 - CubeFinder database Configuration version=3.0.39
2025-08-16 13:35:07,796 [INFO] ApiDb:670 - CubeFinder database generation date=2025-07-24 (1753349077)
2025-08-16 13:35:07,796 [INFO] ApiDb:671 - CubeFinder database FW Pack versions=[FP-ATR-ASTRA1_V2.0.0, FP-SNS-FLIGHT1_V5.1.0, FP-SNS-MOTENV1_V5.0.0, FP-SNS-MOTENVWB1_V1.4.0, FP-SNS-SMARTAG2_V1.2.0, FP-SNS-STBOX1_V2.0.0, STM32Cube_FW_C0_V1.4.0, STM32Cube_FW_F4_V1.28.2, STM32Cube_FW_F7_V1.17.3, STM32Cube_FW_G0_V1.6.2, STM32Cube_FW_G4_V1.6.1, STM32Cube_FW_H5_V1.5.0, STM32Cube_FW_H7RS_V1.2.0, STM32Cube_FW_H7_V1.12.1, STM32Cube_FW_L0_V1.12.2, STM32Cube_FW_L4_V1.18.1, STM32Cube_FW_L5_V1.5.1, STM32Cube_FW_N6_V1.2.0, STM32Cube_FW_U0_V1.3.0, STM32Cube_FW_U3_V1.2.0, STM32Cube_FW_U5_V1.8.0, STM32Cube_FW_WB0_V1.3.0, STM32Cube_FW_WBA_V1.7.0, STM32Cube_FW_WB_V1.23.0, STM32Cube_FW_WL3_V1.2.0, STM32Cube_FW_WL_V1.3.1, X-CUBE-ALGOBUILD_V1.4.0, X-CUBE-ALS_V1.0.2, X-CUBE-AZRTOS-F4_V1.1.0, X-CUBE-AZRTOS-F7_V1.1.0, X-CUBE-AZRTOS-G0_V1.1.0, X-CUBE-AZRTOS-G4_V2.0.0, X-CUBE-AZRTOS-H7RS_V1.1.0, X-CUBE-AZRTOS-H7_V3.4.0, X-CUBE-AZRTOS-L4_V2.0.0, X-CUBE-AZRTOS-L5_V2.0.0, X-CUBE-AZRTOS-WB_V2.0.0, X-CUBE-AZRTOS-WL_V2.0.0, X-CUBE-BLE1_V7.1.0, X-CUBE-BLE2_V3.3.0, X-CUBE-BLEMGR_V4.1.0, X-CUBE-EEPRMA1_V5.2.0, X-CUBE-FREERTOS_V1.3.1, X-CUBE-GNSS1_V6.0.0, X-CUBE-MEMS1_V11.3.0, X-CUBE-NFC4_V3.0.0, X-CUBE-NFC7_V2.0.0, X-CUBE-SFXS2LP1_V4.0.0, X-CUBE-ST67W61_V1.0.0, X-CUBE-SUBG2_V5.0.0, X-CUBE-TOF1_V3.4.3]
2025-08-16 13:35:09,192 [INFO] ApiDb:240 - Found 880 in-development CPN: [B-G473E-ZEST1S, B-WB1M-WPAN1, B-WBA5M-WPAN, B-WL5M-SUBG1, NUCLEO-C031C6, NUCLEO-C051C8, NUCLEO-C071RB, NUCLEO-C092RC, NUCLEO-H503RB, NUCLEO-H533RE, NUCLEO-H563ZI, NUCLEO-H7S3L8, NUCLEO-N657X0-Q, NUCLEO-U031R8, NUCLEO-U083RC, NUCLEO-U385RG-Q, NUCLEO-U545RE-Q, NUCLEO-U5A5ZJ-Q, NUCLEO-WB05KZ, NUCLEO-WB07CC, NUCLEO-WB09KE, NUCLEO-WBA52CG, NUCLEO-WBA55CG, NUCLEO-WL33CC1, NUCLEO-WL33CC2, STEVAL-PROTEUS1, STEVAL-SMARTAG2, STEVAL-STWINBX1, STM320518-EVAL, STM32C0116-DK, STM32C011D6Y3TR, STM32C011D6Y6TR, STM32C011F4P3, STM32C011F4P6, STM32C011F4U3, STM32C011F4U6TR, STM32C011F6P3, STM32C011F6P6, STM32C011F6U3, STM32C011F6U6TR, STM32C011J4M3, STM32C011J4M6, STM32C011J6M3, STM32C011J6M6, STM32C0316-DK, STM32C031C4T3, STM32C031C4T6, STM32C031C4U3, STM32C031C4U6, STM32C031C6T3, STM32C031C6T6, STM32C031C6U3, STM32C031C6U6, STM32C031F4P3, STM32C031F4P6, STM32C031F6P3, STM32C031F6P6, STM32C031G4U3, STM32C031G4U6, STM32C031G6U3, STM32C031G6U6, STM32C031K4T3, STM32C031K4T6, STM32C031K4U3, STM32C031K4U6, STM32C031K6T3, STM32C031K6T6, STM32C031K6U3, STM32C031K6U6, STM32C051C6T6, STM32C051C6U6, STM32C051C8T6, STM32C051C8U6, STM32C051D8Y6TR, STM32C051F6P6, STM32C051F8P6, STM32C051G6U6, STM32C051G8U6, STM32C051K6T6, STM32C051K6U6, STM32C051K8T6, STM32C071C8T6, STM32C071C8T6N, STM32C071C8U6, STM32C071C8U6N, STM32C071CBT6, STM32C071CBT6N, STM32C071CBU6, STM32C071CBU6N, STM32C071F8P6, STM32C071F8P6N, STM32C071FBP6, STM32C071FBP6N, STM32C071FBY6TR, STM32C071G8U6, STM32C071G8U6N, STM32C071GBU6, STM32C071GBU6N, STM32C071K8T6, STM32C071K8T6N, STM32C071K8U6, STM32C071K8U6N, STM32C071KBT6, STM32C071KBT6N, STM32C071KBU6, STM32C071KBU6N, STM32C071R8T6, STM32C071R8T6N, STM32C071RBI6N, STM32C071RBT6, STM32C071RBT6N, STM32C091CBT6, STM32C091CBU6, STM32C091CCT6, STM32C091CCU6, STM32C091ECY6TR, STM32C091FBP6, STM32C091FCP6, STM32C091GBU6, STM32C091GCU6, STM32C091KBT6, STM32C091KBU6, STM32C091KCT6, STM32C091KCU6, STM32C091RBT6, STM32C091RCI6, STM32C091RCT6, STM32C092CBT6, STM32C092CBU6, STM32C092CCT6, STM32C092CCU6, STM32C092ECY6TR, STM32C092FBP6, STM32C092FCP6, STM32C092GBU6, STM32C092GCU6, STM32C092KBT6, STM32C092KBU6, STM32C092KCT6, STM32C092KCU6, STM32C092RBT6, STM32C092RCI6, STM32C092RCT6, STM32G071K8TXN, STM32G071K8UXN, STM32G081GBU6N, STM32G081KBT6N, STM32G081KBUXN, STM32G0B1CCT6N, STM32G0B1KCT6, STM32G0B1NEY6TR, STM32G0B1RCT6N, STM32G0C1CCT6, STM32G0C1CCT6N, STM32G0C1CCU6N, STM32G0C1CET6N, STM32G0C1CEU6N, STM32G0C1KCT6, STM32G0C1NEY6TR, STM32G0C1RCI6N, STM32G0C1RCT6N, STM32G0C1REI6N, STM32G0C1RET6N, STM32G0C1VCI6, STM32G0C1VEI6, STM32G411C6T3, STM32G411C6T6, STM32G411C6U3, STM32G411C6U6, STM32G411C8T3, STM32G411C8T6, STM32G411C8U3, STM32G411C8U6, STM32G411CBT3, STM32G411CBT6, STM32G411CBU3, STM32G411CBU6, STM32G411K6T3, STM32G411K6T6, STM32G411K6U3, STM32G411K6U6, STM32G411K8T3, STM32G411K8T6, STM32G411K8U3, STM32G411K8U6, STM32G411KBT3, STM32G411KBT6, STM32G411KBU3, STM32G411KBU6, STM32G411M6T3, STM32G411M6T6, STM32G411M8T3, STM32G411M8T6, STM32G411MBT3, STM32G411MBT6, STM32G411R6T3, STM32G411R6T6, STM32G411R8T3, STM32G411R8T6, STM32G411RBT3, STM32G411RBT6, STM32G414CBT3, STM32G414CBT6, STM32G414CBU3, STM32G414CBU6, STM32G414CCT3, STM32G414CCT6, STM32G414CCU3, STM32G414CCU6, STM32G414MBT3, STM32G414MBT6, STM32G414MCT3, STM32G414MCT6, STM32G414RBT3, STM32G414RBT6, STM32G414RCT3, STM32G414RCT6, STM32G414VBT3, STM32G414VBT6, STM32G414VCT3, STM32G414VCT6, STM32G431CBT3Z, STM32G431RBT3Z, STM32G471CCT6, STM32G471CCU6, STM32G471CET3, STM32G471CET6, STM32G471CEU3, STM32G471CEU6, STM32G471MCT6, STM32G471MET3, STM32G471MET6, STM32G471MEY6TR, STM32G471QCT6, STM32G471QET3, STM32G471RCT6, STM32G471RET3, STM32G471RET6, STM32G471VCH6, STM32G471VCI6, STM32G471VCT6, STM32G471VEH3, STM32G471VEH6, STM32G471VEI3, STM32G471VEI6, STM32G471VET3, STM32G471VET6, STM32G473QET3Z, STM32G473RET3Z, STM32G474CCT6, STM32G491RET3Z, STM32H503CBT6, STM32H503CBU6, STM32H503EBY6TR, STM32H503KBU6, STM32H503RBT6, STM32H523CCT6, STM32H523CCU6, STM32H523CET6, STM32H523CEU6, STM32H523HEY6TR, STM32H523RCT6, STM32H523RET6, STM32H523VCI6, STM32H523VCT6, STM32H523VEI6, STM32H523VET6, STM32H523ZCJ6, STM32H523ZCT6, STM32H523ZEJ6, STM32H523ZET6, STM32H533CET6, STM32H533CEU6, STM32H533HEY6TR, STM32H533RET6, STM32H533VEI6, STM32H533VET6, STM32H533ZEJ6, STM32H533ZET6, STM32H562AGI6, STM32H562AII6, STM32H562IGK6, STM32H562IGT6, STM32H562IIK6, STM32H562IIT6, STM32H562RGT6, STM32H562RGV6, STM32H562RIT6, STM32H562RIV6, STM32H562VGT6, STM32H562VIT6, STM32H562ZGT6, STM32H562ZIT6, STM32H563AGI6, STM32H563AII3Q, STM32H563AII6, STM32H563IGK6, STM32H563IGT6, STM32H563IIK3Q, STM32H563IIK6, STM32H563IIT3Q, STM32H563IIT6, STM32H563MIY3QTR, STM32H563RGT6, STM32H563RGV6, STM32H563RIT6, STM32H563RIV6, STM32H563VGT6, STM32H563VIT3Q, STM32H563VIT6, STM32H563ZGT6, STM32H563ZIT3Q, STM32H563ZIT6, STM32H573AII3Q, STM32H573AII6, STM32H573I-DK, STM32H573IIK3Q, STM32H573IIK6, STM32H573IIT3Q, STM32H573IIT6, STM32H573MIY3QTR, STM32H573RIT6, STM32H573RIV6, STM32H573VIT3Q, STM32H573VIT6, STM32H573ZIT3Q, STM32H573ZIT6, STM32H7R3A8I6, STM32H7R3I8K6, STM32H7R3I8T6, STM32H7R3L8H6, STM32H7R3L8H6H, STM32H7R3R8V6, STM32H7R3V8H6, STM32H7R3V8T6, STM32H7R3V8Y6TR, STM32H7R3Z8J6, STM32H7R3Z8T6, STM32H7R7A8I6, STM32H7R7I8K6, STM32H7R7I8T6, STM32H7R7L8H6, STM32H7R7L8H6H, STM32H7R7Z8J6, STM32H7S3A8I6, STM32H7S3I8K6, STM32H7S3I8T6, STM32H7S3L8H6, STM32H7S3L8H6H, STM32H7S3R8V6, STM32H7S3V8H6, STM32H7S3V8T6, STM32H7S3V8Y6TR, STM32H7S3Z8J6, STM32H7S3Z8T6, STM32H7S78-DK, STM32H7S7A8I6, STM32H7S7I8K6, STM32H7S7I8T6, STM32H7S7L8H6, STM32H7S7L8H6H, STM32H7S7Z8J6, STM32L4R5QGI6STR, STM32MP131AAE3, STM32MP131AAF3, STM32MP131AAG3, STM32MP131CAE3, STM32MP131CAF3, STM32MP131CAG3, STM32MP131DAE7, STM32MP131DAF7, STM32MP131DAG7, STM32MP131FAE7, STM32MP131FAF7, STM32MP131FAG7, STM32MP133AAE3, STM32MP133AAF3, STM32MP133AAG3, STM32MP133CAE3, STM32MP133CAF3, STM32MP133CAG3, STM32MP133DAE7, STM32MP133DAF7, STM32MP133DAG7, STM32MP133FAE7, STM32MP133FAF7, STM32MP133FAG7, STM32MP135AAE3, STM32MP135AAF3, STM32MP135AAG3, STM32MP135CAE3, STM32MP135CAF3, STM32MP135CAG3, STM32MP135DAE7, STM32MP135DAF7, STM32MP135DAG7, STM32MP135F-DK, STM32MP135FAE7, STM32MP135FAF7, STM32MP135FAF7T, STM32MP135FAF7U, STM32MP135FAG7, STM32MP211AAL3, STM32MP211AAM3, STM32MP211AAN3, STM32MP211AAO3, STM32MP211CAL3, STM32MP211CAM3, STM32MP211CAN3, STM32MP211CAO3, STM32MP211DAL3, STM32MP211DAM3, STM32MP211DAN3, STM32MP211DAO3, STM32MP211FAL3, STM32MP211FAM3, STM32MP211FAN3, STM32MP211FAO3, STM32MP213AAL3, STM32MP213AAM3, STM32MP213AAN3, STM32MP213AAO3, STM32MP213CAL3, STM32MP213CAM3, STM32MP213CAN3, STM32MP213CAO3, STM32MP213DAL3, STM32MP213DAM3, STM32MP213DAN3, STM32MP213DAO3, STM32MP213FAL3, STM32MP213FAM3, STM32MP213FAN3, STM32MP213FAO3, STM32MP215AAL3, STM32MP215AAM3, STM32MP215AAN3, STM32MP215AAO3, STM32MP215CAL3, STM32MP215CAM3, STM32MP215CAN3, STM32MP215CAO3, STM32MP215DAL3, STM32MP215DAM3, STM32MP215DAN3, STM32MP215DAO3, STM32MP215F-DK, STM32MP215FAL3, STM32MP215FAM3, STM32MP215FAN3, STM32MP215FAO3, STM32MP231AAJ3, STM32MP231AAK3, STM32MP231AAL3, STM32MP231CAJ3, STM32MP231CAK3, STM32MP231CAL3, STM32MP231DAJ3, STM32MP231DAK3, STM32MP231DAL3, STM32MP231FAJ3, STM32MP231FAK3, STM32MP231FAL3, STM32MP233AAJ3, STM32MP233AAK3, STM32MP233AAL3, STM32MP233CAJ3, STM32MP233CAK3, STM32MP233CAL3, STM32MP233DAJ3, STM32MP233DAK3, STM32MP233DAL3, STM32MP233FAJ3, STM32MP233FAK3, STM32MP233FAL3, STM32MP235AAJ3, STM32MP235AAK3, STM32MP235AAL3, STM32MP235CAJ3, STM32MP235CAK3, STM32MP235CAL3, STM32MP235DAJ3, STM32MP235DAK3, STM32MP235DAL3, STM32MP235FAJ3, STM32MP235FAK3, STM32MP235FAL3, STM32MP251AAI3, STM32MP251AAK3, STM32MP251AAL3, STM32MP251CAI3, STM32MP251CAK3, STM32MP251CAL3, STM32MP251DAI3, STM32MP251DAK3, STM32MP251DAL3, STM32MP251FAI3, STM32MP251FAK3, STM32MP251FAL3, STM32MP253AAI3, STM32MP253AAK3, STM32MP253AAL3, STM32MP253CAI3, STM32MP253CAK3, STM32MP253CAL3, STM32MP253DAI3, STM32MP253DAK3, STM32MP253DAL3, STM32MP253FAI3, STM32MP253FAK3, STM32MP253FAL3, STM32MP255AAI3, STM32MP255AAK3, STM32MP255AAL3, STM32MP255CAI3, STM32MP255CAK3, STM32MP255CAL3, STM32MP255DAI3, STM32MP255DAK3, STM32MP255DAL3, STM32MP255FAI3, STM32MP255FAK3, STM32MP255FAL3, STM32MP257AAI3, STM32MP257AAK3, STM32MP257AAL3, STM32MP257CAI3, STM32MP257CAK3, STM32MP257CAL3, STM32MP257DAI3, STM32MP257DAK3, STM32MP257DAL3, STM32MP257F-DK, STM32MP257F-EV1, STM32MP257FAI3, STM32MP257FAK3, STM32MP257FAL3, STM32N645A0H3Q, STM32N645B0H3Q, STM32N645I0H3Q, STM32N645L0H3Q, STM32N645X0H3Q, STM32N645Z0H3Q, STM32N647A0H3Q, STM32N647B0H3Q, STM32N647I0H3Q, STM32N647L0H3Q, STM32N647X0H3Q, STM32N647Z0H3Q, STM32N655A0H3Q, STM32N655B0H3Q, STM32N655I0H3Q, STM32N655L0H3Q, STM32N655X0H3Q, STM32N655Z0H3Q, STM32N6570-DK, STM32N657A0H3Q, STM32N657B0H3Q, STM32N657I0H3Q, STM32N657L0H3Q, STM32N657X0H3Q, STM32N657Z0H3Q, STM32U031C6T6, STM32U031C6U6, STM32U031C8T6, STM32U031C8U6, STM32U031F4P6, STM32U031F6P6, STM32U031F8P6, STM32U031G6Y6TR, STM32U031G8Y6TR, STM32U031K4U6, STM32U031K6U6, STM32U031K8U6, STM32U031R6I6, STM32U031R6T6, STM32U031R8I6, STM32U031R8T6, STM32U073C8T6, STM32U073C8U6, STM32U073CBT6, STM32U073CBU6, STM32U073CCT6, STM32U073CCU6, STM32U073H8Y6TR, STM32U073HBY6TR, STM32U073HCY6TR, STM32U073K8U6, STM32U073KBU6, STM32U073KCU6, STM32U073M8I6, STM32U073M8T6, STM32U073MBI6, STM32U073MBT6, STM32U073MCI6, STM32U073MCT6, STM32U073R8I6, STM32U073R8T6, STM32U073RBI6, STM32U073RBT6, STM32U073RCI6, STM32U073RCT6, STM32U083C-DK, STM32U083CCT6, STM32U083CCU6, STM32U083HCY6TR, STM32U083KCU6, STM32U083MCI6, STM32U083MCT6, STM32U083RCI6, STM32U083RCT6, STM32U375CET6, STM32U375CET6Q, STM32U375CEU6, STM32U375CEU6Q, STM32U375CEY6QTR, STM32U375CGT6, STM32U375CGT6Q, STM32U375CGU6, STM32U375CGU6Q, STM32U375CGY6QTR, STM32U375KEU6, STM32U375KGU6, STM32U375REI6, STM32U375REI6Q, STM32U375RET6, STM32U375RET6Q, STM32U375REY6GTR, STM32U375REY6QTR, STM32U375RGI6, STM32U375RGI6Q, STM32U375RGT6, STM32U375RGT6Q, STM32U375RGY6GTR, STM32U375RGY6QTR, STM32U375VEI6, STM32U375VEI6Q, STM32U375VET6, STM32U375VET6Q, STM32U375VGI6, STM32U375VGI6Q, STM32U375VGT6, STM32U375VGT6Q, STM32U385CGT6, STM32U385CGT6Q, STM32U385CGU6, STM32U385CGU6Q, STM32U385CGY6QTR, STM32U385KGU6, STM32U385RGI6, STM32U385RGI6Q, STM32U385RGT6, STM32U385RGT6Q, STM32U385RGY6GTR, STM32U385RGY6QTR, STM32U385VGI6, STM32U385VGI6Q, STM32U385VGT6, STM32U385VGT6Q, STM32U535CBT6, STM32U535CBT6Q, STM32U535CBU6, STM32U535CBU6Q, STM32U535CCT6, STM32U535CCT6Q, STM32U535CCU6, STM32U535CCU6Q, STM32U535CET6, STM32U535CET6Q, STM32U535CEU6, STM32U535CEU6Q, STM32U535JEY6QTR, STM32U535NCY6QTR, STM32U535NEY6QTR, STM32U535RBI6, STM32U535RBI6Q, STM32U535RBT6, STM32U535RBT6Q, STM32U535RCI6, STM32U535RCI6Q, STM32U535RCT6, STM32U535RCT6Q, STM32U535REI6, STM32U535REI6Q, STM32U535RET6, STM32U535RET6Q, STM32U535VCI6, STM32U535VCI6Q, STM32U535VCT6, STM32U535VCT6Q, STM32U535VEI6, STM32U535VEI6Q, STM32U535VET6, STM32U535VET6Q, STM32U545CET6, STM32U545CET6Q, STM32U545CEU6, STM32U545CEU6Q, STM32U545JEY6QTR, STM32U545NEY6QTR, STM32U545REI6, STM32U545REI6Q, STM32U545RET6, STM32U545RET6Q, STM32U545VEI6, STM32U545VEI6Q, STM32U545VET6, STM32U545VET6Q, STM32U595AIH6, STM32U595AIH6Q, STM32U595AJH6, STM32U595AJH6Q, STM32U595QII6, STM32U595QII6Q, STM32U595QJI6, STM32U595QJI6Q, STM32U595RIT6, STM32U595RIT6Q, STM32U595RJT6, STM32U595RJT6Q, STM32U595VIT6, STM32U595VIT6Q, STM32U595VJT6, STM32U595VJT6Q, STM32U595ZIT6, STM32U595ZIT6Q, STM32U595ZIY6QTR, STM32U595ZJT6, STM32U595ZJT6Q, STM32U595ZJY6QTR, STM32U599BJY6QTR, STM32U599NIH6Q, STM32U599NJH6Q, STM32U599VIT6Q, STM32U599VJT6, STM32U599VJT6Q, STM32U599ZIT6Q, STM32U599ZIY6QTR, STM32U599ZJT6Q, STM32U599ZJY6QTR, STM32U5A5AJH6, STM32U5A5AJH6Q, STM32U5A5QII3Q , STM32U5A5QJI6, STM32U5A5QJI6Q, STM32U5A5RJT6, STM32U5A5RJT6Q, STM32U5A5VJT6, STM32U5A5VJT6Q, STM32U5A5ZJT6, STM32U5A5ZJT6Q, STM32U5A5ZJY6QTR, STM32U5A9BJY6QTR, STM32U5A9J-DK, STM32U5A9NJH6Q, STM32U5A9VJT6Q, STM32U5A9ZJT6Q, STM32U5A9ZJY6QTR, STM32U5F7VIT6, STM32U5F7VIT6Q, STM32U5F7VJT6, STM32U5F7VJT6Q, STM32U5F9BJY6QTR, STM32U5F9NJH6Q, STM32U5F9VIT6Q, STM32U5F9VJT6Q, STM32U5F9ZIJ6QTR, STM32U5F9ZIT6Q, STM32U5F9ZJJ6QTR, STM32U5F9ZJT6Q, STM32U5G7VJT6, STM32U5G7VJT6Q, STM32U5G9BJY6QTR, STM32U5G9J-DK1, STM32U5G9J-DK2, STM32U5G9NJH6Q, STM32U5G9VJT6Q, STM32U5G9ZJJ6QTR, STM32U5G9ZJT6Q, STM32WB05KZV6TR, STM32WB05KZV7TR, STM32WB05TZF6TR, STM32WB05TZF7TR, STM32WB06CCF6TR, STM32WB06CCF7TR, STM32WB06CCV6TR, STM32WB06CCV7TR, STM32WB06KCV6TR, STM32WB06KCV7TR, STM32WB07CCF6TR, STM32WB07CCF7TR, STM32WB07CCV6TR, STM32WB07CCV7TR, STM32WB07KCV6TR, STM32WB07KCV7TR, STM32WB09KEV6TR, STM32WB09KEV7TR, STM32WB09TEF6TR, STM32WB09TEF7TR, STM32WB1MMCH6, STM32WBA50KGU6, STM32WBA50KGU6TR, STM32WBA52CEU6, STM32WBA52CEU6TR, STM32WBA52CEU7, STM32WBA52CEU7TR, STM32WBA52CGU6, STM32WBA52CGU6TR, STM32WBA52CGU6U, STM32WBA52CGU7, STM32WBA52CGU7TR, STM32WBA52KEU6, STM32WBA52KEU6TR, STM32WBA52KGU6, STM32WBA52KGU6TR, STM32WBA54CEU6, STM32WBA54CEU6TR, STM32WBA54CEU7, STM32WBA54CEU7TR, STM32WBA54CGU6, STM32WBA54CGU6TR, STM32WBA54CGU7, STM32WBA54CGU7TR, STM32WBA54KEU6, STM32WBA54KEU6TR, STM32WBA54KEU7, STM32WBA54KEU7TR, STM32WBA54KGU6, STM32WBA54KGU6TR, STM32WBA54KGU7, STM32WBA54KGU7TR, STM32WBA55CEU6, STM32WBA55CEU6TR, STM32WBA55CEU7, STM32WBA55CEU7TR, STM32WBA55CGU6, STM32WBA55CGU6TR, STM32WBA55CGU6U, STM32WBA55CGU7, STM32WBA55CGU7TR, STM32WBA55G-DK1, STM32WBA55HEF6, STM32WBA55HEF7, STM32WBA55HGF6, STM32WBA55HGF7, STM32WBA55UEI6, STM32WBA55UEI6TR, STM32WBA55UEI7, STM32WBA55UEI7TR, STM32WBA55UGI6, STM32WBA55UGI6TR, STM32WBA55UGI7, STM32WBA55UGI7TR, STM32WBA5MMGH6TR, STM32WBA62MGF6, STM32WBA62MIF6, STM32WBA65MGF7, STM32WBA65MIF6, STM32WBA65MIF7, STM32WL30K8V6, STM32WL30KBV6, STM32WL31C8V6, STM32WL31CBV6, STM32WL31K8V6, STM32WL31KBV6, STM32WL33C8V6, STM32WL33C8V6X, STM32WL33CBV6, STM32WL33CBV6X, STM32WL33CCV6, STM32WL33CCV6A, STM32WL33CCV6X, STM32WL33K8V7, STM32WL33K8V7X, STM32WL33KBV7 , STM32WL33KBV7X, STM32WL33KCV7, STM32WL33KCV7X, STM32WL5MOCH6, STM32WL5MOCH6TR]
2025-08-16 13:35:09,200 [INFO] DbMcus:218 - Found 4801 MCUs, 4801 are supported
2025-08-16 13:35:09,201 [INFO] ApiDb:423 - Load user favorites file C:\Users\Thorin/.stm32cubeide/favorites.mcus.txt: 0 item(s)
2025-08-16 13:35:09,201 [INFO] ApiDb:427 - User favorites MCUs=[]
2025-08-16 13:35:09,201 [INFO] DbMcus:224 - Set 0 / 0 favorites MCUs
2025-08-16 13:35:09,518 [INFO] ApiDb:423 - Load user favorites file C:\Users\Thorin/.stm32cubeide/favorites.boards.txt: 0 item(s)
2025-08-16 13:35:09,518 [INFO] ApiDb:427 - User favorites Boards=[]
2025-08-16 13:35:09,518 [INFO] DbBoards:198 - Set 0 / 0 favorites Boards
2025-08-16 13:35:09,584 [INFO] UtilMem:75 - End LoadConfig() Used Memory: 210894088 Bytes (409993216)
2025-08-16 13:35:09,678 [WARN] ThirdParty:833 - waiting for thirdparty lock release [change project]
2025-08-16 13:35:09,678 [INFO] ThirdParty:835 - entering critical section [change project]
2025-08-16 13:35:09,678 [INFO] ThirdParty:1030 - CMSIS Pack Vendor :STMicroelectronics X-CUBE-PM33A1 1.0.0
2025-08-16 13:35:09,678 [INFO] ThirdParty:1030 - CMSIS Pack Vendor :STMicroelectronics USBPD 4.1
2025-08-16 13:35:09,678 [INFO] ThirdParty:1030 - CMSIS Pack Vendor :STMicroelectronics X-CUBE-NFC9 1.0.0
2025-08-16 13:35:09,678 [INFO] ThirdParty:1030 - CMSIS Pack Vendor :STMicroelectronics USB_HOST 2.0.0
2025-08-16 13:35:09,678 [INFO] ThirdParty:1030 - CMSIS Pack Vendor :STMicroelectronics FP-SNS-MOTENVWB1 1.4.0
2025-08-16 13:35:09,678 [INFO] ThirdParty:1030 - CMSIS Pack Vendor :STMicroelectronics X-CUBE-AZRTOS-F4 1.1.0
2025-08-16 13:35:09,678 [INFO] ThirdParty:1030 - CMSIS Pack Vendor :STMicroelectronics LIBJPEG 8.0.0
2025-08-16 13:35:09,678 [INFO] ThirdParty:1030 - CMSIS Pack Vendor :STMicroelectronics FP-ATR-ASTRA1 2.0.2
2025-08-16 13:35:09,678 [INFO] ThirdParty:1030 - CMSIS Pack Vendor :wolfSSL I-CUBE-wolfSSL 5.8.2
2025-08-16 13:35:09,678 [INFO] ThirdParty:1030 - CMSIS Pack Vendor :STMicroelectronics X-CUBE-BLE1 7.1.0
2025-08-16 13:35:09,678 [INFO] ThirdParty:1030 - CMSIS Pack Vendor :Avnet-IotConnect X-CUBE-IoTC-DA16k-PMOD 1.0.0
2025-08-16 13:35:09,678 [INFO] ThirdParty:1030 - CMSIS Pack Vendor :STMicroelectronics X-CUBE-SMBUS 2.1.0
2025-08-16 13:35:09,678 [INFO] ThirdParty:1030 - CMSIS Pack Vendor :wolfSSL I-CUBE-wolfMQTT 1.19.2
2025-08-16 13:35:09,678 [INFO] ThirdParty:1030 - CMSIS Pack Vendor :STMicroelectronics USB_DEVICE 3.0.0
2025-08-16 13:35:09,678 [INFO] ThirdParty:1030 - CMSIS Pack Vendor :STMicroelectronics X-CUBE-ISPU 2.1.0
2025-08-16 13:35:09,678 [INFO] ThirdParty:1030 - CMSIS Pack Vendor :STMicroelectronics X-CUBE-EEPRMA1 5.2.0
2025-08-16 13:35:09,678 [INFO] ThirdParty:1030 - CMSIS Pack Vendor :STMicroelectronics X-CUBE-BLEMGR 4.1.0
2025-08-16 13:35:09,678 [INFO] ThirdParty:1030 - CMSIS Pack Vendor :STMicroelectronics X-CUBE-AZRTOS-WB 2.0.0
2025-08-16 13:35:09,678 [INFO] ThirdParty:1030 - CMSIS Pack Vendor :STMicroelectronics X-CUBE-ST60 1.0.0
2025-08-16 13:35:09,678 [INFO] ThirdParty:1030 - CMSIS Pack Vendor :STMicroelectronics X-CUBE-GNSS1 7.0.1
2025-08-16 13:35:09,678 [INFO] ThirdParty:1030 - CMSIS Pack Vendor :STMicroelectronics X-CUBE-NFC12 1.0.0
2025-08-16 13:35:09,678 [INFO] ThirdParty:1030 - CMSIS Pack Vendor :STMicroelectronics X-CUBE-AZRTOS-F7 1.1.0
2025-08-16 13:35:09,678 [INFO] ThirdParty:1030 - CMSIS Pack Vendor :STMicroelectronics X-CUBE-AZRTOS-L5 2.0.0
2025-08-16 13:35:09,680 [INFO] ThirdParty:1030 - CMSIS Pack Vendor :STMicroelectronics X-CUBE-TOUCHGFX 4.25.0
2025-08-16 13:35:09,680 [INFO] ThirdParty:1030 - CMSIS Pack Vendor :STMicroelectronics USB_DEVICE 2.0.0
2025-08-16 13:35:09,680 [INFO] ThirdParty:1030 - CMSIS Pack Vendor :STMicroelectronics X-CUBE-NFC6 3.1.0
2025-08-16 13:35:09,680 [INFO] ThirdParty:1030 - CMSIS Pack Vendor :quantropi X-CUBE-qispace-sdk-base 2.1.0
2025-08-16 13:35:09,680 [INFO] ThirdParty:1030 - CMSIS Pack Vendor :STMicroelectronics FreeRTOS 0.0.1
2025-08-16 13:35:09,680 [INFO] ThirdParty:1030 - CMSIS Pack Vendor :STMicroelectronics X-CUBE-AZRTOS-G0 1.1.0
2025-08-16 13:35:09,680 [INFO] ThirdParty:1030 - CMSIS Pack Vendor :STMicroelectronics X-CUBE-SAFEA1 1.2.2
2025-08-16 13:35:09,680 [INFO] ThirdParty:1030 - CMSIS Pack Vendor :STMicroelectronics X-CUBE-NFC4 3.0.0
2025-08-16 13:35:09,680 [INFO] ThirdParty:1030 - CMSIS Pack Vendor :STMicroelectronics X-CUBE-SUBG2 5.0.0
2025-08-16 13:35:09,680 [INFO] ThirdParty:1030 - CMSIS Pack Vendor :STMicroelectronics X-CUBE-AZRTOS-H7RS 1.1.0
2025-08-16 13:35:09,680 [INFO] ThirdParty:1030 - CMSIS Pack Vendor :STMicroelectronics STM32_WPAN 1.0.0
2025-08-16 13:35:09,680 [INFO] ThirdParty:1030 - CMSIS Pack Vendor :EmbeddedOffice I-CUBE-FS-RTOS 1.0.1
2025-08-16 13:35:09,680 [INFO] ThirdParty:1030 - CMSIS Pack Vendor :STMicroelectronics lwIP 2.0.3
2025-08-16 13:35:09,680 [INFO] ThirdParty:1030 - CMSIS Pack Vendor :Cesanta I-CUBE-Mongoose 7.13.0
2025-08-16 13:35:09,680 [INFO] ThirdParty:1030 - CMSIS Pack Vendor :STMicroelectronics USB_HOST 1.0.0
2025-08-16 13:35:09,680 [INFO] ThirdParty:1030 - CMSIS Pack Vendor :Infineon AIROC-Wi-Fi-Bluetooth-STM32 1.7.1
2025-08-16 13:35:09,680 [INFO] ThirdParty:1030 - CMSIS Pack Vendor :STMicroelectronics X-CUBE-AZRTOS-G4 2.0.0
2025-08-16 13:35:09,680 [INFO] ThirdParty:1030 - CMSIS Pack Vendor :STMicroelectronics X-CUBE-WB05N 2.0.0
2025-08-16 13:35:09,680 [INFO] ThirdParty:1030 - CMSIS Pack Vendor :STMicroelectronics PDM2PCM 3.1.0
2025-08-16 13:35:09,680 [INFO] ThirdParty:1030 - CMSIS Pack Vendor :STMicroelectronics PDM2PCM 3.3.0
2025-08-16 13:35:09,680 [INFO] ThirdParty:1030 - CMSIS Pack Vendor :wolfSSL I-CUBE-wolfTPM 3.8.0
2025-08-16 13:35:09,680 [INFO] ThirdParty:1030 - CMSIS Pack Vendor :STMicroelectronics X-CUBE-AZRTOS-H7 3.4.0
2025-08-16 13:35:09,680 [INFO] ThirdParty:1030 - CMSIS Pack Vendor :STMicroelectronics X-CUBE-DISPLAY 3.0.0
2025-08-16 13:35:09,680 [INFO] ThirdParty:1030 - CMSIS Pack Vendor :wolfSSL I-CUBE-wolfSSH 1.4.20
2025-08-16 13:35:09,680 [INFO] ThirdParty:1030 - CMSIS Pack Vendor :STMicroelectronics X-CUBE-NFC7 2.0.0
2025-08-16 13:35:09,680 [INFO] ThirdParty:1030 - CMSIS Pack Vendor :STMicroelectronics X-CUBE-TCPP 4.2.0
2025-08-16 13:35:09,680 [INFO] ThirdParty:1030 - CMSIS Pack Vendor :RealThread X-CUBE-RT-Thread_Nano 4.1.1
2025-08-16 13:35:09,680 [INFO] ThirdParty:1030 - CMSIS Pack Vendor :STMicroelectronics FP-ATR-SIGFOX1 3.2.0
2025-08-16 13:35:09,680 [INFO] ThirdParty:1030 - CMSIS Pack Vendor :STMicroelectronics X-CUBE-NFC10 1.0.0
2025-08-16 13:35:09,680 [INFO] ThirdParty:1030 - CMSIS Pack Vendor :STMicroelectronics X-CUBE-FREERTOS 1.3.1
2025-08-16 13:35:09,680 [INFO] ThirdParty:1030 - CMSIS Pack Vendor :STMicroelectronics HAL Drivers 0.0.0
2025-08-16 13:35:09,680 [INFO] ThirdParty:1030 - CMSIS Pack Vendor :STMicroelectronics MBEDTLS 2.16.2
2025-08-16 13:35:09,680 [INFO] ThirdParty:1030 - CMSIS Pack Vendor :STMicroelectronics X-CUBE-IPS 3.1.0
2025-08-16 13:35:09,680 [INFO] ThirdParty:1030 - CMSIS Pack Vendor :STMicroelectronics X-CUBE-ALS 1.0.2
2025-08-16 13:35:09,680 [INFO] ThirdParty:1030 - CMSIS Pack Vendor :emotas I-CUBE-CANOPEN 1.3.0
2025-08-16 13:35:09,680 [INFO] ThirdParty:1030 - CMSIS Pack Vendor :STMicroelectronics MBEDTLS 2.14.1
2025-08-16 13:35:09,680 [INFO] ThirdParty:1030 - CMSIS Pack Vendor :ITTIA_DB I-CUBE-ITTIADB 8.9.0
2025-08-16 13:35:09,681 [INFO] ThirdParty:1030 - CMSIS Pack Vendor :portGmbH I-Cube-SoM-uGOAL 1.1.0
2025-08-16 13:35:09,681 [INFO] ThirdParty:1030 - CMSIS Pack Vendor :STMicroelectronics X-CUBE-ST67W61 1.0.0
2025-08-16 13:35:09,681 [INFO] ThirdParty:1030 - CMSIS Pack Vendor :STMicroelectronics FP-SNS-STBOX1 2.1.0
2025-08-16 13:35:09,681 [INFO] ThirdParty:1030 - CMSIS Pack Vendor :STMicroelectronics X-CUBE-AI 10.2.0
2025-08-16 13:35:09,681 [INFO] ThirdParty:1030 - CMSIS Pack Vendor :STMicroelectronics FP-SNS-STAIOTCFT 1.0.0
2025-08-16 13:35:09,681 [INFO] ThirdParty:1030 - CMSIS Pack Vendor :STMicroelectronics ThreadX 1.0.0
2025-08-16 13:35:09,681 [INFO] ThirdParty:1030 - CMSIS Pack Vendor :STMicroelectronics FP-SNS-SMARTAG2 1.2.0
2025-08-16 13:35:09,681 [INFO] ThirdParty:1030 - CMSIS Pack Vendor :STMicroelectronics FP-SNS-FLIGHT1 5.1.0
2025-08-16 13:35:09,681 [INFO] ThirdParty:1030 - CMSIS Pack Vendor :STMicroelectronics X-CUBE-AZRTOS-WL 2.0.0
2025-08-16 13:35:09,681 [INFO] ThirdParty:1030 - CMSIS Pack Vendor :SEGGER I-CUBE-embOS 1.3.1
2025-08-16 13:35:09,681 [INFO] ThirdParty:1030 - CMSIS Pack Vendor :STMicroelectronics X-CUBE-ALGOBUILD 1.4.0
2025-08-16 13:35:09,681 [INFO] ThirdParty:1030 - CMSIS Pack Vendor :STMicroelectronics X-CUBE-DPower 1.3.0
2025-08-16 13:35:09,681 [INFO] ThirdParty:1030 - CMSIS Pack Vendor :STMicroelectronics X-CUBE-MEMS1 11.3.0
2025-08-16 13:35:09,681 [INFO] ThirdParty:1030 - CMSIS Pack Vendor :STMicroelectronics FP-SNS-MOTENV1 5.0.0
2025-08-16 13:35:09,681 [INFO] ThirdParty:1030 - CMSIS Pack Vendor :STMicroelectronics USB_DEVICE 1.0.0
2025-08-16 13:35:09,681 [INFO] ThirdParty:1030 - CMSIS Pack Vendor :STMicroelectronics X-CUBE-AZRTOS-L4 2.0.0
2025-08-16 13:35:09,681 [INFO] ThirdParty:1030 - CMSIS Pack Vendor :STMicroelectronics ThreadX 0.0.2
2025-08-16 13:35:09,681 [INFO] ThirdParty:1030 - CMSIS Pack Vendor :WES I-CUBE-Cesium 1.3.0
2025-08-16 13:35:09,681 [INFO] ThirdParty:1030 - CMSIS Pack Vendor :STMicroelectronics lwIP 2.1.2
2025-08-16 13:35:09,681 [INFO] ThirdParty:1030 - CMSIS Pack Vendor :STMicroelectronics X-CUBE-SFXS2LP1 4.0.0
2025-08-16 13:35:09,681 [INFO] ThirdParty:1030 - CMSIS Pack Vendor :STMicroelectronics X-CUBE-BLE2 3.3.0
2025-08-16 13:35:09,681 [INFO] ThirdParty:1030 - CMSIS Pack Vendor :STMicroelectronics X-CUBE-TOF1 3.4.3
2025-08-16 13:35:09,681 [INFO] ThirdParty:1030 - CMSIS Pack Vendor :STMicroelectronics PDM2PCM 3.2.0
2025-08-16 13:35:09,681 [INFO] ThirdParty:841 - exiting critical section [change project]
2025-08-16 13:35:10,104 [INFO] PinOutPanel:1589 - setPackage(No Configuration,No Configuration)
2025-08-16 13:35:10,107 [INFO] PinOutPanel:1589 - setPackage(STM32L476RGTx,LQFP64)
2025-08-16 13:35:10,858 [INFO] UtilMem:75 - Before build in PCC Used Memory: 247214640 Bytes (409993216)
2025-08-16 13:35:11,613 [INFO] UtilMem:75 - After build in PCC Used Memory: 356266544 Bytes (409993216)
2025-08-16 13:35:11,645 [INFO] IPUIPlugin:80 - create IPUIPlugin
2025-08-16 13:35:11,646 [INFO] IPUIPlugin:80 - create IPUIPlugin
2025-08-16 13:35:11,646 [INFO] IPUIPlugin:80 - create IPUIPlugin
2025-08-16 13:35:11,646 [INFO] IPUIPlugin:80 - create IPUIPlugin
2025-08-16 13:35:11,646 [INFO] IPUIPlugin:80 - create IPUIPlugin
2025-08-16 13:35:11,646 [INFO] IPUIPlugin:80 - create IPUIPlugin
2025-08-16 13:35:11,646 [INFO] IPUIPlugin:80 - create IPUIPlugin
2025-08-16 13:35:11,646 [INFO] IPUIPlugin:80 - create IPUIPlugin
2025-08-16 13:35:11,646 [INFO] IPUIPlugin:80 - create IPUIPlugin
2025-08-16 13:35:11,646 [INFO] IPUIPlugin:80 - create IPUIPlugin
2025-08-16 13:35:11,647 [INFO] IPUIPlugin:80 - create IPUIPlugin
2025-08-16 13:35:11,647 [INFO] IPUIPlugin:80 - create IPUIPlugin
2025-08-16 13:35:11,647 [INFO] IPUIPlugin:80 - create IPUIPlugin
2025-08-16 13:35:11,657 [INFO] IPUIPlugin:80 - create IPUIPlugin
2025-08-16 13:35:11,657 [INFO] IPUIPlugin:80 - create IPUIPlugin
2025-08-16 13:35:11,657 [INFO] IPUIPlugin:80 - create IPUIPlugin
2025-08-16 13:35:11,657 [INFO] IPUIPlugin:80 - create IPUIPlugin
2025-08-16 13:35:11,658 [INFO] IPUIPlugin:80 - create IPUIPlugin
2025-08-16 13:35:11,658 [INFO] IPUIPlugin:80 - create IPUIPlugin
2025-08-16 13:35:11,658 [INFO] IPUIPlugin:80 - create IPUIPlugin
2025-08-16 13:35:11,658 [INFO] IPUIPlugin:80 - create IPUIPlugin
2025-08-16 13:35:11,659 [INFO] IPUIPlugin:80 - create IPUIPlugin
2025-08-16 13:35:11,659 [INFO] IPUIPlugin:80 - create IPUIPlugin
2025-08-16 13:35:11,659 [INFO] IPUIPlugin:80 - create IPUIPlugin
2025-08-16 13:35:11,659 [INFO] IPUIPlugin:80 - create IPUIPlugin
2025-08-16 13:35:11,660 [INFO] IPUIPlugin:80 - create IPUIPlugin
2025-08-16 13:35:11,660 [INFO] IPUIPlugin:80 - create IPUIPlugin
2025-08-16 13:35:11,660 [INFO] IPUIPlugin:80 - create IPUIPlugin
2025-08-16 13:35:11,661 [INFO] IPUIPlugin:80 - create IPUIPlugin
2025-08-16 13:35:11,661 [INFO] IPUIPlugin:80 - create IPUIPlugin
2025-08-16 13:35:11,661 [INFO] IPUIPlugin:80 - create IPUIPlugin
2025-08-16 13:35:11,662 [INFO] IPUIPlugin:80 - create IPUIPlugin
2025-08-16 13:35:11,662 [INFO] IPUIPlugin:80 - create IPUIPlugin
2025-08-16 13:35:11,662 [INFO] IPUIPlugin:80 - create IPUIPlugin
2025-08-16 13:35:11,662 [INFO] IPUIPlugin:80 - create IPUIPlugin
2025-08-16 13:35:11,663 [INFO] IPUIPlugin:80 - create IPUIPlugin
2025-08-16 13:35:11,663 [INFO] IPUIPlugin:80 - create IPUIPlugin
2025-08-16 13:35:11,663 [INFO] IPUIPlugin:80 - create IPUIPlugin
2025-08-16 13:35:11,663 [INFO] IPUIPlugin:80 - create IPUIPlugin
2025-08-16 13:35:11,664 [INFO] IPUIPlugin:80 - create IPUIPlugin
2025-08-16 13:35:11,664 [INFO] IPUIPlugin:80 - create IPUIPlugin
2025-08-16 13:35:11,664 [INFO] IPUIPlugin:80 - create IPUIPlugin
2025-08-16 13:35:11,664 [INFO] IPUIPlugin:80 - create IPUIPlugin
2025-08-16 13:35:11,665 [INFO] IPUIPlugin:80 - create IPUIPlugin
2025-08-16 13:35:11,665 [INFO] IPUIPlugin:80 - create IPUIPlugin
2025-08-16 13:35:11,665 [INFO] IPUIPlugin:80 - create IPUIPlugin
2025-08-16 13:35:11,665 [INFO] IPUIPlugin:80 - create IPUIPlugin
2025-08-16 13:35:11,666 [INFO] IPUIPlugin:80 - create IPUIPlugin
2025-08-16 13:35:11,666 [INFO] IPUIPlugin:80 - create IPUIPlugin
2025-08-16 13:35:11,666 [INFO] IPUIPlugin:80 - create IPUIPlugin
2025-08-16 13:35:11,667 [INFO] IPUIPlugin:80 - create IPUIPlugin
2025-08-16 13:35:11,667 [INFO] IPUIPlugin:80 - create IPUIPlugin
2025-08-16 13:35:11,667 [INFO] IPUIPlugin:80 - create IPUIPlugin
2025-08-16 13:35:11,668 [INFO] IPUIPlugin:80 - create IPUIPlugin
2025-08-16 13:35:11,668 [INFO] IPUIPlugin:80 - create IPUIPlugin
2025-08-16 13:35:11,669 [INFO] IPUIPlugin:80 - create IPUIPlugin
2025-08-16 13:35:11,669 [INFO] IPUIPlugin:80 - create IPUIPlugin
2025-08-16 13:35:11,670 [INFO] IPUIPlugin:80 - create IPUIPlugin
2025-08-16 13:35:11,670 [INFO] IPUIPlugin:80 - create IPUIPlugin
2025-08-16 13:35:11,875 [INFO] CADModel:165 - CPN selected for project levelSTM32L476RGT3
2025-08-16 13:35:11,876 [INFO] CADModel:114 - Register for checkConnection events
2025-08-16 13:35:11,937 [INFO] OpenFileManager:386 - Restore cursor
2025-08-16 13:36:51,226 [ERROR] LogOutputStream:75 - [STDERR_REDIRECT] Exception in thread "AWT-EventQueue-0" java.awt.IllegalComponentStateException: Native resources unavailable
2025-08-16 13:36:51,228 [ERROR] LogOutputStream:75 - [STDERR_REDIRECT] 	at java.desktop/sun.awt.windows.WWindowPeer.getScreenImOn(Native Method)
2025-08-16 13:36:51,230 [ERROR] LogOutputStream:75 - [STDERR_REDIRECT] 	at java.desktop/sun.awt.windows.WWindowPeer.updateGC(WWindowPeer.java:566)
2025-08-16 13:36:51,231 [ERROR] LogOutputStream:75 - [STDERR_REDIRECT] 	at java.desktop/java.awt.event.InvocationEvent.dispatch(InvocationEvent.java:318)
2025-08-16 13:36:51,232 [ERROR] LogOutputStream:75 - [STDERR_REDIRECT] 	at java.desktop/java.awt.EventQueue.dispatchEventImpl(EventQueue.java:773)
2025-08-16 13:36:51,233 [ERROR] LogOutputStream:75 - [STDERR_REDIRECT] 	at java.desktop/java.awt.EventQueue$4.run(EventQueue.java:720)
2025-08-16 13:36:51,234 [ERROR] LogOutputStream:75 - [STDERR_REDIRECT] 	at java.desktop/java.awt.EventQueue$4.run(EventQueue.java:714)
2025-08-16 13:36:51,236 [ERROR] LogOutputStream:75 - [STDERR_REDIRECT] 	at java.base/java.security.AccessController.doPrivileged(AccessController.java:400)
2025-08-16 13:36:51,237 [ERROR] LogOutputStream:75 - [STDERR_REDIRECT] 	at java.base/java.security.ProtectionDomain$JavaSecurityAccessImpl.doIntersectionPrivilege(ProtectionDomain.java:87)
2025-08-16 13:36:51,238 [ERROR] LogOutputStream:75 - [STDERR_REDIRECT] 	at java.base/java.security.ProtectionDomain$JavaSecurityAccessImpl.doIntersectionPrivilege(ProtectionDomain.java:98)
2025-08-16 13:36:51,239 [ERROR] LogOutputStream:75 - [STDERR_REDIRECT] 	at java.desktop/java.awt.EventQueue$5.run(EventQueue.java:747)
2025-08-16 13:36:51,240 [ERROR] LogOutputStream:75 - [STDERR_REDIRECT] 	at java.desktop/java.awt.EventQueue$5.run(EventQueue.java:745)
2025-08-16 13:36:51,241 [ERROR] LogOutputStream:75 - [STDERR_REDIRECT] 	at java.base/java.security.AccessController.doPrivileged(AccessController.java:400)
2025-08-16 13:36:51,243 [ERROR] LogOutputStream:75 - [STDERR_REDIRECT] 	at java.base/java.security.ProtectionDomain$JavaSecurityAccessImpl.doIntersectionPrivilege(ProtectionDomain.java:87)
2025-08-16 13:36:51,244 [ERROR] LogOutputStream:75 - [STDERR_REDIRECT] 	at java.desktop/java.awt.EventQueue.dispatchEvent(EventQueue.java:744)
2025-08-16 13:36:51,246 [ERROR] LogOutputStream:75 - [STDERR_REDIRECT] 	at java.desktop/java.awt.EventDispatchThread.pumpOneEventForFilters(EventDispatchThread.java:203)
2025-08-16 13:36:51,247 [ERROR] LogOutputStream:75 - [STDERR_REDIRECT] 	at java.desktop/java.awt.EventDispatchThread.pumpEventsForFilter(EventDispatchThread.java:124)
2025-08-16 13:36:51,249 [ERROR] LogOutputStream:75 - [STDERR_REDIRECT] 	at java.desktop/java.awt.EventDispatchThread.pumpEventsForHierarchy(EventDispatchThread.java:113)
2025-08-16 13:36:51,250 [ERROR] LogOutputStream:75 - [STDERR_REDIRECT] 	at java.desktop/java.awt.EventDispatchThread.pumpEvents(EventDispatchThread.java:109)
2025-08-16 13:36:51,251 [ERROR] LogOutputStream:75 - [STDERR_REDIRECT] 	at java.desktop/java.awt.EventDispatchThread.pumpEvents(EventDispatchThread.java:101)
2025-08-16 13:36:51,252 [ERROR] LogOutputStream:75 - [STDERR_REDIRECT] 	at java.desktop/java.awt.EventDispatchThread.run(EventDispatchThread.java:90)
2025-08-16 13:36:53,588 [ERROR] LogOutputStream:75 - [STDERR_REDIRECT] 
2025-08-16 13:38:17,688 [INFO] Activator:176 - 


2025-08-16 13:38:17,689 [INFO] Activator:177 - !SESSION log4j initialized
2025-08-16 13:38:19,934 [INFO] LogOutputStream:77 - [STDOUT_REDIRECT] 
2025-08-16 13:38:21,146 [INFO] ApplicationProperties:184 - Using Application install path: C:\ST\STM32CubeIDE_1.19.0\STM32CubeIDE\plugins\com.st.stm32cube.common.mx_6.15.0.202507011659
2025-08-16 13:38:21,158 [INFO] DbMcusXml:78 - Set database path to: C:\ST\STM32CubeIDE_1.19.0\STM32CubeIDE\plugins\com.st.stm32cube.common.mx_6.15.0.202507011659\\db\/mcu/
2025-08-16 13:38:21,158 [INFO] ApiDb:274 - Set plugin database path to: C:\ST\STM32CubeIDE_1.19.0\STM32CubeIDE\plugins\com.st.stm32cube.common.mx_6.15.0.202507011659\\db\/plugins/boardmanager/
2025-08-16 13:38:21,159 [WARN] ApiDb:259 - Overriding images path with different value:  => C:\ST\STM32CubeIDE_1.19.0\STM32CubeIDE\plugins\com.st.stm32cube.common.mx_6.15.0.202507011659\\db\/plugins/mcufinder/images/
2025-08-16 13:38:21,163 [INFO] ApiDb:250 - Set database path to: C:\Users\Thorin\.stmcufinder\plugins\mcufinder//mcu/
2025-08-16 13:38:21,164 [INFO] DbMcusAds:125 - Set database path to: C:\Users\Thorin\.stmcufinder\plugins\mcufinder//mcu/
2025-08-16 13:38:21,166 [INFO] CrossReferenceDbSqlite:203 - Set database path to: C:\Users\Thorin\.stmcufinder\plugins\mcufinder//mcu/cs/
2025-08-16 13:38:21,257 [INFO] RulesReader:64 - Compatibility file has been processed (317 Rules)
2025-08-16 13:38:21,322 [INFO] DbMcusXml:78 - Set database path to: C:\ST\STM32CubeIDE_1.19.0\STM32CubeIDE\plugins\com.st.stm32cube.common.mx_6.15.0.202507011659\\db\/mcu/
2025-08-16 13:38:21,322 [INFO] ApiDb:274 - Set plugin database path to: C:\ST\STM32CubeIDE_1.19.0\STM32CubeIDE\plugins\com.st.stm32cube.common.mx_6.15.0.202507011659\\db\/plugins/boardmanager/
2025-08-16 13:38:21,322 [INFO] ApiDb:261 - Set plugin images path to: C:\ST\STM32CubeIDE_1.19.0\STM32CubeIDE\plugins\com.st.stm32cube.common.mx_6.15.0.202507011659\\db\/plugins/mcufinder/images/
2025-08-16 13:38:21,322 [WARN] DbFile:41 - Overriding database path with different value: C:\Users\Thorin\.stmcufinder\plugins\mcufinder/ => C:\Users\Thorin\.stmcufinder\plugins\mcufinder
2025-08-16 13:38:21,322 [INFO] ApiDb:250 - Set database path to: C:\Users\Thorin\.stmcufinder\plugins\mcufinder//mcu/
2025-08-16 13:38:21,322 [WARN] DbFile:41 - Overriding database path with different value: C:\Users\Thorin\.stmcufinder\plugins\mcufinder/ => C:\Users\Thorin\.stmcufinder\plugins\mcufinder
2025-08-16 13:38:21,322 [INFO] DbMcusAds:125 - Set database path to: C:\Users\Thorin\.stmcufinder\plugins\mcufinder//mcu/
2025-08-16 13:38:21,323 [WARN] DbFile:41 - Overriding database path with different value: C:\Users\Thorin\.stmcufinder\plugins\mcufinder/ => C:\Users\Thorin\.stmcufinder\plugins\mcufinder
2025-08-16 13:38:21,323 [WARN] DbFile:41 - Overriding database path with different value: C:\Users\Thorin\.stmcufinder\plugins\mcufinder/ => C:\Users\Thorin\.stmcufinder\plugins\mcufinder
2025-08-16 13:38:21,323 [INFO] CrossReferenceDbSqlite:203 - Set database path to: C:\Users\Thorin\.stmcufinder\plugins\mcufinder//mcu/cs/
2025-08-16 13:38:21,391 [INFO] MainPanel:274 - HeapMemory: 268435456
2025-08-16 13:38:21,450 [INFO] DbMcusXml:78 - Set database path to: C:\ST\STM32CubeIDE_1.19.0\STM32CubeIDE\plugins\com.st.stm32cube.common.mx_6.15.0.202507011659\\db\/mcu/
2025-08-16 13:38:21,450 [INFO] ApiDb:274 - Set plugin database path to: C:\ST\STM32CubeIDE_1.19.0\STM32CubeIDE\plugins\com.st.stm32cube.common.mx_6.15.0.202507011659\\db\/plugins/boardmanager/
2025-08-16 13:38:21,450 [INFO] ApiDb:261 - Set plugin images path to: C:\ST\STM32CubeIDE_1.19.0\STM32CubeIDE\plugins\com.st.stm32cube.common.mx_6.15.0.202507011659\\db\/plugins/mcufinder/images/
2025-08-16 13:38:21,451 [WARN] DbFile:41 - Overriding database path with different value: C:\Users\Thorin\.stmcufinder\plugins\mcufinder/ => C:\Users\Thorin\.stmcufinder\plugins\mcufinder
2025-08-16 13:38:21,451 [INFO] ApiDb:250 - Set database path to: C:\Users\Thorin\.stmcufinder\plugins\mcufinder//mcu/
2025-08-16 13:38:21,451 [WARN] DbFile:41 - Overriding database path with different value: C:\Users\Thorin\.stmcufinder\plugins\mcufinder/ => C:\Users\Thorin\.stmcufinder\plugins\mcufinder
2025-08-16 13:38:21,451 [INFO] DbMcusAds:125 - Set database path to: C:\Users\Thorin\.stmcufinder\plugins\mcufinder//mcu/
2025-08-16 13:38:21,451 [WARN] DbFile:41 - Overriding database path with different value: C:\Users\Thorin\.stmcufinder\plugins\mcufinder/ => C:\Users\Thorin\.stmcufinder\plugins\mcufinder
2025-08-16 13:38:21,451 [WARN] DbFile:41 - Overriding database path with different value: C:\Users\Thorin\.stmcufinder\plugins\mcufinder/ => C:\Users\Thorin\.stmcufinder\plugins\mcufinder
2025-08-16 13:38:21,451 [INFO] CrossReferenceDbSqlite:203 - Set database path to: C:\Users\Thorin\.stmcufinder\plugins\mcufinder//mcu/cs/
2025-08-16 13:38:21,466 [INFO] ApplicationProperties:184 - Using Application install path: C:\ST\STM32CubeIDE_1.19.0\STM32CubeIDE\plugins\com.st.stm32cube.common.mx_6.15.0.202507011659
2025-08-16 13:38:21,467 [INFO] PluginManage:196 - Search for loadable plugins [exclusion list=, ]
2025-08-16 13:38:21,468 [INFO] PluginManage:310 - Check plugin analytics
2025-08-16 13:38:21,616 [INFO] AnalyticsPlugin:253 - Accepted Software Licenses: 
2025-08-16 13:38:21,617 [INFO] AnalyticsPlugin:255 - Accepted CMSIS Pack Licenses: 
2025-08-16 13:38:21,617 [INFO] AnalyticsPlugin:257 - Accepted Firmware Licenses: 
2025-08-16 13:38:21,617 [INFO] PluginManage:359 - Loaded plugin analytics (category:tool,tabindex:-1)
2025-08-16 13:38:21,618 [INFO] PluginManage:310 - Check plugin cadmodel
2025-08-16 13:38:21,621 [INFO] CADModel:105 - Init CAD model plugin
2025-08-16 13:38:21,621 [INFO] PluginManage:359 - Loaded plugin cadmodel (category:power,tabindex:5)
2025-08-16 13:38:21,622 [INFO] PluginManage:310 - Check plugin clock
2025-08-16 13:38:21,628 [INFO] PluginManage:359 - Loaded plugin clock (category:base,tabindex:2)
2025-08-16 13:38:21,628 [INFO] PluginManage:310 - Check plugin ddr
2025-08-16 13:38:21,630 [INFO] PluginManage:359 - Loaded plugin ddr (category:tool,tabindex:6)
2025-08-16 13:38:21,631 [INFO] PluginManage:310 - Check plugin filemanager
2025-08-16 13:38:21,789 [INFO] PluginManage:359 - Loaded plugin filemanager (category:base,tabindex:10)
2025-08-16 13:38:21,790 [INFO] PluginManage:310 - Check plugin ipmanager
2025-08-16 13:38:21,796 [INFO] PluginManage:359 - Loaded plugin ipmanager (category:base,tabindex:5)
2025-08-16 13:38:21,797 [INFO] PluginManage:310 - Check plugin lpbam
2025-08-16 13:38:21,803 [INFO] PluginManage:359 - Loaded plugin lpbam (category:base,tabindex:0)
2025-08-16 13:38:21,803 [INFO] PluginManage:310 - Check plugin memorymap
2025-08-16 13:38:21,810 [INFO] PluginManage:359 - Loaded plugin memorymap (category:base,tabindex:4)
2025-08-16 13:38:21,810 [INFO] PluginManage:310 - Check plugin pinoutandconfiguration
2025-08-16 13:38:21,816 [INFO] PluginManage:359 - Loaded plugin pinoutandconfiguration (category:base,tabindex:1)
2025-08-16 13:38:21,817 [INFO] PluginManage:310 - Check plugin pinoutconfig
2025-08-16 13:38:21,880 [WARN] SupportedApi:132 - Cannot load RTOS API schema: s4s-elt-must-match.1: The content of 'definitions' must match (annotation?, (simpleType | complexType)?, (unique | key | keyref)*)). A problem was found starting at: attribute.
2025-08-16 13:38:21,968 [INFO] PluginManage:359 - Loaded plugin pinoutconfig (category:base,tabindex:0)
2025-08-16 13:38:21,968 [INFO] PluginManage:310 - Check plugin power
2025-08-16 13:38:21,974 [INFO] PluginManage:359 - Loaded plugin power (category:power,tabindex:4)
2025-08-16 13:38:21,976 [INFO] PluginManage:310 - Check plugin projectmanager
2025-08-16 13:38:21,990 [INFO] PluginManage:359 - Loaded plugin projectmanager (category:projectmanager,tabindex:4)
2025-08-16 13:38:21,990 [INFO] PluginManage:310 - Check plugin rif
2025-08-16 13:38:21,999 [INFO] PluginManage:359 - Loaded plugin rif (category:base,tabindex:3)
2025-08-16 13:38:21,999 [INFO] PluginManage:310 - Check plugin thirdparty
2025-08-16 13:38:22,091 [INFO] PluginManage:359 - Loaded plugin thirdparty (category:base,tabindex:-1)
2025-08-16 13:38:22,091 [WARN] IntegrityCheckThread:84 - waiting for thirdparty lock release [integrity check]
2025-08-16 13:38:22,091 [INFO] PluginManage:310 - Check plugin tools
2025-08-16 13:38:22,091 [INFO] IntegrityCheckThread:86 - entering critical section [integrity check]
2025-08-16 13:38:22,091 [INFO] ThirdPartyUpdaterWithRetryManager:70 - Updater plugin not ready yet. [1/15]
2025-08-16 13:38:22,093 [INFO] PluginManage:359 - Loaded plugin tools (category:base,tabindex:7)
2025-08-16 13:38:22,093 [INFO] PluginManage:310 - Check plugin tutovideos
2025-08-16 13:38:22,213 [INFO] PluginManage:359 - Loaded plugin tutovideos (category:base,tabindex:-1)
2025-08-16 13:38:22,213 [INFO] PluginManage:310 - Check plugin updater
2025-08-16 13:38:22,231 [INFO] PluginManage:359 - Loaded plugin updater (category:base,tabindex:12)
2025-08-16 13:38:22,232 [INFO] PluginManage:310 - Check plugin userauth
2025-08-16 13:38:22,234 [INFO] UserAuth:118 - Init User Auth plugin
2025-08-16 13:38:22,234 [INFO] PluginManage:359 - Loaded plugin userauth (category:base,tabindex:14)
2025-08-16 13:38:22,236 [INFO] PluginManage:283 - PluginManage : Loaded plugins [18]
2025-08-16 13:38:22,383 [INFO] PinOutPanel:1589 - setPackage(No Configuration,No Configuration)
2025-08-16 13:38:22,452 [INFO] CADModel:165 - CPN selected for project level
2025-08-16 13:38:22,452 [INFO] CADModel:114 - Register for checkConnection events
2025-08-16 13:38:22,463 [INFO] IPUIPlugin:80 - create IPUIPlugin
2025-08-16 13:38:22,463 [INFO] PluginManager:220 - loadIPPluginJar : add adc
2025-08-16 13:38:22,465 [INFO] IPUIPlugin:80 - create IPUIPlugin
2025-08-16 13:38:22,465 [INFO] PluginManager:220 - loadIPPluginJar : add aes
2025-08-16 13:38:22,467 [INFO] IPUIPlugin:80 - create IPUIPlugin
2025-08-16 13:38:22,467 [INFO] PluginManager:220 - loadIPPluginJar : add can
2025-08-16 13:38:22,470 [INFO] IPUIPlugin:80 - create IPUIPlugin
2025-08-16 13:38:22,470 [INFO] PluginManager:220 - loadIPPluginJar : add comp
2025-08-16 13:38:22,472 [INFO] IPUIPlugin:80 - create IPUIPlugin
2025-08-16 13:38:22,472 [INFO] PluginManager:220 - loadIPPluginJar : add cryp
2025-08-16 13:38:22,474 [INFO] IPUIPlugin:80 - create IPUIPlugin
2025-08-16 13:38:22,474 [INFO] PluginManager:220 - loadIPPluginJar : add ddr_ctrl_phy
2025-08-16 13:38:22,476 [INFO] IPUIPlugin:80 - create IPUIPlugin
2025-08-16 13:38:22,476 [INFO] PluginManager:220 - loadIPPluginJar : add dfsdm
2025-08-16 13:38:22,480 [INFO] IPUIPlugin:80 - create IPUIPlugin
2025-08-16 13:38:22,481 [INFO] PluginManager:220 - loadIPPluginJar : add dma
2025-08-16 13:38:22,483 [INFO] IPUIPlugin:80 - create IPUIPlugin
2025-08-16 13:38:22,483 [INFO] PluginManager:220 - loadIPPluginJar : add dma3
2025-08-16 13:38:22,485 [INFO] IPUIPlugin:80 - create IPUIPlugin
2025-08-16 13:38:22,485 [INFO] PluginManager:220 - loadIPPluginJar : add extmemmanager
2025-08-16 13:38:22,486 [INFO] IPUIPlugin:80 - create IPUIPlugin
2025-08-16 13:38:22,487 [INFO] PluginManager:220 - loadIPPluginJar : add fatfs
2025-08-16 13:38:22,490 [INFO] IPUIPlugin:80 - create IPUIPlugin
2025-08-16 13:38:22,491 [INFO] PluginManager:220 - loadIPPluginJar : add fmc
2025-08-16 13:38:22,494 [INFO] IPUIPlugin:80 - create IPUIPlugin
2025-08-16 13:38:22,494 [INFO] PluginManager:220 - loadIPPluginJar : add freertos
2025-08-16 13:38:22,496 [INFO] IPUIPlugin:80 - create IPUIPlugin
2025-08-16 13:38:22,496 [INFO] PluginManager:220 - loadIPPluginJar : add genericplugin
2025-08-16 13:38:22,498 [INFO] IPUIPlugin:80 - create IPUIPlugin
2025-08-16 13:38:22,498 [INFO] PluginManager:220 - loadIPPluginJar : add gfxmmu
2025-08-16 13:38:22,501 [INFO] IPUIPlugin:80 - create IPUIPlugin
2025-08-16 13:38:22,501 [INFO] PluginManager:220 - loadIPPluginJar : add gic
2025-08-16 13:38:22,504 [INFO] IPUIPlugin:80 - create IPUIPlugin
2025-08-16 13:38:22,504 [INFO] PluginManager:220 - loadIPPluginJar : add gpio
2025-08-16 13:38:22,506 [INFO] IPUIPlugin:80 - create IPUIPlugin
2025-08-16 13:38:22,506 [INFO] PluginManager:220 - loadIPPluginJar : add gtzc
2025-08-16 13:38:22,508 [INFO] IPUIPlugin:80 - create IPUIPlugin
2025-08-16 13:38:22,508 [INFO] PluginManager:220 - loadIPPluginJar : add hash
2025-08-16 13:38:22,511 [INFO] IPUIPlugin:80 - create IPUIPlugin
2025-08-16 13:38:22,511 [INFO] PluginManager:220 - loadIPPluginJar : add i2c
2025-08-16 13:38:22,513 [INFO] IPUIPlugin:80 - create IPUIPlugin
2025-08-16 13:38:22,513 [INFO] PluginManager:220 - loadIPPluginJar : add i2s
2025-08-16 13:38:22,515 [INFO] IPUIPlugin:80 - create IPUIPlugin
2025-08-16 13:38:22,516 [INFO] PluginManager:220 - loadIPPluginJar : add i3c
2025-08-16 13:38:22,517 [INFO] IPUIPlugin:80 - create IPUIPlugin
2025-08-16 13:38:22,518 [INFO] PluginManager:220 - loadIPPluginJar : add ipddr
2025-08-16 13:38:22,522 [INFO] IPUIPlugin:80 - create IPUIPlugin
2025-08-16 13:38:22,522 [INFO] PluginManager:220 - loadIPPluginJar : add linkedlist
2025-08-16 13:38:22,525 [INFO] IPUIPlugin:80 - create IPUIPlugin
2025-08-16 13:38:22,525 [INFO] PluginManager:220 - loadIPPluginJar : add lorawan
2025-08-16 13:38:22,526 [INFO] IPUIPlugin:80 - create IPUIPlugin
2025-08-16 13:38:22,527 [INFO] PluginManager:220 - loadIPPluginJar : add ltdc
2025-08-16 13:38:22,530 [INFO] IPUIPlugin:80 - create IPUIPlugin
2025-08-16 13:38:22,530 [INFO] PluginManager:220 - loadIPPluginJar : add mdma
2025-08-16 13:38:22,533 [INFO] IPUIPlugin:80 - create IPUIPlugin
2025-08-16 13:38:22,533 [INFO] PluginManager:220 - loadIPPluginJar : add nvic
2025-08-16 13:38:22,535 [INFO] IPUIPlugin:80 - create IPUIPlugin
2025-08-16 13:38:22,535 [INFO] PluginManager:220 - loadIPPluginJar : add opamp
2025-08-16 13:38:22,537 [INFO] IPUIPlugin:80 - create IPUIPlugin
2025-08-16 13:38:22,537 [INFO] PluginManager:220 - loadIPPluginJar : add openamp
2025-08-16 13:38:22,540 [INFO] IPUIPlugin:80 - create IPUIPlugin
2025-08-16 13:38:22,540 [INFO] PluginManager:220 - loadIPPluginJar : add pdm2pcm
2025-08-16 13:38:22,543 [INFO] IPUIPlugin:80 - create IPUIPlugin
2025-08-16 13:38:22,545 [INFO] PluginManager:220 - loadIPPluginJar : add plateformsettings
2025-08-16 13:38:22,546 [INFO] IPUIPlugin:80 - create IPUIPlugin
2025-08-16 13:38:22,547 [INFO] PluginManager:220 - loadIPPluginJar : add quadspi
2025-08-16 13:38:22,548 [INFO] IPUIPlugin:80 - create IPUIPlugin
2025-08-16 13:38:22,548 [INFO] PluginManager:220 - loadIPPluginJar : add radio
2025-08-16 13:38:22,550 [INFO] IPUIPlugin:80 - create IPUIPlugin
2025-08-16 13:38:22,550 [INFO] PluginManager:220 - loadIPPluginJar : add resmgrutility
2025-08-16 13:38:22,552 [INFO] IPUIPlugin:80 - create IPUIPlugin
2025-08-16 13:38:22,552 [INFO] PluginManager:220 - loadIPPluginJar : add sai
2025-08-16 13:38:22,553 [INFO] IPUIPlugin:80 - create IPUIPlugin
2025-08-16 13:38:22,553 [INFO] PluginManager:220 - loadIPPluginJar : add spi
2025-08-16 13:38:22,557 [INFO] IPUIPlugin:80 - create IPUIPlugin
2025-08-16 13:38:22,557 [INFO] PluginManager:220 - loadIPPluginJar : add stm32_wpan
2025-08-16 13:38:22,559 [INFO] IPUIPlugin:80 - create IPUIPlugin
2025-08-16 13:38:22,559 [INFO] PluginManager:220 - loadIPPluginJar : add tim
2025-08-16 13:38:22,561 [INFO] IPUIPlugin:80 - create IPUIPlugin
2025-08-16 13:38:22,561 [INFO] PluginManager:220 - loadIPPluginJar : add touchsensing
2025-08-16 13:38:22,563 [INFO] IPUIPlugin:80 - create IPUIPlugin
2025-08-16 13:38:22,563 [INFO] PluginManager:220 - loadIPPluginJar : add tracer_emb
2025-08-16 13:38:22,565 [INFO] IPUIPlugin:80 - create IPUIPlugin
2025-08-16 13:38:22,565 [INFO] PluginManager:220 - loadIPPluginJar : add ts
2025-08-16 13:38:22,566 [INFO] IPUIPlugin:80 - create IPUIPlugin
2025-08-16 13:38:22,566 [INFO] PluginManager:220 - loadIPPluginJar : add tsc
2025-08-16 13:38:22,567 [INFO] IPUIPlugin:80 - create IPUIPlugin
2025-08-16 13:38:22,567 [INFO] PluginManager:220 - loadIPPluginJar : add ucpd
2025-08-16 13:38:22,569 [INFO] IPUIPlugin:80 - create IPUIPlugin
2025-08-16 13:38:22,569 [INFO] PluginManager:220 - loadIPPluginJar : add usart
2025-08-16 13:38:22,571 [INFO] IPUIPlugin:80 - create IPUIPlugin
2025-08-16 13:38:22,571 [INFO] PluginManager:220 - loadIPPluginJar : add usbx
2025-08-16 13:38:22,690 [FATAL] Updater:351 - Updater called before beeing initialized
2025-08-16 13:38:22,708 [INFO] RulesReader:64 - Compatibility file has been processed (317 Rules)
2025-08-16 13:38:22,719 [INFO] RulesReader:64 - Compatibility file has been processed (317 Rules)
2025-08-16 13:38:22,728 [INFO] CADModel:165 - CPN selected for project level
2025-08-16 13:38:22,729 [INFO] CADModel:114 - Register for checkConnection events
2025-08-16 13:38:22,729 [FATAL] Updater:351 - Updater called before beeing initialized
2025-08-16 13:38:22,729 [ERROR] CADModel:125 - Updater not yet initialized, retry later 
2025-08-16 13:38:22,835 [FATAL] Updater:351 - Updater called before beeing initialized
2025-08-16 13:38:22,838 [INFO] CADModel:165 - CPN selected for project level
2025-08-16 13:38:22,838 [INFO] CADModel:114 - Register for checkConnection events
2025-08-16 13:38:22,838 [FATAL] Updater:351 - Updater called before beeing initialized
2025-08-16 13:38:22,838 [ERROR] CADModel:125 - Updater not yet initialized, retry later 
2025-08-16 13:38:22,841 [FATAL] Updater:351 - Updater called before beeing initialized
2025-08-16 13:38:22,916 [FATAL] Updater:351 - Updater called before beeing initialized
2025-08-16 13:38:22,918 [INFO] DbMcusAds:53 - JSON generation date=Tue Jul 08 02:14:23 MDT 2025 (1751962463582)
2025-08-16 13:38:22,918 [FATAL] Updater:351 - Updater called before beeing initialized
2025-08-16 13:38:22,942 [WARN] DetailPanel:346 - Failed to get advertising image, set to default
2025-08-16 13:38:23,006 [FATAL] Updater:351 - Updater called before beeing initialized
2025-08-16 13:38:23,008 [FATAL] Updater:351 - Updater called before beeing initialized
2025-08-16 13:38:23,008 [FATAL] Updater:351 - Updater called before beeing initialized
2025-08-16 13:38:23,008 [WARN] DetailPanel:346 - Failed to get advertising image, set to default
2025-08-16 13:38:23,008 [FATAL] Updater:351 - Updater called before beeing initialized
2025-08-16 13:38:23,043 [ERROR] Updater:1198 - MainUpdater not yet initialized. External WinMGr cannot be set.
2025-08-16 13:38:23,044 [INFO] Updater:1134 - Updater Version found : 6.15.0
2025-08-16 13:38:23,053 [INFO] ApplicationProperties:184 - Using Application install path: C:\ST\STM32CubeIDE_1.19.0\STM32CubeIDE\plugins\com.st.stm32cube.common.mx_6.15.0.202507011659
2025-08-16 13:38:24,623 [ERROR] LogOutputStream:75 - [STDERR_REDIRECT] Aug 16, 2025 1:38:24 PM java.util.prefs.WindowsPreferences <init>
2025-08-16 13:38:24,624 [ERROR] LogOutputStream:75 - [STDERR_REDIRECT] WARNING: Could not open/create prefs root node Software\JavaSoft\Prefs at root 0xffffffff80000002. Windows RegCreateKeyEx(...) returned error code 5.
2025-08-16 13:38:24,624 [ERROR] LogOutputStream:75 - [STDERR_REDIRECT] 
2025-08-16 13:38:24,990 [INFO] MainUpdater:2872 - connection check result : 10
2025-08-16 13:38:24,990 [INFO] MainUpdater:289 - Updater Check For Update Now.
2025-08-16 13:38:24,991 [INFO] MicroXplorer:498 - Change Database Version : DB.6.0.150
2025-08-16 13:38:24,996 [INFO] McuFinderGlobals:63 - Set McuFinder mode to 2 (CubeIDE integrated)
2025-08-16 13:38:24,996 [INFO] UserAuth:171 - activating auth plugin
2025-08-16 13:38:24,998 [INFO] UserAuth:487 - Internet connection configuration mode: 1
2025-08-16 13:38:25,017 [INFO] JxBrowserEngine:152 - Initiate JxBrowser Engine with user profile folder
2025-08-16 13:38:25,094 [WARN] MainUpdater:1193 - Updater busy. Cannot search thirdparties
2025-08-16 13:38:25,094 [INFO] ThirdPartyUpdaterWithRetryManager:96 - Updater plugin is busy. [1/15]
2025-08-16 13:38:25,162 [INFO] CheckServerUpdateThread:120 - End of CheckServer Thread
2025-08-16 13:38:25,486 [INFO] WebApp:169 - Instantiating new browser for Auth
2025-08-16 13:38:25,968 [INFO] WebApp:463 - Apply proxy settings
2025-08-16 13:38:25,968 [INFO] WebApp:548 - Chromium requires no authentication
2025-08-16 13:38:25,976 [INFO] WebApp:491 - Direct internet connection detected
2025-08-16 13:38:25,994 [INFO] WebApp:900 - Register for checkConnection events
2025-08-16 13:38:25,994 [INFO] WebApp:463 - Apply proxy settings
2025-08-16 13:38:25,994 [INFO] WebApp:548 - Chromium requires no authentication
2025-08-16 13:38:25,994 [INFO] WebApp:491 - Direct internet connection detected
2025-08-16 13:38:26,101 [INFO] WebApp:225 - Starting web application
2025-08-16 13:38:26,101 [INFO] WebApp:593 - Web application path used C:\ST\STM32CubeIDE_1.19.0\STM32CubeIDE\plugins\com.st.stm32cube.common.mx_6.15.0.202507011659\db\plugins\mcufinder\reactClient1\index.html
2025-08-16 13:38:26,236 [INFO] WebApp:191 - Connection restablished
2025-08-16 13:38:28,257 [WARN] PackLoader:240 - Cannot read IP mode file for STMicroelectronics.FP-SNS-MOTENVWB1.1.4.0
2025-08-16 13:38:28,264 [WARN] PackLoader:240 - Cannot read IP mode file for STMicroelectronics.FP-ATR-ASTRA1.2.0.2
2025-08-16 13:38:28,274 [WARN] PackLoader:240 - Cannot read IP mode file for STMicroelectronics.X-CUBE-SMBUS.2.1.0
2025-08-16 13:38:28,279 [WARN] PackLoader:240 - Cannot read IP mode file for STMicroelectronics.X-CUBE-ST60.1.0.0
2025-08-16 13:38:28,307 [WARN] PackLoader:240 - Cannot read IP mode file for STMicroelectronics.X-CUBE-AZRTOS-F7.1.1.0
2025-08-16 13:38:28,329 [WARN] PackLoader:240 - Cannot read IP mode file for Infineon.AIROC-Wi-Fi-Bluetooth-STM32.1.7.1
2025-08-16 13:38:28,358 [WARN] PackLoader:240 - Cannot read IP mode file for STMicroelectronics.X-CUBE-AZRTOS-H7.3.4.0
2025-08-16 13:38:28,366 [WARN] PackLoader:240 - Cannot read IP mode file for STMicroelectronics.X-CUBE-DISPLAY.3.0.0
2025-08-16 13:38:28,376 [WARN] PackLoader:240 - Cannot read IP mode file for STMicroelectronics.X-CUBE-NFC10.1.0.0
2025-08-16 13:38:28,381 [WARN] PackLoader:240 - Cannot read IP mode file for emotas.I-CUBE-CANOPEN.1.3.0
2025-08-16 13:38:28,387 [WARN] PackLoader:240 - Cannot read IP mode file for STMicroelectronics.FP-SNS-STBOX1.2.1.0
2025-08-16 13:38:28,392 [WARN] PackLoader:240 - Cannot read IP mode file for STMicroelectronics.FP-SNS-SMARTAG2.1.2.0
2025-08-16 13:38:28,395 [WARN] PackLoader:240 - Cannot read IP mode file for STMicroelectronics.FP-SNS-FLIGHT1.5.1.0
2025-08-16 13:38:28,400 [INFO] LogOutputStream:77 - [STDOUT_REDIRECT] 1 : Invalid condition id : UX_CORESTACK_Condition cause : null
2025-08-16 13:38:28,401 [INFO] LogOutputStream:77 - [STDOUT_REDIRECT] 1 : Invalid condition id : UX_CORESTACK_Condition cause : null
2025-08-16 13:38:28,402 [INFO] LogOutputStream:77 - [STDOUT_REDIRECT] 1 : Invalid condition id : UX_CORESTACK_Condition cause : null
2025-08-16 13:38:28,403 [INFO] LogOutputStream:77 - [STDOUT_REDIRECT] 1 : Invalid condition id : UX_CORESTACK_Condition cause : null
2025-08-16 13:38:28,404 [INFO] LogOutputStream:77 - [STDOUT_REDIRECT] 1 : Invalid condition id : UX_CORESTACK_Condition cause : null
2025-08-16 13:38:28,406 [WARN] PackLoader:240 - Cannot read IP mode file for STMicroelectronics.X-CUBE-AZRTOS-WL.2.0.0
2025-08-16 13:38:28,411 [WARN] PackLoader:240 - Cannot read IP mode file for STMicroelectronics.FP-SNS-MOTENV1.5.0.0
2025-08-16 13:38:28,416 [WARN] PackLoader:240 - Cannot read IP mode file for WES.I-CUBE-Cesium.1.3.0
2025-08-16 13:38:28,421 [WARN] PackLoader:240 - Cannot read IP mode file for STMicroelectronics.X-CUBE-BLE2.3.3.0
2025-08-16 13:38:28,424 [WARN] PackLoader:240 - Cannot read IP mode file for STMicroelectronics.X-CUBE-NFC9.1.0.0
2025-08-16 13:38:28,430 [WARN] PackLoader:240 - Cannot read IP mode file for wolfSSL.I-CUBE-wolfSSL.5.8.2
2025-08-16 13:38:28,433 [WARN] PackLoader:240 - Cannot read IP mode file for STMicroelectronics.X-CUBE-BLE1.7.1.0
2025-08-16 13:38:28,437 [WARN] PackLoader:240 - Cannot read IP mode file for wolfSSL.I-CUBE-wolfMQTT.1.19.2
2025-08-16 13:38:28,441 [WARN] PackLoader:240 - Cannot read IP mode file for STMicroelectronics.X-CUBE-EEPRMA1.5.2.0
2025-08-16 13:38:28,451 [WARN] PackLoader:240 - Cannot read IP mode file for STMicroelectronics.X-CUBE-AZRTOS-G0.1.1.0
2025-08-16 13:38:28,468 [WARN] PackLoader:240 - Cannot read IP mode file for STMicroelectronics.X-CUBE-SAFEA1.1.2.2
2025-08-16 13:38:28,474 [WARN] PackLoader:240 - Cannot read IP mode file for STMicroelectronics.X-CUBE-NFC4.3.0.0
2025-08-16 13:38:28,481 [WARN] PackLoader:240 - Cannot read IP mode file for EmbeddedOffice.I-CUBE-FS-RTOS.1.0.1
2025-08-16 13:38:28,486 [WARN] PackLoader:240 - Cannot read IP mode file for STMicroelectronics.X-CUBE-WB05N.2.0.0
2025-08-16 13:38:28,490 [WARN] PackLoader:240 - Cannot read IP mode file for wolfSSL.I-CUBE-wolfTPM.3.8.0
2025-08-16 13:38:28,493 [WARN] PackLoader:240 - Cannot read IP mode file for STMicroelectronics.X-CUBE-TCPP.4.2.0
2025-08-16 13:38:28,498 [WARN] PackLoader:240 - Cannot read IP mode file for RealThread.X-CUBE-RT-Thread_Nano.4.1.1
2025-08-16 13:38:28,501 [WARN] PackLoader:240 - Cannot read IP mode file for STMicroelectronics.FP-ATR-SIGFOX1.3.2.0
2025-08-16 13:38:28,505 [WARN] PackLoader:240 - Cannot read IP mode file for ITTIA_DB.I-CUBE-ITTIADB.8.9.0
2025-08-16 13:38:28,511 [WARN] PackLoader:240 - Cannot read IP mode file for STMicroelectronics.X-CUBE-ST67W61.1.0.0
2025-08-16 13:38:28,514 [WARN] PackLoader:240 - Cannot read IP mode file for STMicroelectronics.X-CUBE-AI.10.2.0
2025-08-16 13:38:28,530 [WARN] PackLoader:240 - Cannot read IP mode file for SEGGER.I-CUBE-embOS.1.3.1
2025-08-16 13:38:28,564 [WARN] PackLoader:240 - Cannot read IP mode file for STMicroelectronics.X-CUBE-ALGOBUILD.1.4.0
2025-08-16 13:38:28,592 [WARN] PackLoader:240 - Cannot read IP mode file for STMicroelectronics.X-CUBE-MEMS1.11.3.0
2025-08-16 13:38:28,686 [WARN] PackLoader:240 - Cannot read IP mode file for STMicroelectronics.X-CUBE-PM33A1.1.0.0
2025-08-16 13:38:28,700 [WARN] PackLoader:240 - Cannot read IP mode file for STMicroelectronics.X-CUBE-AZRTOS-F4.1.1.0
2025-08-16 13:38:28,707 [WARN] PackLoader:240 - Cannot read IP mode file for Avnet-IotConnect.X-CUBE-IoTC-DA16k-PMOD.1.0.0
2025-08-16 13:38:28,711 [WARN] PackLoader:240 - Cannot read IP mode file for STMicroelectronics.X-CUBE-ISPU.2.1.0
2025-08-16 13:38:28,717 [WARN] PackLoader:240 - Cannot read IP mode file for STMicroelectronics.X-CUBE-NFC12.1.0.0
2025-08-16 13:38:28,750 [WARN] PackLoader:240 - Cannot read IP mode file for STMicroelectronics.X-CUBE-AZRTOS-L5.2.0.0
2025-08-16 13:38:28,761 [WARN] PackLoader:240 - Cannot read IP mode file for STMicroelectronics.X-CUBE-NFC6.3.1.0
2025-08-16 13:38:28,769 [WARN] PackLoader:240 - Cannot read IP mode file for STMicroelectronics.X-CUBE-FREERTOS.1.3.1
2025-08-16 13:38:28,774 [WARN] PackLoader:240 - Cannot read IP mode file for STMicroelectronics.FP-SNS-STAIOTCFT.1.0.0
2025-08-16 13:38:28,779 [WARN] PackLoader:240 - Cannot read IP mode file for STMicroelectronics.X-CUBE-DPower.1.3.0
2025-08-16 13:38:28,798 [WARN] ConditionMgr:438 - getConditionDescription Invalid condition id : LAN8742 Phy interface Condition cause : null
2025-08-16 13:38:28,798 [WARN] PackLoader:240 - Cannot read IP mode file for STMicroelectronics.X-CUBE-AZRTOS-L4.2.0.0
2025-08-16 13:38:28,800 [WARN] ConditionMgr:1044 - genDependencies : Invalid condition id : LAN8742 Phy interface Condition cause : null
2025-08-16 13:38:28,800 [WARN] ConditionMgr:1044 - genDependencies : Invalid condition id : LAN8742 Phy interface Condition cause : null
2025-08-16 13:38:28,800 [WARN] ConditionMgr:1044 - genDependencies : Invalid condition id : LAN8742 Phy interface Condition cause : null
2025-08-16 13:38:28,805 [WARN] PackLoader:240 - Cannot read IP mode file for STMicroelectronics.X-CUBE-SFXS2LP1.4.0.0
2025-08-16 13:38:28,813 [WARN] PackLoader:240 - Cannot read IP mode file for STMicroelectronics.X-CUBE-BLEMGR.4.1.0
2025-08-16 13:38:28,824 [WARN] ConditionMgr:438 - getConditionDescription Invalid condition id : UX DEVICE CLASS RTOS Condition cause : null
2025-08-16 13:38:28,824 [WARN] ConditionMgr:438 - getConditionDescription Invalid condition id : UX DEVICE CLASS RTOS Condition cause : null
2025-08-16 13:38:28,826 [WARN] PackLoader:240 - Cannot read IP mode file for STMicroelectronics.X-CUBE-AZRTOS-WB.2.0.0
2025-08-16 13:38:28,827 [WARN] ConditionMgr:1044 - genDependencies : Invalid condition id : UX DEVICE CLASS RTOS Condition cause : null
2025-08-16 13:38:28,827 [WARN] ConditionMgr:1044 - genDependencies : Invalid condition id : UX DEVICE CLASS RTOS Condition cause : null
2025-08-16 13:38:28,827 [WARN] ConditionMgr:1044 - genDependencies : Invalid condition id : UX DEVICE CLASS RTOS Condition cause : null
2025-08-16 13:38:28,827 [WARN] ConditionMgr:1044 - genDependencies : Invalid condition id : UX DEVICE CLASS RTOS Condition cause : null
2025-08-16 13:38:28,827 [WARN] ConditionMgr:1044 - genDependencies : Invalid condition id : UX DEVICE CLASS RTOS Condition cause : null
2025-08-16 13:38:28,831 [WARN] PackLoader:240 - Cannot read IP mode file for STMicroelectronics.X-CUBE-GNSS1.7.0.1
2025-08-16 13:38:28,834 [WARN] PackLoader:240 - Cannot read IP mode file for STMicroelectronics.X-CUBE-TOUCHGFX.4.25.0
2025-08-16 13:38:28,848 [WARN] ConditionMgr:438 - getConditionDescription Invalid condition id : Cortex-A Device cause : null
2025-08-16 13:38:28,859 [WARN] ConditionMgr:1044 - genDependencies : Invalid condition id : Cortex-A Device cause : null
2025-08-16 13:38:28,859 [WARN] ConditionMgr:1044 - genDependencies : Invalid condition id : Cortex-A Device cause : null
2025-08-16 13:38:28,859 [WARN] ConditionMgr:1044 - genDependencies : Invalid condition id : Cortex-A Device cause : null
2025-08-16 13:38:28,866 [WARN] PackLoader:240 - Cannot read IP mode file for STMicroelectronics.X-CUBE-SUBG2.5.0.0
2025-08-16 13:38:28,880 [WARN] PackLoader:240 - Cannot read IP mode file for STMicroelectronics.X-CUBE-AZRTOS-H7RS.1.1.0
2025-08-16 13:38:28,884 [WARN] PackLoader:240 - Cannot read IP mode file for Cesanta.I-CUBE-Mongoose.7.13.0
2025-08-16 13:38:28,891 [WARN] PackLoader:240 - Cannot read IP mode file for STMicroelectronics.X-CUBE-AZRTOS-G4.2.0.0
2025-08-16 13:38:28,896 [WARN] PackLoader:240 - Cannot read IP mode file for wolfSSL.I-CUBE-wolfSSH.1.4.20
2025-08-16 13:38:28,899 [WARN] PackLoader:240 - Cannot read IP mode file for STMicroelectronics.X-CUBE-NFC7.2.0.0
2025-08-16 13:38:28,909 [WARN] PackLoader:240 - Cannot read IP mode file for STMicroelectronics.X-CUBE-IPS.3.1.0
2025-08-16 13:38:28,913 [WARN] PackLoader:240 - Cannot read IP mode file for STMicroelectronics.X-CUBE-ALS.1.0.2
2025-08-16 13:38:28,918 [WARN] PackLoader:240 - Cannot read IP mode file for portGmbH.I-Cube-SoM-uGOAL.1.1.0
2025-08-16 13:38:28,924 [WARN] PackLoader:240 - Cannot read IP mode file for STMicroelectronics.X-CUBE-TOF1.3.4.3
2025-08-16 13:38:28,932 [INFO] ThirdParty:978 - Integrity check success = true
2025-08-16 13:38:28,933 [INFO] IntegrityCheckThread:100 - exiting critical section [integrity check]
2025-08-16 13:38:28,933 [INFO] IntegrityCheckThread:103 - End integrity checks thread
2025-08-16 13:38:50,090 [INFO] McuFinderGlobals:63 - Set McuFinder mode to 2 (CubeIDE integrated)
2025-08-16 13:38:50,093 [INFO] MainUpdater:2872 - connection check result : 10
2025-08-16 13:38:50,449 [INFO] ApiDb:581 - Connected to CubeFinder SQLite database (C:\Users\Thorin\.stmcufinder\plugins\mcufinder\mcu\cube-finder-db.db)
2025-08-16 13:38:50,506 [INFO] ApiDb:668 - CubeFinder database Data Model version=2.1
2025-08-16 13:38:50,506 [INFO] ApiDb:669 - CubeFinder database Configuration version=3.0.39
2025-08-16 13:38:50,506 [INFO] ApiDb:670 - CubeFinder database generation date=2025-07-24 (1753349077)
2025-08-16 13:38:50,507 [INFO] ApiDb:671 - CubeFinder database FW Pack versions=[FP-ATR-ASTRA1_V2.0.0, FP-SNS-FLIGHT1_V5.1.0, FP-SNS-MOTENV1_V5.0.0, FP-SNS-MOTENVWB1_V1.4.0, FP-SNS-SMARTAG2_V1.2.0, FP-SNS-STBOX1_V2.0.0, STM32Cube_FW_C0_V1.4.0, STM32Cube_FW_F4_V1.28.2, STM32Cube_FW_F7_V1.17.3, STM32Cube_FW_G0_V1.6.2, STM32Cube_FW_G4_V1.6.1, STM32Cube_FW_H5_V1.5.0, STM32Cube_FW_H7RS_V1.2.0, STM32Cube_FW_H7_V1.12.1, STM32Cube_FW_L0_V1.12.2, STM32Cube_FW_L4_V1.18.1, STM32Cube_FW_L5_V1.5.1, STM32Cube_FW_N6_V1.2.0, STM32Cube_FW_U0_V1.3.0, STM32Cube_FW_U3_V1.2.0, STM32Cube_FW_U5_V1.8.0, STM32Cube_FW_WB0_V1.3.0, STM32Cube_FW_WBA_V1.7.0, STM32Cube_FW_WB_V1.23.0, STM32Cube_FW_WL3_V1.2.0, STM32Cube_FW_WL_V1.3.1, X-CUBE-ALGOBUILD_V1.4.0, X-CUBE-ALS_V1.0.2, X-CUBE-AZRTOS-F4_V1.1.0, X-CUBE-AZRTOS-F7_V1.1.0, X-CUBE-AZRTOS-G0_V1.1.0, X-CUBE-AZRTOS-G4_V2.0.0, X-CUBE-AZRTOS-H7RS_V1.1.0, X-CUBE-AZRTOS-H7_V3.4.0, X-CUBE-AZRTOS-L4_V2.0.0, X-CUBE-AZRTOS-L5_V2.0.0, X-CUBE-AZRTOS-WB_V2.0.0, X-CUBE-AZRTOS-WL_V2.0.0, X-CUBE-BLE1_V7.1.0, X-CUBE-BLE2_V3.3.0, X-CUBE-BLEMGR_V4.1.0, X-CUBE-EEPRMA1_V5.2.0, X-CUBE-FREERTOS_V1.3.1, X-CUBE-GNSS1_V6.0.0, X-CUBE-MEMS1_V11.3.0, X-CUBE-NFC4_V3.0.0, X-CUBE-NFC7_V2.0.0, X-CUBE-SFXS2LP1_V4.0.0, X-CUBE-ST67W61_V1.0.0, X-CUBE-SUBG2_V5.0.0, X-CUBE-TOF1_V3.4.3]
2025-08-16 13:38:52,010 [INFO] ApiDb:240 - Found 880 in-development CPN: [B-G473E-ZEST1S, B-WB1M-WPAN1, B-WBA5M-WPAN, B-WL5M-SUBG1, NUCLEO-C031C6, NUCLEO-C051C8, NUCLEO-C071RB, NUCLEO-C092RC, NUCLEO-H503RB, NUCLEO-H533RE, NUCLEO-H563ZI, NUCLEO-H7S3L8, NUCLEO-N657X0-Q, NUCLEO-U031R8, NUCLEO-U083RC, NUCLEO-U385RG-Q, NUCLEO-U545RE-Q, NUCLEO-U5A5ZJ-Q, NUCLEO-WB05KZ, NUCLEO-WB07CC, NUCLEO-WB09KE, NUCLEO-WBA52CG, NUCLEO-WBA55CG, NUCLEO-WL33CC1, NUCLEO-WL33CC2, STEVAL-PROTEUS1, STEVAL-SMARTAG2, STEVAL-STWINBX1, STM320518-EVAL, STM32C0116-DK, STM32C011D6Y3TR, STM32C011D6Y6TR, STM32C011F4P3, STM32C011F4P6, STM32C011F4U3, STM32C011F4U6TR, STM32C011F6P3, STM32C011F6P6, STM32C011F6U3, STM32C011F6U6TR, STM32C011J4M3, STM32C011J4M6, STM32C011J6M3, STM32C011J6M6, STM32C0316-DK, STM32C031C4T3, STM32C031C4T6, STM32C031C4U3, STM32C031C4U6, STM32C031C6T3, STM32C031C6T6, STM32C031C6U3, STM32C031C6U6, STM32C031F4P3, STM32C031F4P6, STM32C031F6P3, STM32C031F6P6, STM32C031G4U3, STM32C031G4U6, STM32C031G6U3, STM32C031G6U6, STM32C031K4T3, STM32C031K4T6, STM32C031K4U3, STM32C031K4U6, STM32C031K6T3, STM32C031K6T6, STM32C031K6U3, STM32C031K6U6, STM32C051C6T6, STM32C051C6U6, STM32C051C8T6, STM32C051C8U6, STM32C051D8Y6TR, STM32C051F6P6, STM32C051F8P6, STM32C051G6U6, STM32C051G8U6, STM32C051K6T6, STM32C051K6U6, STM32C051K8T6, STM32C071C8T6, STM32C071C8T6N, STM32C071C8U6, STM32C071C8U6N, STM32C071CBT6, STM32C071CBT6N, STM32C071CBU6, STM32C071CBU6N, STM32C071F8P6, STM32C071F8P6N, STM32C071FBP6, STM32C071FBP6N, STM32C071FBY6TR, STM32C071G8U6, STM32C071G8U6N, STM32C071GBU6, STM32C071GBU6N, STM32C071K8T6, STM32C071K8T6N, STM32C071K8U6, STM32C071K8U6N, STM32C071KBT6, STM32C071KBT6N, STM32C071KBU6, STM32C071KBU6N, STM32C071R8T6, STM32C071R8T6N, STM32C071RBI6N, STM32C071RBT6, STM32C071RBT6N, STM32C091CBT6, STM32C091CBU6, STM32C091CCT6, STM32C091CCU6, STM32C091ECY6TR, STM32C091FBP6, STM32C091FCP6, STM32C091GBU6, STM32C091GCU6, STM32C091KBT6, STM32C091KBU6, STM32C091KCT6, STM32C091KCU6, STM32C091RBT6, STM32C091RCI6, STM32C091RCT6, STM32C092CBT6, STM32C092CBU6, STM32C092CCT6, STM32C092CCU6, STM32C092ECY6TR, STM32C092FBP6, STM32C092FCP6, STM32C092GBU6, STM32C092GCU6, STM32C092KBT6, STM32C092KBU6, STM32C092KCT6, STM32C092KCU6, STM32C092RBT6, STM32C092RCI6, STM32C092RCT6, STM32G071K8TXN, STM32G071K8UXN, STM32G081GBU6N, STM32G081KBT6N, STM32G081KBUXN, STM32G0B1CCT6N, STM32G0B1KCT6, STM32G0B1NEY6TR, STM32G0B1RCT6N, STM32G0C1CCT6, STM32G0C1CCT6N, STM32G0C1CCU6N, STM32G0C1CET6N, STM32G0C1CEU6N, STM32G0C1KCT6, STM32G0C1NEY6TR, STM32G0C1RCI6N, STM32G0C1RCT6N, STM32G0C1REI6N, STM32G0C1RET6N, STM32G0C1VCI6, STM32G0C1VEI6, STM32G411C6T3, STM32G411C6T6, STM32G411C6U3, STM32G411C6U6, STM32G411C8T3, STM32G411C8T6, STM32G411C8U3, STM32G411C8U6, STM32G411CBT3, STM32G411CBT6, STM32G411CBU3, STM32G411CBU6, STM32G411K6T3, STM32G411K6T6, STM32G411K6U3, STM32G411K6U6, STM32G411K8T3, STM32G411K8T6, STM32G411K8U3, STM32G411K8U6, STM32G411KBT3, STM32G411KBT6, STM32G411KBU3, STM32G411KBU6, STM32G411M6T3, STM32G411M6T6, STM32G411M8T3, STM32G411M8T6, STM32G411MBT3, STM32G411MBT6, STM32G411R6T3, STM32G411R6T6, STM32G411R8T3, STM32G411R8T6, STM32G411RBT3, STM32G411RBT6, STM32G414CBT3, STM32G414CBT6, STM32G414CBU3, STM32G414CBU6, STM32G414CCT3, STM32G414CCT6, STM32G414CCU3, STM32G414CCU6, STM32G414MBT3, STM32G414MBT6, STM32G414MCT3, STM32G414MCT6, STM32G414RBT3, STM32G414RBT6, STM32G414RCT3, STM32G414RCT6, STM32G414VBT3, STM32G414VBT6, STM32G414VCT3, STM32G414VCT6, STM32G431CBT3Z, STM32G431RBT3Z, STM32G471CCT6, STM32G471CCU6, STM32G471CET3, STM32G471CET6, STM32G471CEU3, STM32G471CEU6, STM32G471MCT6, STM32G471MET3, STM32G471MET6, STM32G471MEY6TR, STM32G471QCT6, STM32G471QET3, STM32G471RCT6, STM32G471RET3, STM32G471RET6, STM32G471VCH6, STM32G471VCI6, STM32G471VCT6, STM32G471VEH3, STM32G471VEH6, STM32G471VEI3, STM32G471VEI6, STM32G471VET3, STM32G471VET6, STM32G473QET3Z, STM32G473RET3Z, STM32G474CCT6, STM32G491RET3Z, STM32H503CBT6, STM32H503CBU6, STM32H503EBY6TR, STM32H503KBU6, STM32H503RBT6, STM32H523CCT6, STM32H523CCU6, STM32H523CET6, STM32H523CEU6, STM32H523HEY6TR, STM32H523RCT6, STM32H523RET6, STM32H523VCI6, STM32H523VCT6, STM32H523VEI6, STM32H523VET6, STM32H523ZCJ6, STM32H523ZCT6, STM32H523ZEJ6, STM32H523ZET6, STM32H533CET6, STM32H533CEU6, STM32H533HEY6TR, STM32H533RET6, STM32H533VEI6, STM32H533VET6, STM32H533ZEJ6, STM32H533ZET6, STM32H562AGI6, STM32H562AII6, STM32H562IGK6, STM32H562IGT6, STM32H562IIK6, STM32H562IIT6, STM32H562RGT6, STM32H562RGV6, STM32H562RIT6, STM32H562RIV6, STM32H562VGT6, STM32H562VIT6, STM32H562ZGT6, STM32H562ZIT6, STM32H563AGI6, STM32H563AII3Q, STM32H563AII6, STM32H563IGK6, STM32H563IGT6, STM32H563IIK3Q, STM32H563IIK6, STM32H563IIT3Q, STM32H563IIT6, STM32H563MIY3QTR, STM32H563RGT6, STM32H563RGV6, STM32H563RIT6, STM32H563RIV6, STM32H563VGT6, STM32H563VIT3Q, STM32H563VIT6, STM32H563ZGT6, STM32H563ZIT3Q, STM32H563ZIT6, STM32H573AII3Q, STM32H573AII6, STM32H573I-DK, STM32H573IIK3Q, STM32H573IIK6, STM32H573IIT3Q, STM32H573IIT6, STM32H573MIY3QTR, STM32H573RIT6, STM32H573RIV6, STM32H573VIT3Q, STM32H573VIT6, STM32H573ZIT3Q, STM32H573ZIT6, STM32H7R3A8I6, STM32H7R3I8K6, STM32H7R3I8T6, STM32H7R3L8H6, STM32H7R3L8H6H, STM32H7R3R8V6, STM32H7R3V8H6, STM32H7R3V8T6, STM32H7R3V8Y6TR, STM32H7R3Z8J6, STM32H7R3Z8T6, STM32H7R7A8I6, STM32H7R7I8K6, STM32H7R7I8T6, STM32H7R7L8H6, STM32H7R7L8H6H, STM32H7R7Z8J6, STM32H7S3A8I6, STM32H7S3I8K6, STM32H7S3I8T6, STM32H7S3L8H6, STM32H7S3L8H6H, STM32H7S3R8V6, STM32H7S3V8H6, STM32H7S3V8T6, STM32H7S3V8Y6TR, STM32H7S3Z8J6, STM32H7S3Z8T6, STM32H7S78-DK, STM32H7S7A8I6, STM32H7S7I8K6, STM32H7S7I8T6, STM32H7S7L8H6, STM32H7S7L8H6H, STM32H7S7Z8J6, STM32L4R5QGI6STR, STM32MP131AAE3, STM32MP131AAF3, STM32MP131AAG3, STM32MP131CAE3, STM32MP131CAF3, STM32MP131CAG3, STM32MP131DAE7, STM32MP131DAF7, STM32MP131DAG7, STM32MP131FAE7, STM32MP131FAF7, STM32MP131FAG7, STM32MP133AAE3, STM32MP133AAF3, STM32MP133AAG3, STM32MP133CAE3, STM32MP133CAF3, STM32MP133CAG3, STM32MP133DAE7, STM32MP133DAF7, STM32MP133DAG7, STM32MP133FAE7, STM32MP133FAF7, STM32MP133FAG7, STM32MP135AAE3, STM32MP135AAF3, STM32MP135AAG3, STM32MP135CAE3, STM32MP135CAF3, STM32MP135CAG3, STM32MP135DAE7, STM32MP135DAF7, STM32MP135DAG7, STM32MP135F-DK, STM32MP135FAE7, STM32MP135FAF7, STM32MP135FAF7T, STM32MP135FAF7U, STM32MP135FAG7, STM32MP211AAL3, STM32MP211AAM3, STM32MP211AAN3, STM32MP211AAO3, STM32MP211CAL3, STM32MP211CAM3, STM32MP211CAN3, STM32MP211CAO3, STM32MP211DAL3, STM32MP211DAM3, STM32MP211DAN3, STM32MP211DAO3, STM32MP211FAL3, STM32MP211FAM3, STM32MP211FAN3, STM32MP211FAO3, STM32MP213AAL3, STM32MP213AAM3, STM32MP213AAN3, STM32MP213AAO3, STM32MP213CAL3, STM32MP213CAM3, STM32MP213CAN3, STM32MP213CAO3, STM32MP213DAL3, STM32MP213DAM3, STM32MP213DAN3, STM32MP213DAO3, STM32MP213FAL3, STM32MP213FAM3, STM32MP213FAN3, STM32MP213FAO3, STM32MP215AAL3, STM32MP215AAM3, STM32MP215AAN3, STM32MP215AAO3, STM32MP215CAL3, STM32MP215CAM3, STM32MP215CAN3, STM32MP215CAO3, STM32MP215DAL3, STM32MP215DAM3, STM32MP215DAN3, STM32MP215DAO3, STM32MP215F-DK, STM32MP215FAL3, STM32MP215FAM3, STM32MP215FAN3, STM32MP215FAO3, STM32MP231AAJ3, STM32MP231AAK3, STM32MP231AAL3, STM32MP231CAJ3, STM32MP231CAK3, STM32MP231CAL3, STM32MP231DAJ3, STM32MP231DAK3, STM32MP231DAL3, STM32MP231FAJ3, STM32MP231FAK3, STM32MP231FAL3, STM32MP233AAJ3, STM32MP233AAK3, STM32MP233AAL3, STM32MP233CAJ3, STM32MP233CAK3, STM32MP233CAL3, STM32MP233DAJ3, STM32MP233DAK3, STM32MP233DAL3, STM32MP233FAJ3, STM32MP233FAK3, STM32MP233FAL3, STM32MP235AAJ3, STM32MP235AAK3, STM32MP235AAL3, STM32MP235CAJ3, STM32MP235CAK3, STM32MP235CAL3, STM32MP235DAJ3, STM32MP235DAK3, STM32MP235DAL3, STM32MP235FAJ3, STM32MP235FAK3, STM32MP235FAL3, STM32MP251AAI3, STM32MP251AAK3, STM32MP251AAL3, STM32MP251CAI3, STM32MP251CAK3, STM32MP251CAL3, STM32MP251DAI3, STM32MP251DAK3, STM32MP251DAL3, STM32MP251FAI3, STM32MP251FAK3, STM32MP251FAL3, STM32MP253AAI3, STM32MP253AAK3, STM32MP253AAL3, STM32MP253CAI3, STM32MP253CAK3, STM32MP253CAL3, STM32MP253DAI3, STM32MP253DAK3, STM32MP253DAL3, STM32MP253FAI3, STM32MP253FAK3, STM32MP253FAL3, STM32MP255AAI3, STM32MP255AAK3, STM32MP255AAL3, STM32MP255CAI3, STM32MP255CAK3, STM32MP255CAL3, STM32MP255DAI3, STM32MP255DAK3, STM32MP255DAL3, STM32MP255FAI3, STM32MP255FAK3, STM32MP255FAL3, STM32MP257AAI3, STM32MP257AAK3, STM32MP257AAL3, STM32MP257CAI3, STM32MP257CAK3, STM32MP257CAL3, STM32MP257DAI3, STM32MP257DAK3, STM32MP257DAL3, STM32MP257F-DK, STM32MP257F-EV1, STM32MP257FAI3, STM32MP257FAK3, STM32MP257FAL3, STM32N645A0H3Q, STM32N645B0H3Q, STM32N645I0H3Q, STM32N645L0H3Q, STM32N645X0H3Q, STM32N645Z0H3Q, STM32N647A0H3Q, STM32N647B0H3Q, STM32N647I0H3Q, STM32N647L0H3Q, STM32N647X0H3Q, STM32N647Z0H3Q, STM32N655A0H3Q, STM32N655B0H3Q, STM32N655I0H3Q, STM32N655L0H3Q, STM32N655X0H3Q, STM32N655Z0H3Q, STM32N6570-DK, STM32N657A0H3Q, STM32N657B0H3Q, STM32N657I0H3Q, STM32N657L0H3Q, STM32N657X0H3Q, STM32N657Z0H3Q, STM32U031C6T6, STM32U031C6U6, STM32U031C8T6, STM32U031C8U6, STM32U031F4P6, STM32U031F6P6, STM32U031F8P6, STM32U031G6Y6TR, STM32U031G8Y6TR, STM32U031K4U6, STM32U031K6U6, STM32U031K8U6, STM32U031R6I6, STM32U031R6T6, STM32U031R8I6, STM32U031R8T6, STM32U073C8T6, STM32U073C8U6, STM32U073CBT6, STM32U073CBU6, STM32U073CCT6, STM32U073CCU6, STM32U073H8Y6TR, STM32U073HBY6TR, STM32U073HCY6TR, STM32U073K8U6, STM32U073KBU6, STM32U073KCU6, STM32U073M8I6, STM32U073M8T6, STM32U073MBI6, STM32U073MBT6, STM32U073MCI6, STM32U073MCT6, STM32U073R8I6, STM32U073R8T6, STM32U073RBI6, STM32U073RBT6, STM32U073RCI6, STM32U073RCT6, STM32U083C-DK, STM32U083CCT6, STM32U083CCU6, STM32U083HCY6TR, STM32U083KCU6, STM32U083MCI6, STM32U083MCT6, STM32U083RCI6, STM32U083RCT6, STM32U375CET6, STM32U375CET6Q, STM32U375CEU6, STM32U375CEU6Q, STM32U375CEY6QTR, STM32U375CGT6, STM32U375CGT6Q, STM32U375CGU6, STM32U375CGU6Q, STM32U375CGY6QTR, STM32U375KEU6, STM32U375KGU6, STM32U375REI6, STM32U375REI6Q, STM32U375RET6, STM32U375RET6Q, STM32U375REY6GTR, STM32U375REY6QTR, STM32U375RGI6, STM32U375RGI6Q, STM32U375RGT6, STM32U375RGT6Q, STM32U375RGY6GTR, STM32U375RGY6QTR, STM32U375VEI6, STM32U375VEI6Q, STM32U375VET6, STM32U375VET6Q, STM32U375VGI6, STM32U375VGI6Q, STM32U375VGT6, STM32U375VGT6Q, STM32U385CGT6, STM32U385CGT6Q, STM32U385CGU6, STM32U385CGU6Q, STM32U385CGY6QTR, STM32U385KGU6, STM32U385RGI6, STM32U385RGI6Q, STM32U385RGT6, STM32U385RGT6Q, STM32U385RGY6GTR, STM32U385RGY6QTR, STM32U385VGI6, STM32U385VGI6Q, STM32U385VGT6, STM32U385VGT6Q, STM32U535CBT6, STM32U535CBT6Q, STM32U535CBU6, STM32U535CBU6Q, STM32U535CCT6, STM32U535CCT6Q, STM32U535CCU6, STM32U535CCU6Q, STM32U535CET6, STM32U535CET6Q, STM32U535CEU6, STM32U535CEU6Q, STM32U535JEY6QTR, STM32U535NCY6QTR, STM32U535NEY6QTR, STM32U535RBI6, STM32U535RBI6Q, STM32U535RBT6, STM32U535RBT6Q, STM32U535RCI6, STM32U535RCI6Q, STM32U535RCT6, STM32U535RCT6Q, STM32U535REI6, STM32U535REI6Q, STM32U535RET6, STM32U535RET6Q, STM32U535VCI6, STM32U535VCI6Q, STM32U535VCT6, STM32U535VCT6Q, STM32U535VEI6, STM32U535VEI6Q, STM32U535VET6, STM32U535VET6Q, STM32U545CET6, STM32U545CET6Q, STM32U545CEU6, STM32U545CEU6Q, STM32U545JEY6QTR, STM32U545NEY6QTR, STM32U545REI6, STM32U545REI6Q, STM32U545RET6, STM32U545RET6Q, STM32U545VEI6, STM32U545VEI6Q, STM32U545VET6, STM32U545VET6Q, STM32U595AIH6, STM32U595AIH6Q, STM32U595AJH6, STM32U595AJH6Q, STM32U595QII6, STM32U595QII6Q, STM32U595QJI6, STM32U595QJI6Q, STM32U595RIT6, STM32U595RIT6Q, STM32U595RJT6, STM32U595RJT6Q, STM32U595VIT6, STM32U595VIT6Q, STM32U595VJT6, STM32U595VJT6Q, STM32U595ZIT6, STM32U595ZIT6Q, STM32U595ZIY6QTR, STM32U595ZJT6, STM32U595ZJT6Q, STM32U595ZJY6QTR, STM32U599BJY6QTR, STM32U599NIH6Q, STM32U599NJH6Q, STM32U599VIT6Q, STM32U599VJT6, STM32U599VJT6Q, STM32U599ZIT6Q, STM32U599ZIY6QTR, STM32U599ZJT6Q, STM32U599ZJY6QTR, STM32U5A5AJH6, STM32U5A5AJH6Q, STM32U5A5QII3Q , STM32U5A5QJI6, STM32U5A5QJI6Q, STM32U5A5RJT6, STM32U5A5RJT6Q, STM32U5A5VJT6, STM32U5A5VJT6Q, STM32U5A5ZJT6, STM32U5A5ZJT6Q, STM32U5A5ZJY6QTR, STM32U5A9BJY6QTR, STM32U5A9J-DK, STM32U5A9NJH6Q, STM32U5A9VJT6Q, STM32U5A9ZJT6Q, STM32U5A9ZJY6QTR, STM32U5F7VIT6, STM32U5F7VIT6Q, STM32U5F7VJT6, STM32U5F7VJT6Q, STM32U5F9BJY6QTR, STM32U5F9NJH6Q, STM32U5F9VIT6Q, STM32U5F9VJT6Q, STM32U5F9ZIJ6QTR, STM32U5F9ZIT6Q, STM32U5F9ZJJ6QTR, STM32U5F9ZJT6Q, STM32U5G7VJT6, STM32U5G7VJT6Q, STM32U5G9BJY6QTR, STM32U5G9J-DK1, STM32U5G9J-DK2, STM32U5G9NJH6Q, STM32U5G9VJT6Q, STM32U5G9ZJJ6QTR, STM32U5G9ZJT6Q, STM32WB05KZV6TR, STM32WB05KZV7TR, STM32WB05TZF6TR, STM32WB05TZF7TR, STM32WB06CCF6TR, STM32WB06CCF7TR, STM32WB06CCV6TR, STM32WB06CCV7TR, STM32WB06KCV6TR, STM32WB06KCV7TR, STM32WB07CCF6TR, STM32WB07CCF7TR, STM32WB07CCV6TR, STM32WB07CCV7TR, STM32WB07KCV6TR, STM32WB07KCV7TR, STM32WB09KEV6TR, STM32WB09KEV7TR, STM32WB09TEF6TR, STM32WB09TEF7TR, STM32WB1MMCH6, STM32WBA50KGU6, STM32WBA50KGU6TR, STM32WBA52CEU6, STM32WBA52CEU6TR, STM32WBA52CEU7, STM32WBA52CEU7TR, STM32WBA52CGU6, STM32WBA52CGU6TR, STM32WBA52CGU6U, STM32WBA52CGU7, STM32WBA52CGU7TR, STM32WBA52KEU6, STM32WBA52KEU6TR, STM32WBA52KGU6, STM32WBA52KGU6TR, STM32WBA54CEU6, STM32WBA54CEU6TR, STM32WBA54CEU7, STM32WBA54CEU7TR, STM32WBA54CGU6, STM32WBA54CGU6TR, STM32WBA54CGU7, STM32WBA54CGU7TR, STM32WBA54KEU6, STM32WBA54KEU6TR, STM32WBA54KEU7, STM32WBA54KEU7TR, STM32WBA54KGU6, STM32WBA54KGU6TR, STM32WBA54KGU7, STM32WBA54KGU7TR, STM32WBA55CEU6, STM32WBA55CEU6TR, STM32WBA55CEU7, STM32WBA55CEU7TR, STM32WBA55CGU6, STM32WBA55CGU6TR, STM32WBA55CGU6U, STM32WBA55CGU7, STM32WBA55CGU7TR, STM32WBA55G-DK1, STM32WBA55HEF6, STM32WBA55HEF7, STM32WBA55HGF6, STM32WBA55HGF7, STM32WBA55UEI6, STM32WBA55UEI6TR, STM32WBA55UEI7, STM32WBA55UEI7TR, STM32WBA55UGI6, STM32WBA55UGI6TR, STM32WBA55UGI7, STM32WBA55UGI7TR, STM32WBA5MMGH6TR, STM32WBA62MGF6, STM32WBA62MIF6, STM32WBA65MGF7, STM32WBA65MIF6, STM32WBA65MIF7, STM32WL30K8V6, STM32WL30KBV6, STM32WL31C8V6, STM32WL31CBV6, STM32WL31K8V6, STM32WL31KBV6, STM32WL33C8V6, STM32WL33C8V6X, STM32WL33CBV6, STM32WL33CBV6X, STM32WL33CCV6, STM32WL33CCV6A, STM32WL33CCV6X, STM32WL33K8V7, STM32WL33K8V7X, STM32WL33KBV7 , STM32WL33KBV7X, STM32WL33KCV7, STM32WL33KCV7X, STM32WL5MOCH6, STM32WL5MOCH6TR]
2025-08-16 13:38:52,015 [INFO] DbMcus:218 - Found 4801 MCUs, 4801 are supported
2025-08-16 13:38:52,015 [INFO] ApiDb:423 - Load user favorites file C:\Users\Thorin/.stm32cubeide/favorites.mcus.txt: 0 item(s)
2025-08-16 13:38:52,015 [INFO] ApiDb:427 - User favorites MCUs=[]
2025-08-16 13:38:52,015 [INFO] DbMcus:224 - Set 0 / 0 favorites MCUs
2025-08-16 13:38:52,324 [INFO] ApiDb:668 - CubeFinder database Data Model version=2.1
2025-08-16 13:38:52,324 [INFO] ApiDb:669 - CubeFinder database Configuration version=3.0.39
2025-08-16 13:38:52,324 [INFO] ApiDb:670 - CubeFinder database generation date=2025-07-24 (1753349077)
2025-08-16 13:38:52,325 [INFO] ApiDb:671 - CubeFinder database FW Pack versions=[FP-ATR-ASTRA1_V2.0.0, FP-SNS-FLIGHT1_V5.1.0, FP-SNS-MOTENV1_V5.0.0, FP-SNS-MOTENVWB1_V1.4.0, FP-SNS-SMARTAG2_V1.2.0, FP-SNS-STBOX1_V2.0.0, STM32Cube_FW_C0_V1.4.0, STM32Cube_FW_F4_V1.28.2, STM32Cube_FW_F7_V1.17.3, STM32Cube_FW_G0_V1.6.2, STM32Cube_FW_G4_V1.6.1, STM32Cube_FW_H5_V1.5.0, STM32Cube_FW_H7RS_V1.2.0, STM32Cube_FW_H7_V1.12.1, STM32Cube_FW_L0_V1.12.2, STM32Cube_FW_L4_V1.18.1, STM32Cube_FW_L5_V1.5.1, STM32Cube_FW_N6_V1.2.0, STM32Cube_FW_U0_V1.3.0, STM32Cube_FW_U3_V1.2.0, STM32Cube_FW_U5_V1.8.0, STM32Cube_FW_WB0_V1.3.0, STM32Cube_FW_WBA_V1.7.0, STM32Cube_FW_WB_V1.23.0, STM32Cube_FW_WL3_V1.2.0, STM32Cube_FW_WL_V1.3.1, X-CUBE-ALGOBUILD_V1.4.0, X-CUBE-ALS_V1.0.2, X-CUBE-AZRTOS-F4_V1.1.0, X-CUBE-AZRTOS-F7_V1.1.0, X-CUBE-AZRTOS-G0_V1.1.0, X-CUBE-AZRTOS-G4_V2.0.0, X-CUBE-AZRTOS-H7RS_V1.1.0, X-CUBE-AZRTOS-H7_V3.4.0, X-CUBE-AZRTOS-L4_V2.0.0, X-CUBE-AZRTOS-L5_V2.0.0, X-CUBE-AZRTOS-WB_V2.0.0, X-CUBE-AZRTOS-WL_V2.0.0, X-CUBE-BLE1_V7.1.0, X-CUBE-BLE2_V3.3.0, X-CUBE-BLEMGR_V4.1.0, X-CUBE-EEPRMA1_V5.2.0, X-CUBE-FREERTOS_V1.3.1, X-CUBE-GNSS1_V6.0.0, X-CUBE-MEMS1_V11.3.0, X-CUBE-NFC4_V3.0.0, X-CUBE-NFC7_V2.0.0, X-CUBE-SFXS2LP1_V4.0.0, X-CUBE-ST67W61_V1.0.0, X-CUBE-SUBG2_V5.0.0, X-CUBE-TOF1_V3.4.3]
2025-08-16 13:38:52,366 [INFO] DbBoardsSqlite:226 - include board P-NUCLEO-WB55-NUCLEO as a kit item of type 'Nucleo-64'
2025-08-16 13:38:52,366 [INFO] DbBoardsSqlite:226 - include board P-NUCLEO-WB55-USBDONGLE as a kit item of type 'Nucleo USB Dongle'
2025-08-16 13:38:52,366 [INFO] DbBoardsSqlite:226 - include board STEVAL-IDP005V1 as a kit item of type 'Evaluation Board'
2025-08-16 13:38:52,366 [INFO] DbBoardsSqlite:226 - include board STEVAL-IDP005V2 as a kit item of type 'Evaluation Board'
2025-08-16 13:38:52,417 [INFO] ApiDb:240 - Found 880 in-development CPN: [B-G473E-ZEST1S, B-WB1M-WPAN1, B-WBA5M-WPAN, B-WL5M-SUBG1, NUCLEO-C031C6, NUCLEO-C051C8, NUCLEO-C071RB, NUCLEO-C092RC, NUCLEO-H503RB, NUCLEO-H533RE, NUCLEO-H563ZI, NUCLEO-H7S3L8, NUCLEO-N657X0-Q, NUCLEO-U031R8, NUCLEO-U083RC, NUCLEO-U385RG-Q, NUCLEO-U545RE-Q, NUCLEO-U5A5ZJ-Q, NUCLEO-WB05KZ, NUCLEO-WB07CC, NUCLEO-WB09KE, NUCLEO-WBA52CG, NUCLEO-WBA55CG, NUCLEO-WL33CC1, NUCLEO-WL33CC2, STEVAL-PROTEUS1, STEVAL-SMARTAG2, STEVAL-STWINBX1, STM320518-EVAL, STM32C0116-DK, STM32C011D6Y3TR, STM32C011D6Y6TR, STM32C011F4P3, STM32C011F4P6, STM32C011F4U3, STM32C011F4U6TR, STM32C011F6P3, STM32C011F6P6, STM32C011F6U3, STM32C011F6U6TR, STM32C011J4M3, STM32C011J4M6, STM32C011J6M3, STM32C011J6M6, STM32C0316-DK, STM32C031C4T3, STM32C031C4T6, STM32C031C4U3, STM32C031C4U6, STM32C031C6T3, STM32C031C6T6, STM32C031C6U3, STM32C031C6U6, STM32C031F4P3, STM32C031F4P6, STM32C031F6P3, STM32C031F6P6, STM32C031G4U3, STM32C031G4U6, STM32C031G6U3, STM32C031G6U6, STM32C031K4T3, STM32C031K4T6, STM32C031K4U3, STM32C031K4U6, STM32C031K6T3, STM32C031K6T6, STM32C031K6U3, STM32C031K6U6, STM32C051C6T6, STM32C051C6U6, STM32C051C8T6, STM32C051C8U6, STM32C051D8Y6TR, STM32C051F6P6, STM32C051F8P6, STM32C051G6U6, STM32C051G8U6, STM32C051K6T6, STM32C051K6U6, STM32C051K8T6, STM32C071C8T6, STM32C071C8T6N, STM32C071C8U6, STM32C071C8U6N, STM32C071CBT6, STM32C071CBT6N, STM32C071CBU6, STM32C071CBU6N, STM32C071F8P6, STM32C071F8P6N, STM32C071FBP6, STM32C071FBP6N, STM32C071FBY6TR, STM32C071G8U6, STM32C071G8U6N, STM32C071GBU6, STM32C071GBU6N, STM32C071K8T6, STM32C071K8T6N, STM32C071K8U6, STM32C071K8U6N, STM32C071KBT6, STM32C071KBT6N, STM32C071KBU6, STM32C071KBU6N, STM32C071R8T6, STM32C071R8T6N, STM32C071RBI6N, STM32C071RBT6, STM32C071RBT6N, STM32C091CBT6, STM32C091CBU6, STM32C091CCT6, STM32C091CCU6, STM32C091ECY6TR, STM32C091FBP6, STM32C091FCP6, STM32C091GBU6, STM32C091GCU6, STM32C091KBT6, STM32C091KBU6, STM32C091KCT6, STM32C091KCU6, STM32C091RBT6, STM32C091RCI6, STM32C091RCT6, STM32C092CBT6, STM32C092CBU6, STM32C092CCT6, STM32C092CCU6, STM32C092ECY6TR, STM32C092FBP6, STM32C092FCP6, STM32C092GBU6, STM32C092GCU6, STM32C092KBT6, STM32C092KBU6, STM32C092KCT6, STM32C092KCU6, STM32C092RBT6, STM32C092RCI6, STM32C092RCT6, STM32G071K8TXN, STM32G071K8UXN, STM32G081GBU6N, STM32G081KBT6N, STM32G081KBUXN, STM32G0B1CCT6N, STM32G0B1KCT6, STM32G0B1NEY6TR, STM32G0B1RCT6N, STM32G0C1CCT6, STM32G0C1CCT6N, STM32G0C1CCU6N, STM32G0C1CET6N, STM32G0C1CEU6N, STM32G0C1KCT6, STM32G0C1NEY6TR, STM32G0C1RCI6N, STM32G0C1RCT6N, STM32G0C1REI6N, STM32G0C1RET6N, STM32G0C1VCI6, STM32G0C1VEI6, STM32G411C6T3, STM32G411C6T6, STM32G411C6U3, STM32G411C6U6, STM32G411C8T3, STM32G411C8T6, STM32G411C8U3, STM32G411C8U6, STM32G411CBT3, STM32G411CBT6, STM32G411CBU3, STM32G411CBU6, STM32G411K6T3, STM32G411K6T6, STM32G411K6U3, STM32G411K6U6, STM32G411K8T3, STM32G411K8T6, STM32G411K8U3, STM32G411K8U6, STM32G411KBT3, STM32G411KBT6, STM32G411KBU3, STM32G411KBU6, STM32G411M6T3, STM32G411M6T6, STM32G411M8T3, STM32G411M8T6, STM32G411MBT3, STM32G411MBT6, STM32G411R6T3, STM32G411R6T6, STM32G411R8T3, STM32G411R8T6, STM32G411RBT3, STM32G411RBT6, STM32G414CBT3, STM32G414CBT6, STM32G414CBU3, STM32G414CBU6, STM32G414CCT3, STM32G414CCT6, STM32G414CCU3, STM32G414CCU6, STM32G414MBT3, STM32G414MBT6, STM32G414MCT3, STM32G414MCT6, STM32G414RBT3, STM32G414RBT6, STM32G414RCT3, STM32G414RCT6, STM32G414VBT3, STM32G414VBT6, STM32G414VCT3, STM32G414VCT6, STM32G431CBT3Z, STM32G431RBT3Z, STM32G471CCT6, STM32G471CCU6, STM32G471CET3, STM32G471CET6, STM32G471CEU3, STM32G471CEU6, STM32G471MCT6, STM32G471MET3, STM32G471MET6, STM32G471MEY6TR, STM32G471QCT6, STM32G471QET3, STM32G471RCT6, STM32G471RET3, STM32G471RET6, STM32G471VCH6, STM32G471VCI6, STM32G471VCT6, STM32G471VEH3, STM32G471VEH6, STM32G471VEI3, STM32G471VEI6, STM32G471VET3, STM32G471VET6, STM32G473QET3Z, STM32G473RET3Z, STM32G474CCT6, STM32G491RET3Z, STM32H503CBT6, STM32H503CBU6, STM32H503EBY6TR, STM32H503KBU6, STM32H503RBT6, STM32H523CCT6, STM32H523CCU6, STM32H523CET6, STM32H523CEU6, STM32H523HEY6TR, STM32H523RCT6, STM32H523RET6, STM32H523VCI6, STM32H523VCT6, STM32H523VEI6, STM32H523VET6, STM32H523ZCJ6, STM32H523ZCT6, STM32H523ZEJ6, STM32H523ZET6, STM32H533CET6, STM32H533CEU6, STM32H533HEY6TR, STM32H533RET6, STM32H533VEI6, STM32H533VET6, STM32H533ZEJ6, STM32H533ZET6, STM32H562AGI6, STM32H562AII6, STM32H562IGK6, STM32H562IGT6, STM32H562IIK6, STM32H562IIT6, STM32H562RGT6, STM32H562RGV6, STM32H562RIT6, STM32H562RIV6, STM32H562VGT6, STM32H562VIT6, STM32H562ZGT6, STM32H562ZIT6, STM32H563AGI6, STM32H563AII3Q, STM32H563AII6, STM32H563IGK6, STM32H563IGT6, STM32H563IIK3Q, STM32H563IIK6, STM32H563IIT3Q, STM32H563IIT6, STM32H563MIY3QTR, STM32H563RGT6, STM32H563RGV6, STM32H563RIT6, STM32H563RIV6, STM32H563VGT6, STM32H563VIT3Q, STM32H563VIT6, STM32H563ZGT6, STM32H563ZIT3Q, STM32H563ZIT6, STM32H573AII3Q, STM32H573AII6, STM32H573I-DK, STM32H573IIK3Q, STM32H573IIK6, STM32H573IIT3Q, STM32H573IIT6, STM32H573MIY3QTR, STM32H573RIT6, STM32H573RIV6, STM32H573VIT3Q, STM32H573VIT6, STM32H573ZIT3Q, STM32H573ZIT6, STM32H7R3A8I6, STM32H7R3I8K6, STM32H7R3I8T6, STM32H7R3L8H6, STM32H7R3L8H6H, STM32H7R3R8V6, STM32H7R3V8H6, STM32H7R3V8T6, STM32H7R3V8Y6TR, STM32H7R3Z8J6, STM32H7R3Z8T6, STM32H7R7A8I6, STM32H7R7I8K6, STM32H7R7I8T6, STM32H7R7L8H6, STM32H7R7L8H6H, STM32H7R7Z8J6, STM32H7S3A8I6, STM32H7S3I8K6, STM32H7S3I8T6, STM32H7S3L8H6, STM32H7S3L8H6H, STM32H7S3R8V6, STM32H7S3V8H6, STM32H7S3V8T6, STM32H7S3V8Y6TR, STM32H7S3Z8J6, STM32H7S3Z8T6, STM32H7S78-DK, STM32H7S7A8I6, STM32H7S7I8K6, STM32H7S7I8T6, STM32H7S7L8H6, STM32H7S7L8H6H, STM32H7S7Z8J6, STM32L4R5QGI6STR, STM32MP131AAE3, STM32MP131AAF3, STM32MP131AAG3, STM32MP131CAE3, STM32MP131CAF3, STM32MP131CAG3, STM32MP131DAE7, STM32MP131DAF7, STM32MP131DAG7, STM32MP131FAE7, STM32MP131FAF7, STM32MP131FAG7, STM32MP133AAE3, STM32MP133AAF3, STM32MP133AAG3, STM32MP133CAE3, STM32MP133CAF3, STM32MP133CAG3, STM32MP133DAE7, STM32MP133DAF7, STM32MP133DAG7, STM32MP133FAE7, STM32MP133FAF7, STM32MP133FAG7, STM32MP135AAE3, STM32MP135AAF3, STM32MP135AAG3, STM32MP135CAE3, STM32MP135CAF3, STM32MP135CAG3, STM32MP135DAE7, STM32MP135DAF7, STM32MP135DAG7, STM32MP135F-DK, STM32MP135FAE7, STM32MP135FAF7, STM32MP135FAF7T, STM32MP135FAF7U, STM32MP135FAG7, STM32MP211AAL3, STM32MP211AAM3, STM32MP211AAN3, STM32MP211AAO3, STM32MP211CAL3, STM32MP211CAM3, STM32MP211CAN3, STM32MP211CAO3, STM32MP211DAL3, STM32MP211DAM3, STM32MP211DAN3, STM32MP211DAO3, STM32MP211FAL3, STM32MP211FAM3, STM32MP211FAN3, STM32MP211FAO3, STM32MP213AAL3, STM32MP213AAM3, STM32MP213AAN3, STM32MP213AAO3, STM32MP213CAL3, STM32MP213CAM3, STM32MP213CAN3, STM32MP213CAO3, STM32MP213DAL3, STM32MP213DAM3, STM32MP213DAN3, STM32MP213DAO3, STM32MP213FAL3, STM32MP213FAM3, STM32MP213FAN3, STM32MP213FAO3, STM32MP215AAL3, STM32MP215AAM3, STM32MP215AAN3, STM32MP215AAO3, STM32MP215CAL3, STM32MP215CAM3, STM32MP215CAN3, STM32MP215CAO3, STM32MP215DAL3, STM32MP215DAM3, STM32MP215DAN3, STM32MP215DAO3, STM32MP215F-DK, STM32MP215FAL3, STM32MP215FAM3, STM32MP215FAN3, STM32MP215FAO3, STM32MP231AAJ3, STM32MP231AAK3, STM32MP231AAL3, STM32MP231CAJ3, STM32MP231CAK3, STM32MP231CAL3, STM32MP231DAJ3, STM32MP231DAK3, STM32MP231DAL3, STM32MP231FAJ3, STM32MP231FAK3, STM32MP231FAL3, STM32MP233AAJ3, STM32MP233AAK3, STM32MP233AAL3, STM32MP233CAJ3, STM32MP233CAK3, STM32MP233CAL3, STM32MP233DAJ3, STM32MP233DAK3, STM32MP233DAL3, STM32MP233FAJ3, STM32MP233FAK3, STM32MP233FAL3, STM32MP235AAJ3, STM32MP235AAK3, STM32MP235AAL3, STM32MP235CAJ3, STM32MP235CAK3, STM32MP235CAL3, STM32MP235DAJ3, STM32MP235DAK3, STM32MP235DAL3, STM32MP235FAJ3, STM32MP235FAK3, STM32MP235FAL3, STM32MP251AAI3, STM32MP251AAK3, STM32MP251AAL3, STM32MP251CAI3, STM32MP251CAK3, STM32MP251CAL3, STM32MP251DAI3, STM32MP251DAK3, STM32MP251DAL3, STM32MP251FAI3, STM32MP251FAK3, STM32MP251FAL3, STM32MP253AAI3, STM32MP253AAK3, STM32MP253AAL3, STM32MP253CAI3, STM32MP253CAK3, STM32MP253CAL3, STM32MP253DAI3, STM32MP253DAK3, STM32MP253DAL3, STM32MP253FAI3, STM32MP253FAK3, STM32MP253FAL3, STM32MP255AAI3, STM32MP255AAK3, STM32MP255AAL3, STM32MP255CAI3, STM32MP255CAK3, STM32MP255CAL3, STM32MP255DAI3, STM32MP255DAK3, STM32MP255DAL3, STM32MP255FAI3, STM32MP255FAK3, STM32MP255FAL3, STM32MP257AAI3, STM32MP257AAK3, STM32MP257AAL3, STM32MP257CAI3, STM32MP257CAK3, STM32MP257CAL3, STM32MP257DAI3, STM32MP257DAK3, STM32MP257DAL3, STM32MP257F-DK, STM32MP257F-EV1, STM32MP257FAI3, STM32MP257FAK3, STM32MP257FAL3, STM32N645A0H3Q, STM32N645B0H3Q, STM32N645I0H3Q, STM32N645L0H3Q, STM32N645X0H3Q, STM32N645Z0H3Q, STM32N647A0H3Q, STM32N647B0H3Q, STM32N647I0H3Q, STM32N647L0H3Q, STM32N647X0H3Q, STM32N647Z0H3Q, STM32N655A0H3Q, STM32N655B0H3Q, STM32N655I0H3Q, STM32N655L0H3Q, STM32N655X0H3Q, STM32N655Z0H3Q, STM32N6570-DK, STM32N657A0H3Q, STM32N657B0H3Q, STM32N657I0H3Q, STM32N657L0H3Q, STM32N657X0H3Q, STM32N657Z0H3Q, STM32U031C6T6, STM32U031C6U6, STM32U031C8T6, STM32U031C8U6, STM32U031F4P6, STM32U031F6P6, STM32U031F8P6, STM32U031G6Y6TR, STM32U031G8Y6TR, STM32U031K4U6, STM32U031K6U6, STM32U031K8U6, STM32U031R6I6, STM32U031R6T6, STM32U031R8I6, STM32U031R8T6, STM32U073C8T6, STM32U073C8U6, STM32U073CBT6, STM32U073CBU6, STM32U073CCT6, STM32U073CCU6, STM32U073H8Y6TR, STM32U073HBY6TR, STM32U073HCY6TR, STM32U073K8U6, STM32U073KBU6, STM32U073KCU6, STM32U073M8I6, STM32U073M8T6, STM32U073MBI6, STM32U073MBT6, STM32U073MCI6, STM32U073MCT6, STM32U073R8I6, STM32U073R8T6, STM32U073RBI6, STM32U073RBT6, STM32U073RCI6, STM32U073RCT6, STM32U083C-DK, STM32U083CCT6, STM32U083CCU6, STM32U083HCY6TR, STM32U083KCU6, STM32U083MCI6, STM32U083MCT6, STM32U083RCI6, STM32U083RCT6, STM32U375CET6, STM32U375CET6Q, STM32U375CEU6, STM32U375CEU6Q, STM32U375CEY6QTR, STM32U375CGT6, STM32U375CGT6Q, STM32U375CGU6, STM32U375CGU6Q, STM32U375CGY6QTR, STM32U375KEU6, STM32U375KGU6, STM32U375REI6, STM32U375REI6Q, STM32U375RET6, STM32U375RET6Q, STM32U375REY6GTR, STM32U375REY6QTR, STM32U375RGI6, STM32U375RGI6Q, STM32U375RGT6, STM32U375RGT6Q, STM32U375RGY6GTR, STM32U375RGY6QTR, STM32U375VEI6, STM32U375VEI6Q, STM32U375VET6, STM32U375VET6Q, STM32U375VGI6, STM32U375VGI6Q, STM32U375VGT6, STM32U375VGT6Q, STM32U385CGT6, STM32U385CGT6Q, STM32U385CGU6, STM32U385CGU6Q, STM32U385CGY6QTR, STM32U385KGU6, STM32U385RGI6, STM32U385RGI6Q, STM32U385RGT6, STM32U385RGT6Q, STM32U385RGY6GTR, STM32U385RGY6QTR, STM32U385VGI6, STM32U385VGI6Q, STM32U385VGT6, STM32U385VGT6Q, STM32U535CBT6, STM32U535CBT6Q, STM32U535CBU6, STM32U535CBU6Q, STM32U535CCT6, STM32U535CCT6Q, STM32U535CCU6, STM32U535CCU6Q, STM32U535CET6, STM32U535CET6Q, STM32U535CEU6, STM32U535CEU6Q, STM32U535JEY6QTR, STM32U535NCY6QTR, STM32U535NEY6QTR, STM32U535RBI6, STM32U535RBI6Q, STM32U535RBT6, STM32U535RBT6Q, STM32U535RCI6, STM32U535RCI6Q, STM32U535RCT6, STM32U535RCT6Q, STM32U535REI6, STM32U535REI6Q, STM32U535RET6, STM32U535RET6Q, STM32U535VCI6, STM32U535VCI6Q, STM32U535VCT6, STM32U535VCT6Q, STM32U535VEI6, STM32U535VEI6Q, STM32U535VET6, STM32U535VET6Q, STM32U545CET6, STM32U545CET6Q, STM32U545CEU6, STM32U545CEU6Q, STM32U545JEY6QTR, STM32U545NEY6QTR, STM32U545REI6, STM32U545REI6Q, STM32U545RET6, STM32U545RET6Q, STM32U545VEI6, STM32U545VEI6Q, STM32U545VET6, STM32U545VET6Q, STM32U595AIH6, STM32U595AIH6Q, STM32U595AJH6, STM32U595AJH6Q, STM32U595QII6, STM32U595QII6Q, STM32U595QJI6, STM32U595QJI6Q, STM32U595RIT6, STM32U595RIT6Q, STM32U595RJT6, STM32U595RJT6Q, STM32U595VIT6, STM32U595VIT6Q, STM32U595VJT6, STM32U595VJT6Q, STM32U595ZIT6, STM32U595ZIT6Q, STM32U595ZIY6QTR, STM32U595ZJT6, STM32U595ZJT6Q, STM32U595ZJY6QTR, STM32U599BJY6QTR, STM32U599NIH6Q, STM32U599NJH6Q, STM32U599VIT6Q, STM32U599VJT6, STM32U599VJT6Q, STM32U599ZIT6Q, STM32U599ZIY6QTR, STM32U599ZJT6Q, STM32U599ZJY6QTR, STM32U5A5AJH6, STM32U5A5AJH6Q, STM32U5A5QII3Q , STM32U5A5QJI6, STM32U5A5QJI6Q, STM32U5A5RJT6, STM32U5A5RJT6Q, STM32U5A5VJT6, STM32U5A5VJT6Q, STM32U5A5ZJT6, STM32U5A5ZJT6Q, STM32U5A5ZJY6QTR, STM32U5A9BJY6QTR, STM32U5A9J-DK, STM32U5A9NJH6Q, STM32U5A9VJT6Q, STM32U5A9ZJT6Q, STM32U5A9ZJY6QTR, STM32U5F7VIT6, STM32U5F7VIT6Q, STM32U5F7VJT6, STM32U5F7VJT6Q, STM32U5F9BJY6QTR, STM32U5F9NJH6Q, STM32U5F9VIT6Q, STM32U5F9VJT6Q, STM32U5F9ZIJ6QTR, STM32U5F9ZIT6Q, STM32U5F9ZJJ6QTR, STM32U5F9ZJT6Q, STM32U5G7VJT6, STM32U5G7VJT6Q, STM32U5G9BJY6QTR, STM32U5G9J-DK1, STM32U5G9J-DK2, STM32U5G9NJH6Q, STM32U5G9VJT6Q, STM32U5G9ZJJ6QTR, STM32U5G9ZJT6Q, STM32WB05KZV6TR, STM32WB05KZV7TR, STM32WB05TZF6TR, STM32WB05TZF7TR, STM32WB06CCF6TR, STM32WB06CCF7TR, STM32WB06CCV6TR, STM32WB06CCV7TR, STM32WB06KCV6TR, STM32WB06KCV7TR, STM32WB07CCF6TR, STM32WB07CCF7TR, STM32WB07CCV6TR, STM32WB07CCV7TR, STM32WB07KCV6TR, STM32WB07KCV7TR, STM32WB09KEV6TR, STM32WB09KEV7TR, STM32WB09TEF6TR, STM32WB09TEF7TR, STM32WB1MMCH6, STM32WBA50KGU6, STM32WBA50KGU6TR, STM32WBA52CEU6, STM32WBA52CEU6TR, STM32WBA52CEU7, STM32WBA52CEU7TR, STM32WBA52CGU6, STM32WBA52CGU6TR, STM32WBA52CGU6U, STM32WBA52CGU7, STM32WBA52CGU7TR, STM32WBA52KEU6, STM32WBA52KEU6TR, STM32WBA52KGU6, STM32WBA52KGU6TR, STM32WBA54CEU6, STM32WBA54CEU6TR, STM32WBA54CEU7, STM32WBA54CEU7TR, STM32WBA54CGU6, STM32WBA54CGU6TR, STM32WBA54CGU7, STM32WBA54CGU7TR, STM32WBA54KEU6, STM32WBA54KEU6TR, STM32WBA54KEU7, STM32WBA54KEU7TR, STM32WBA54KGU6, STM32WBA54KGU6TR, STM32WBA54KGU7, STM32WBA54KGU7TR, STM32WBA55CEU6, STM32WBA55CEU6TR, STM32WBA55CEU7, STM32WBA55CEU7TR, STM32WBA55CGU6, STM32WBA55CGU6TR, STM32WBA55CGU6U, STM32WBA55CGU7, STM32WBA55CGU7TR, STM32WBA55G-DK1, STM32WBA55HEF6, STM32WBA55HEF7, STM32WBA55HGF6, STM32WBA55HGF7, STM32WBA55UEI6, STM32WBA55UEI6TR, STM32WBA55UEI7, STM32WBA55UEI7TR, STM32WBA55UGI6, STM32WBA55UGI6TR, STM32WBA55UGI7, STM32WBA55UGI7TR, STM32WBA5MMGH6TR, STM32WBA62MGF6, STM32WBA62MIF6, STM32WBA65MGF7, STM32WBA65MIF6, STM32WBA65MIF7, STM32WL30K8V6, STM32WL30KBV6, STM32WL31C8V6, STM32WL31CBV6, STM32WL31K8V6, STM32WL31KBV6, STM32WL33C8V6, STM32WL33C8V6X, STM32WL33CBV6, STM32WL33CBV6X, STM32WL33CCV6, STM32WL33CCV6A, STM32WL33CCV6X, STM32WL33K8V7, STM32WL33K8V7X, STM32WL33KBV7 , STM32WL33KBV7X, STM32WL33KCV7, STM32WL33KCV7X, STM32WL5MOCH6, STM32WL5MOCH6TR]
2025-08-16 13:38:52,604 [INFO] BoardInfo:889 - No configuration file found for board P-NUCLEO-WB55
2025-08-16 13:38:52,606 [INFO] DbBoards:161 - Kit is not supported: P-NUCLEO-WB55
2025-08-16 13:38:52,612 [INFO] BoardInfo:889 - No configuration file found for board STEVAL-BFA001V1B
2025-08-16 13:38:52,613 [INFO] DbBoards:161 - Kit is not supported: STEVAL-BFA001V1B
2025-08-16 13:38:52,613 [INFO] BoardInfo:889 - No configuration file found for board STEVAL-BFA001V2B
2025-08-16 13:38:52,614 [INFO] DbBoards:161 - Kit is not supported: STEVAL-BFA001V2B
2025-08-16 13:38:52,807 [INFO] DbBoards:168 - Found 212 boards, 209 are supported
2025-08-16 13:38:52,807 [INFO] DbBoards:169 - Found 212 boards, 43 of them is supported for  Bsp
2025-08-16 13:38:52,810 [INFO] ApiDb:423 - Load user favorites file C:\Users\Thorin/.stm32cubeide/favorites.boards.txt: 0 item(s)
2025-08-16 13:38:52,810 [INFO] ApiDb:427 - User favorites Boards=[]
2025-08-16 13:38:52,810 [INFO] DbBoards:198 - Set 0 / 0 favorites Boards
2025-08-16 13:38:52,810 [INFO] McuFinderGlobals:76 - Set McuFinderConnectedMode to true
2025-08-16 13:38:52,814 [INFO] MultiScanPanel:200 - Auto-refresh data requested => check proxy status ongoing
2025-08-16 13:38:52,817 [INFO] FinderPluginLoader:96 - Searching for filters in installed packs
2025-08-16 13:38:54,010 [INFO] LoadUrlFilesThread:185 - End of LoadServerUrlFiles without Thread
2025-08-16 13:38:54,078 [INFO] DetailPanel:341 - Set advertising image to C:/Users/Thorin/STM32Cube/Repository/\en.2400x1350px.jpeg
2025-08-16 13:39:14,886 [INFO] MultiScanPanel:200 - Auto-refresh data requested => check proxy status ongoing
2025-08-16 13:39:15,003 [INFO] LoadUrlFilesThread:185 - End of LoadServerUrlFiles without Thread
2025-08-16 13:39:15,003 [INFO] DetailPanel:341 - Set advertising image to C:/Users/Thorin/STM32Cube/Repository/\en.2400x1350px.jpeg
2025-08-16 13:39:15,016 [INFO] DbBoards:642 - Loading board mini-images...
2025-08-16 13:39:16,818 [ERROR] DbBoards:659 - Image file not found for board STM32MP215F-DK: C:\Users\Thorin\.stmcufinder\plugins\mcufinder//mcu//boards_images/STM32MP215F-DK.jpg
2025-08-16 13:39:16,931 [INFO] DbBoards:665 - Loaded 211 board mini-images
2025-08-16 13:39:33,935 [INFO] MultiScanPanel:200 - Auto-refresh data requested => check proxy status ongoing
2025-08-16 13:39:33,938 [INFO] ApiDb:668 - CubeFinder database Data Model version=2.1
2025-08-16 13:39:33,938 [INFO] ApiDb:669 - CubeFinder database Configuration version=3.0.39
2025-08-16 13:39:33,938 [INFO] ApiDb:670 - CubeFinder database generation date=2025-07-24 (1753349077)
2025-08-16 13:39:33,938 [INFO] ApiDb:671 - CubeFinder database FW Pack versions=[FP-ATR-ASTRA1_V2.0.0, FP-SNS-FLIGHT1_V5.1.0, FP-SNS-MOTENV1_V5.0.0, FP-SNS-MOTENVWB1_V1.4.0, FP-SNS-SMARTAG2_V1.2.0, FP-SNS-STBOX1_V2.0.0, STM32Cube_FW_C0_V1.4.0, STM32Cube_FW_F4_V1.28.2, STM32Cube_FW_F7_V1.17.3, STM32Cube_FW_G0_V1.6.2, STM32Cube_FW_G4_V1.6.1, STM32Cube_FW_H5_V1.5.0, STM32Cube_FW_H7RS_V1.2.0, STM32Cube_FW_H7_V1.12.1, STM32Cube_FW_L0_V1.12.2, STM32Cube_FW_L4_V1.18.1, STM32Cube_FW_L5_V1.5.1, STM32Cube_FW_N6_V1.2.0, STM32Cube_FW_U0_V1.3.0, STM32Cube_FW_U3_V1.2.0, STM32Cube_FW_U5_V1.8.0, STM32Cube_FW_WB0_V1.3.0, STM32Cube_FW_WBA_V1.7.0, STM32Cube_FW_WB_V1.23.0, STM32Cube_FW_WL3_V1.2.0, STM32Cube_FW_WL_V1.3.1, X-CUBE-ALGOBUILD_V1.4.0, X-CUBE-ALS_V1.0.2, X-CUBE-AZRTOS-F4_V1.1.0, X-CUBE-AZRTOS-F7_V1.1.0, X-CUBE-AZRTOS-G0_V1.1.0, X-CUBE-AZRTOS-G4_V2.0.0, X-CUBE-AZRTOS-H7RS_V1.1.0, X-CUBE-AZRTOS-H7_V3.4.0, X-CUBE-AZRTOS-L4_V2.0.0, X-CUBE-AZRTOS-L5_V2.0.0, X-CUBE-AZRTOS-WB_V2.0.0, X-CUBE-AZRTOS-WL_V2.0.0, X-CUBE-BLE1_V7.1.0, X-CUBE-BLE2_V3.3.0, X-CUBE-BLEMGR_V4.1.0, X-CUBE-EEPRMA1_V5.2.0, X-CUBE-FREERTOS_V1.3.1, X-CUBE-GNSS1_V6.0.0, X-CUBE-MEMS1_V11.3.0, X-CUBE-NFC4_V3.0.0, X-CUBE-NFC7_V2.0.0, X-CUBE-SFXS2LP1_V4.0.0, X-CUBE-ST67W61_V1.0.0, X-CUBE-SUBG2_V5.0.0, X-CUBE-TOF1_V3.4.3]
2025-08-16 13:39:34,517 [ERROR] DbExamplesSqlite:437 - Missing JSON key: board_cpn
2025-08-16 13:39:34,517 [ERROR] DbExamplesSqlite:437 - Missing JSON key: board_cpn
2025-08-16 13:39:34,517 [ERROR] DbExamplesSqlite:437 - Missing JSON key: board_cpn
2025-08-16 13:39:34,517 [ERROR] DbExamplesSqlite:437 - Missing JSON key: board_cpn
2025-08-16 13:39:34,618 [ERROR] DbExamplesSqlite:437 - Missing JSON key: board_cpn
2025-08-16 13:39:34,618 [ERROR] DbExamplesSqlite:437 - Missing JSON key: board_cpn
2025-08-16 13:39:34,618 [ERROR] DbExamplesSqlite:437 - Missing JSON key: board_cpn
2025-08-16 13:39:34,618 [ERROR] DbExamplesSqlite:437 - Missing JSON key: board_cpn
2025-08-16 13:39:34,618 [ERROR] DbExamplesSqlite:437 - Missing JSON key: board_cpn
2025-08-16 13:39:34,619 [ERROR] DbExamplesSqlite:437 - Missing JSON key: board_cpn
2025-08-16 13:39:34,619 [ERROR] DbExamplesSqlite:437 - Missing JSON key: board_cpn
2025-08-16 13:39:34,619 [ERROR] DbExamplesSqlite:437 - Missing JSON key: board_cpn
2025-08-16 13:39:34,619 [ERROR] DbExamplesSqlite:437 - Missing JSON key: board_cpn
2025-08-16 13:39:34,757 [ERROR] DbExamplesSqlite:437 - Missing JSON key: board_cpn
2025-08-16 13:39:34,757 [ERROR] DbExamplesSqlite:437 - Missing JSON key: board_cpn
2025-08-16 13:39:34,758 [INFO] DbExamplesSqlite:395 - Ignored 33 examples not supported by CubeIDE
2025-08-16 13:39:34,758 [INFO] DbExamplesSqlite:396 - Found 10866 examples active
2025-08-16 13:39:34,758 [INFO] DbExamplesSqlite:397 - Found 0 examples obsolete
2025-08-16 13:39:34,758 [INFO] DbExamplesSqlite:398 - Found 0 examples under development
2025-08-16 13:39:34,759 [INFO] DbExamplesSqlite:399 - Found 65 examples not building
2025-08-16 13:39:34,761 [INFO] DbExamples:125 - Found 10898 examples
2025-08-16 13:39:34,774 [INFO] DbExamples:222 - Found 134 boards with related examples
2025-08-16 13:39:34,774 [INFO] DbExamples:235 - Found 111 MCUs with related examples
2025-08-16 13:39:34,796 [INFO] ApiDb:423 - Load user favorites file C:\Users\Thorin/.stm32cubeide/favorites.examples.txt: 0 item(s)
2025-08-16 13:39:34,796 [INFO] ApiDb:427 - User favorites Examples=[]
2025-08-16 13:39:34,796 [INFO] DbExamples:250 - Set 0 / 0 favorites Examples
2025-08-16 13:39:35,938 [INFO] SoftwarePacks:127 - Download is needed for SW pack 'FP-ATR-ASTRA1_V2.0.0'
2025-08-16 13:39:35,938 [INFO] SoftwarePacks:127 - Download is needed for SW pack 'FP-SNS-FLIGHT1_V5.1.0'
2025-08-16 13:39:35,938 [INFO] SoftwarePacks:127 - Download is needed for SW pack 'FP-SNS-MOTENV1_V5.0.0'
2025-08-16 13:39:35,938 [INFO] SoftwarePacks:127 - Download is needed for SW pack 'FP-SNS-MOTENVWB1_V1.4.0'
2025-08-16 13:39:35,939 [INFO] SoftwarePacks:127 - Download is needed for SW pack 'FP-SNS-SMARTAG2_V1.2.0'
2025-08-16 13:39:35,939 [INFO] SoftwarePacks:127 - Download is needed for SW pack 'FP-SNS-STBOX1_V2.0.0'
2025-08-16 13:39:35,941 [INFO] SoftwarePacks:127 - Download is needed for SW pack 'STM32Cube_FW_C0_V1.4.0'
2025-08-16 13:39:35,942 [INFO] SoftwarePacks:127 - Download is needed for SW pack 'STM32Cube_FW_F4_V1.28.2'
2025-08-16 13:39:35,944 [INFO] SoftwarePacks:127 - Download is needed for SW pack 'STM32Cube_FW_F7_V1.17.3'
2025-08-16 13:39:35,944 [INFO] SoftwarePacks:127 - Download is needed for SW pack 'STM32Cube_FW_G0_V1.6.2'
2025-08-16 13:39:35,947 [INFO] SoftwarePacks:127 - Download is needed for SW pack 'STM32Cube_FW_G4_V1.6.1'
2025-08-16 13:39:35,948 [INFO] SoftwarePacks:127 - Download is needed for SW pack 'STM32Cube_FW_H5_V1.5.0'
2025-08-16 13:39:35,950 [INFO] SoftwarePacks:127 - Download is needed for SW pack 'STM32Cube_FW_H7RS_V1.2.0'
2025-08-16 13:39:35,952 [INFO] SoftwarePacks:127 - Download is needed for SW pack 'STM32Cube_FW_H7_V1.12.1'
2025-08-16 13:39:35,954 [INFO] SoftwarePacks:127 - Download is needed for SW pack 'STM32Cube_FW_L0_V1.12.2'
2025-08-16 13:39:35,955 [INFO] SoftwarePacks:127 - Download is needed for SW pack 'STM32Cube_FW_L4_V1.18.1'
2025-08-16 13:39:35,956 [INFO] SoftwarePacks:127 - Download is needed for SW pack 'STM32Cube_FW_L5_V1.5.1'
2025-08-16 13:39:35,958 [INFO] SoftwarePacks:127 - Download is needed for SW pack 'STM32Cube_FW_N6_V1.2.0'
2025-08-16 13:39:35,959 [INFO] SoftwarePacks:127 - Download is needed for SW pack 'STM32Cube_FW_U0_V1.3.0'
2025-08-16 13:39:35,960 [INFO] SoftwarePacks:127 - Download is needed for SW pack 'STM32Cube_FW_U3_V1.2.0'
2025-08-16 13:39:35,961 [INFO] SoftwarePacks:127 - Download is needed for SW pack 'STM32Cube_FW_U5_V1.8.0'
2025-08-16 13:39:35,962 [INFO] SoftwarePacks:127 - Download is needed for SW pack 'STM32Cube_FW_WB0_V1.3.0'
2025-08-16 13:39:35,964 [INFO] SoftwarePacks:127 - Download is needed for SW pack 'STM32Cube_FW_WBA_V1.7.0'
2025-08-16 13:39:35,967 [INFO] SoftwarePacks:127 - Download is needed for SW pack 'STM32Cube_FW_WB_V1.23.0'
2025-08-16 13:39:35,968 [INFO] SoftwarePacks:127 - Download is needed for SW pack 'STM32Cube_FW_WL3_V1.2.0'
2025-08-16 13:39:35,969 [INFO] SoftwarePacks:127 - Download is needed for SW pack 'STM32Cube_FW_WL_V1.3.1'
2025-08-16 13:39:35,969 [INFO] SoftwarePacks:127 - Download is needed for SW pack 'X-CUBE-ALGOBUILD_V1.4.0'
2025-08-16 13:39:35,970 [INFO] SoftwarePacks:127 - Download is needed for SW pack 'X-CUBE-ALS_V1.0.2'
2025-08-16 13:39:35,970 [INFO] SoftwarePacks:127 - Download is needed for SW pack 'X-CUBE-AZRTOS-F4_V1.1.0'
2025-08-16 13:39:35,970 [INFO] SoftwarePacks:127 - Download is needed for SW pack 'X-CUBE-AZRTOS-F7_V1.1.0'
2025-08-16 13:39:35,970 [INFO] SoftwarePacks:127 - Download is needed for SW pack 'X-CUBE-AZRTOS-G0_V1.1.0'
2025-08-16 13:39:35,970 [INFO] SoftwarePacks:127 - Download is needed for SW pack 'X-CUBE-AZRTOS-G4_V2.0.0'
2025-08-16 13:39:35,970 [INFO] SoftwarePacks:127 - Download is needed for SW pack 'X-CUBE-AZRTOS-H7RS_V1.1.0'
2025-08-16 13:39:35,970 [INFO] SoftwarePacks:127 - Download is needed for SW pack 'X-CUBE-AZRTOS-H7_V3.4.0'
2025-08-16 13:39:35,970 [INFO] SoftwarePacks:127 - Download is needed for SW pack 'X-CUBE-AZRTOS-L4_V2.0.0'
2025-08-16 13:39:35,970 [INFO] SoftwarePacks:127 - Download is needed for SW pack 'X-CUBE-AZRTOS-L5_V2.0.0'
2025-08-16 13:39:35,970 [INFO] SoftwarePacks:127 - Download is needed for SW pack 'X-CUBE-AZRTOS-WB_V2.0.0'
2025-08-16 13:39:35,971 [INFO] SoftwarePacks:127 - Download is needed for SW pack 'X-CUBE-AZRTOS-WL_V2.0.0'
2025-08-16 13:39:35,971 [INFO] SoftwarePacks:127 - Download is needed for SW pack 'X-CUBE-BLE1_V7.1.0'
2025-08-16 13:39:35,971 [INFO] SoftwarePacks:127 - Download is needed for SW pack 'X-CUBE-BLE2_V3.3.0'
2025-08-16 13:39:35,971 [INFO] SoftwarePacks:127 - Download is needed for SW pack 'X-CUBE-BLEMGR_V4.1.0'
2025-08-16 13:39:35,971 [INFO] SoftwarePacks:127 - Download is needed for SW pack 'X-CUBE-EEPRMA1_V5.2.0'
2025-08-16 13:39:35,971 [INFO] SoftwarePacks:127 - Download is needed for SW pack 'X-CUBE-FREERTOS_V1.3.1'
2025-08-16 13:39:35,971 [INFO] SoftwarePacks:127 - Download is needed for SW pack 'X-CUBE-GNSS1_V6.0.0'
2025-08-16 13:39:35,971 [INFO] SoftwarePacks:127 - Download is needed for SW pack 'X-CUBE-MEMS1_V11.3.0'
2025-08-16 13:39:35,971 [INFO] SoftwarePacks:127 - Download is needed for SW pack 'X-CUBE-NFC4_V3.0.0'
2025-08-16 13:39:35,971 [INFO] SoftwarePacks:127 - Download is needed for SW pack 'X-CUBE-NFC7_V2.0.0'
2025-08-16 13:39:35,971 [INFO] SoftwarePacks:127 - Download is needed for SW pack 'X-CUBE-SFXS2LP1_V4.0.0'
2025-08-16 13:39:35,971 [INFO] SoftwarePacks:127 - Download is needed for SW pack 'X-CUBE-ST67W61_V1.0.0'
2025-08-16 13:39:35,972 [INFO] SoftwarePacks:127 - Download is needed for SW pack 'X-CUBE-SUBG2_V5.0.0'
2025-08-16 13:39:35,972 [INFO] SoftwarePacks:127 - Download is needed for SW pack 'X-CUBE-TOF1_V3.4.3'
2025-08-16 13:39:38,471 [INFO] LoadUrlFilesThread:185 - End of LoadServerUrlFiles without Thread
2025-08-16 13:39:38,472 [INFO] DetailPanel:341 - Set advertising image to C:/Users/Thorin/STM32Cube/Repository/\en.2400x1350px.jpeg
2025-08-16 13:39:40,799 [ERROR] AppliInfo:139 - Unknown STM32CubeMX version: 6.12.1
2025-08-16 13:40:48,242 [ERROR] LogOutputStream:75 - [STDERR_REDIRECT] Aug 16, 2025 1:40:48 PM org.apache.lucene.internal.vectorization.VectorizationProvider lookup
2025-08-16 13:40:48,244 [ERROR] LogOutputStream:75 - [STDERR_REDIRECT] WARNING: Java vector incubator module is not readable. For optimal vector performance, pass '--add-modules jdk.incubator.vector' to enable Vector API.
2025-08-16 13:40:48,244 [ERROR] LogOutputStream:75 - [STDERR_REDIRECT] 
2025-08-16 13:41:18,681 [INFO] McuFinderGlobals:76 - Set McuFinderConnectedMode to true
2025-08-16 13:41:18,950 [INFO] ApiDb:448 - Save user favorites file C:\Users\Thorin/.stm32cubeide/favorites.mcus.txt: 0 item(s)
2025-08-16 13:41:18,950 [INFO] ApiDb:452 - User favorites MCUs=[]
2025-08-16 13:41:18,951 [INFO] ApiDb:448 - Save user favorites file C:\Users\Thorin/.stm32cubeide/favorites.boards.txt: 0 item(s)
2025-08-16 13:41:18,951 [INFO] ApiDb:452 - User favorites Boards=[]
2025-08-16 13:41:18,953 [INFO] ApiDb:448 - Save user favorites file C:\Users\Thorin/.stm32cubeide/favorites.examples.txt: 0 item(s)
2025-08-16 13:41:18,953 [INFO] ApiDb:452 - User favorites Examples=[]
2025-08-16 13:41:45,509 [INFO] MainUpdater:2872 - connection check result : 10
2025-08-16 13:41:45,639 [INFO] McuFinderGlobals:76 - Set McuFinderConnectedMode to true
2025-08-16 13:41:45,640 [INFO] MultiScanPanel:200 - Auto-refresh data requested => check proxy status ongoing
2025-08-16 13:41:45,640 [INFO] FinderPluginLoader:96 - Searching for filters in installed packs
2025-08-16 13:41:46,311 [INFO] LoadUrlFilesThread:185 - End of LoadServerUrlFiles without Thread
2025-08-16 13:41:46,312 [INFO] DetailPanel:341 - Set advertising image to C:/Users/Thorin/STM32Cube/Repository/\en.2400x1350px.jpeg
2025-08-16 13:41:52,151 [INFO] MultiScanPanel:200 - Auto-refresh data requested => check proxy status ongoing
2025-08-16 13:41:52,199 [INFO] LoadUrlFilesThread:185 - End of LoadServerUrlFiles without Thread
2025-08-16 13:41:52,199 [INFO] DetailPanel:341 - Set advertising image to C:/Users/Thorin/STM32Cube/Repository/\en.2400x1350px.jpeg
2025-08-16 13:42:05,866 [INFO] ApiDb:581 - Connected to CubeFinder SQLite database (C:\Users\Thorin\.stmcufinder\plugins\mcufinder\mcu\cube-finder-db.db)
2025-08-16 13:42:32,272 [INFO] MainUpdater:2872 - connection check result : 10
2025-08-16 13:42:32,273 [INFO] MainUpdater:2872 - connection check result : 10
2025-08-16 13:42:32,283 [INFO] MicroXplorer:468 - Change Database Path : 
2025-08-16 13:42:32,283 [INFO] MicroXplorer:498 - Change Database Version : DB.6.0.150
2025-08-16 13:42:32,288 [WARN] ThirdParty:871 - waiting for thirdparty lock release [close project]
2025-08-16 13:42:32,289 [INFO] ThirdParty:873 - entering critical section [close project]
2025-08-16 13:42:32,290 [INFO] ThirdParty:883 - exiting critical section [close project]
2025-08-16 13:42:32,292 [INFO] PinOutPanel:1589 - setPackage(No Configuration,No Configuration)
2025-08-16 13:42:32,293 [INFO] UtilMem:75 - Begin LoadConfig() Used Memory: 686103240 Bytes (1073741824)
2025-08-16 13:42:32,297 [INFO] OpenFileManager:355 - Change cursor
2025-08-16 13:42:32,353 [INFO] ProjectFactory:514 - No CPN specified for board NUCLEO-L476RG => set CPN to STM32L476RGT3
2025-08-16 13:42:32,353 [INFO] Mcu:2029 - Initializing MCU STM32L476R(C-E-G)Tx STM32L476RGTx STM32L476RGT3
2025-08-16 13:42:33,820 [INFO] Context:786 - Trying to add GPIOservice into a context  which must be forbidden
2025-08-16 13:42:34,436 [INFO] Rule:233 - rule 117617 - U5Cobra4M][GTZC] default value MPCBB3 and MPCBB5 - Not Secured memory - MPCBB1 is applicable
2025-08-16 13:42:34,436 [INFO] Rule:233 - rule 117617 - U5Cobra4M][GTZC] default value MPCBB3 and MPCBB5 - Not Secured memory - MPCBB1 is applicable
2025-08-16 13:42:34,436 [INFO] Rule:233 - rule 117617 - U5Cobra4M][GTZC] default value MPCBB3 and MPCBB5 - Not Secured memory - MPCBB2 is applicable
2025-08-16 13:42:34,436 [INFO] Rule:233 - rule 117617 - U5Cobra4M][GTZC] default value MPCBB3 and MPCBB5 - Not Secured memory - MPCBB2 is applicable
2025-08-16 13:42:34,436 [INFO] Rule:233 - rule 117617 - U5Cobra4M][GTZC] default value MPCBB3 and MPCBB5 - Not Secured memory - MPCBB3 is applicable
2025-08-16 13:42:34,436 [INFO] Rule:233 - rule 117617 - U5Cobra4M][GTZC] default value MPCBB3 and MPCBB5 - Not Secured memory - MPCBB3 is applicable
2025-08-16 13:42:34,436 [INFO] Rule:233 - rule 117617 - U5Cobra4M][GTZC] default value MPCBB3 and MPCBB5 - Not Secured memory - MPCBB4 is applicable
2025-08-16 13:42:34,436 [INFO] Rule:233 - rule 117617 - U5Cobra4M][GTZC] default value MPCBB3 and MPCBB5 - Not Secured memory - MPCBB4 is applicable
2025-08-16 13:42:34,437 [INFO] Rule:233 - rule 117617 - U5Cobra4M][GTZC] default value MPCBB3 and MPCBB5 - Secured memory - MPCBB1 is applicable
2025-08-16 13:42:34,437 [INFO] Rule:233 - rule 117617 - U5Cobra4M][GTZC] default value MPCBB3 and MPCBB5 - Secured memory - MPCBB2 is applicable
2025-08-16 13:42:34,437 [INFO] Rule:233 - rule 117617 - U5Cobra4M][GTZC] default value MPCBB3 and MPCBB5 - Secured memory - MPCBB3 is applicable
2025-08-16 13:42:34,437 [INFO] Rule:233 - rule 117617 - U5Cobra4M][GTZC] default value MPCBB3 and MPCBB5 - Secured memory - MPCBB4 is applicable
2025-08-16 13:42:34,437 [INFO] Rule:233 - rule 117617 - U5Cobra4M][GTZC] default value MPCBB3 and MPCBB5 - Privileged memory - MPCBB1 is applicable
2025-08-16 13:42:34,437 [INFO] Rule:233 - rule 117617 - U5Cobra4M][GTZC] default value MPCBB3 and MPCBB5 - Privileged memory - MPCBB2 is applicable
2025-08-16 13:42:34,437 [INFO] Rule:233 - rule 117617 - U5Cobra4M][GTZC] default value MPCBB3 and MPCBB5 - Privileged memory - MPCBB3 is applicable
2025-08-16 13:42:34,437 [INFO] Rule:233 - rule 117617 - U5Cobra4M][GTZC] default value MPCBB3 and MPCBB5 - Privileged memory - MPCBB4 is applicable
2025-08-16 13:42:34,437 [INFO] Rule:233 - rule 117617 - U5Cobra4M][GTZC] default value MPCBB3 and MPCBB5 - Not Privileged memory - MPCBB1 is applicable
2025-08-16 13:42:34,437 [INFO] Rule:233 - rule 117617 - U5Cobra4M][GTZC] default value MPCBB3 and MPCBB5 - Not Privileged memory - MPCBB2 is applicable
2025-08-16 13:42:34,437 [INFO] Rule:233 - rule 117617 - U5Cobra4M][GTZC] default value MPCBB3 and MPCBB5 - Not Privileged memory - MPCBB3 is applicable
2025-08-16 13:42:34,437 [INFO] Rule:233 - rule 117617 - U5Cobra4M][GTZC] default value MPCBB3 and MPCBB5 - Not Privileged memory - MPCBB4 is applicable
2025-08-16 13:42:34,437 [INFO] Rule:233 - rule 117617 - U5Cobra4M][GTZC] default value MPCBB3 and MPCBB5 - Privileged memory - MPCBB1 is applicable
2025-08-16 13:42:34,437 [INFO] Rule:233 - rule 117617 - U5Cobra4M][GTZC] default value MPCBB3 and MPCBB5 - Privileged memory - MPCBB2 is applicable
2025-08-16 13:42:34,437 [INFO] Rule:233 - rule 117617 - U5Cobra4M][GTZC] default value MPCBB3 and MPCBB5 - Privileged memory - MPCBB3 is applicable
2025-08-16 13:42:34,437 [INFO] Rule:233 - rule 117617 - U5Cobra4M][GTZC] default value MPCBB3 and MPCBB5 - Privileged memory - MPCBB4 is applicable
2025-08-16 13:42:34,437 [INFO] Rule:233 - rule 117617 - U5Cobra4M][GTZC] default value MPCBB3 and MPCBB5 - Privileged memory - MPCBB1 is applicable
2025-08-16 13:42:34,437 [INFO] Rule:233 - rule 117617 - U5Cobra4M][GTZC] default value MPCBB3 and MPCBB5 - Privileged memory - MPCBB2 is applicable
2025-08-16 13:42:34,437 [INFO] Rule:233 - rule 117617 - U5Cobra4M][GTZC] default value MPCBB3 and MPCBB5 - Privileged memory - MPCBB3 is applicable
2025-08-16 13:42:34,437 [INFO] Rule:233 - rule 117617 - U5Cobra4M][GTZC] default value MPCBB3 and MPCBB5 - Privileged memory - MPCBB4 is applicable
2025-08-16 13:42:34,437 [INFO] Rule:233 - rule 117617 - U5Cobra4M][GTZC] default value MPCBB3 and MPCBB5 - Not Privileged memory - MPCBB1 is applicable
2025-08-16 13:42:34,437 [INFO] Rule:233 - rule 117617 - U5Cobra4M][GTZC] default value MPCBB3 and MPCBB5 - Not Privileged memory - MPCBB2 is applicable
2025-08-16 13:42:34,437 [INFO] Rule:233 - rule 117617 - U5Cobra4M][GTZC] default value MPCBB3 and MPCBB5 - Not Privileged memory - MPCBB3 is applicable
2025-08-16 13:42:34,437 [INFO] Rule:233 - rule 117617 - U5Cobra4M][GTZC] default value MPCBB3 and MPCBB5 - Not Privileged memory - MPCBB4 is applicable
2025-08-16 13:42:34,437 [INFO] Rule:233 - rule 117617 - U5Cobra4M][GTZC] default value MPCBB3 and MPCBB5 - Privileged memory - MPCBB1 is applicable
2025-08-16 13:42:34,437 [INFO] Rule:233 - rule 117617 - U5Cobra4M][GTZC] default value MPCBB3 and MPCBB5 - Privileged memory - MPCBB2 is applicable
2025-08-16 13:42:34,437 [INFO] Rule:233 - rule 117617 - U5Cobra4M][GTZC] default value MPCBB3 and MPCBB5 - Privileged memory - MPCBB3 is applicable
2025-08-16 13:42:34,437 [INFO] Rule:233 - rule 117617 - U5Cobra4M][GTZC] default value MPCBB3 and MPCBB5 - Privileged memory - MPCBB4 is applicable
2025-08-16 13:42:34,437 [INFO] Rule:233 - rule Rename SubGHz_Phy SUBGHZ_APPLICATION SUBGHZ_PINGPONG to SUBGHZ_ADV_APPLICATION is applicable
2025-08-16 13:42:34,437 [INFO] Rule:233 - rule Rename Enabled to IBEACON is applicable
2025-08-16 13:42:34,437 [INFO] Rule:233 - rule GTZC_S instance for project manager is applicable
2025-08-16 13:42:34,437 [INFO] Rule:233 - rule GTZC_S instance for context M33S is applicable
2025-08-16 13:42:34,437 [INFO] Rule:233 - rule GTZC_S instance value for IP GTZC is applicable
2025-08-16 13:42:34,437 [INFO] Rule:233 - rule GTZC_S instance for mcu.IP is applicable
2025-08-16 13:42:34,437 [INFO] Rule:233 - rule GTZC_S instance for VP is applicable
2025-08-16 13:42:34,437 [INFO] Rule:233 - rule GTZC_S instance for signal is applicable
2025-08-16 13:42:34,438 [INFO] Rule:233 - rule GTZC_S instance for mcu.Pin is applicable
2025-08-16 13:42:34,438 [INFO] Rule:233 - rule GTZC_S instance for VP is applicable
2025-08-16 13:42:34,438 [INFO] Rule:233 - rule GTZC_S instance for signal is applicable
2025-08-16 13:42:34,438 [INFO] Rule:233 - rule GTZC_S instance for mcu is applicable
2025-08-16 13:42:34,438 [INFO] Rule:233 - rule GTZC_S instance for mcu.Pin is applicable
2025-08-16 13:42:34,438 [INFO] Rule:233 - rule GTZC_S instance value for IP GTZC is applicable
2025-08-16 13:42:34,438 [INFO] Rule:233 - rule GTZC_S instance for project manager is applicable
2025-08-16 13:42:34,438 [INFO] Rule:233 - rule GTZC_S instance for context M33S is applicable
2025-08-16 13:42:34,438 [INFO] Rule:233 - rule GTZC_S instance for VP is applicable
2025-08-16 13:42:34,438 [INFO] Rule:233 - rule GTZC_S instance for signal is applicable
2025-08-16 13:42:34,438 [INFO] Rule:233 - rule SPDIFRX instance for mcu is applicable
2025-08-16 13:42:34,438 [INFO] Rule:233 - rule Rename Tracer Mode is applicable
2025-08-16 13:42:34,438 [INFO] Rule:233 - rule SPDIFRX instance value for IP SPDIFRX is applicable
2025-08-16 13:42:34,438 [INFO] Rule:233 - rule SPDIFRX instance for signal is applicable
2025-08-16 13:42:34,438 [INFO] Rule:233 - rule SPDIFRX instance for project manager is applicable
2025-08-16 13:42:34,438 [INFO] Rule:233 - rule SPDIFRX instance for project manager is applicable
2025-08-16 13:42:34,438 [INFO] Rule:233 - rule ADC Scan  fix with FW F7 is applicable
2025-08-16 13:42:34,438 [INFO] Rule:233 - rule ADC Scan  fix with FW F7 is applicable
2025-08-16 13:42:34,439 [INFO] Rule:233 - rule WakeUp0 Mode is applicable
2025-08-16 13:42:34,439 [INFO] Rule:233 - rule WakeUp0 SIGNAL is applicable
2025-08-16 13:42:34,439 [INFO] Rule:233 - rule WakeUp1 Mode is applicable
2025-08-16 13:42:34,439 [INFO] Rule:233 - rule WakeUp1 SIGNAL is applicable
2025-08-16 13:42:34,439 [INFO] Rule:233 - rule WakeUp2 Mode is applicable
2025-08-16 13:42:34,439 [INFO] Rule:233 - rule WakeUp2 SIGNAL is applicable
2025-08-16 13:42:34,439 [INFO] Rule:233 - rule WakeUp4 Mode is applicable
2025-08-16 13:42:34,439 [INFO] Rule:233 - rule WakeUp4 SIGNAL is applicable
2025-08-16 13:42:34,439 [INFO] Rule:233 - rule WakeUp5 Mode is applicable
2025-08-16 13:42:34,439 [INFO] Rule:233 - rule WakeUp5 SIGNAL is applicable
2025-08-16 13:42:34,439 [INFO] Rule:233 - rule Add RTC Activate Clock Source is applicable
2025-08-16 13:42:34,439 [INFO] Rule:233 - rule Add RTC Activate Calendar 1 is applicable
2025-08-16 13:42:34,439 [INFO] Rule:233 - rule Add RTC Activate Calendar 2 is applicable
2025-08-16 13:42:34,439 [INFO] Rule:233 - rule Add RTC Activate Calendar 3 is applicable
2025-08-16 13:42:34,439 [INFO] Rule:233 - rule UART/USART TX Mode is applicable
2025-08-16 13:42:34,439 [INFO] Rule:233 - rule UART/USART RX Mode is applicable
2025-08-16 13:42:34,439 [INFO] Rule:233 - rule UART/USART RX TX Mode is applicable
2025-08-16 13:42:34,439 [INFO] Rule:233 - rule UART/USART PARITY NONE is applicable
2025-08-16 13:42:34,439 [INFO] Rule:233 - rule UART/USART PARITY EVEN is applicable
2025-08-16 13:42:34,439 [INFO] Rule:233 - rule UART/USART PARITY ODD is applicable
2025-08-16 13:42:34,439 [INFO] Rule:233 - rule USART StopBits 1 is applicable
2025-08-16 13:42:34,439 [INFO] Rule:233 - rule USART StopBits 2 is applicable
2025-08-16 13:42:34,439 [INFO] Rule:233 - rule USART StopBits 1.5 is applicable
2025-08-16 13:42:34,439 [INFO] Rule:233 - rule USART StopBits 0.5 is applicable
2025-08-16 13:42:34,439 [INFO] Rule:233 - rule UART/USART WORD LENGTH 7 is applicable
2025-08-16 13:42:34,439 [INFO] Rule:233 - rule UART/USART WORD LENGTH 8 is applicable
2025-08-16 13:42:34,439 [INFO] Rule:233 - rule UART/USART WORD LENGTH 9 is applicable
2025-08-16 13:42:34,439 [INFO] Rule:233 - rule Rename FMC NAND NCE signal is applicable
2025-08-16 13:42:34,439 [INFO] Rule:233 - rule Rename FMC NAND INT signal is applicable
2025-08-16 13:42:34,439 [INFO] Rule:233 - rule Change Default Value for LSE Drive Capability for WB family is applicable
2025-08-16 13:42:34,439 [INFO] Rule:233 - rule Change Default Value for ADC Clock Prescaler G0 family is applicable
2025-08-16 13:42:34,439 [INFO] Rule:233 - rule Change Default Value for ADC ExternalTrigConv L4 family is applicable
2025-08-16 13:42:34,440 [INFO] Rule:233 - rule Change Default Value for ADC ExternalTrigInjecConv L4 family is applicable
2025-08-16 13:42:34,440 [INFO] Rule:233 - rule Change Default Value for ADC ExternalTrigConv F3 family is applicable
2025-08-16 13:42:34,440 [INFO] Rule:233 - rule Change Default Value for ADC ExternalTrigInjecConv F3 family is applicable
2025-08-16 13:42:34,440 [INFO] Rule:233 - rule Change Default Value for ADC ExternalTrigConv Goldfish serie is applicable
2025-08-16 13:42:34,440 [INFO] Rule:233 - rule Change Default Value for ADC ExternalTrigInjecConv Goldfish serie is applicable
2025-08-16 13:42:34,440 [INFO] Rule:233 - rule Change Default Value for ADC ExternalTrigConv L0 family is applicable
2025-08-16 13:42:34,440 [INFO] Rule:233 - rule Change Default Value for ADC ExternalTrigConv F0 family is applicable
2025-08-16 13:42:34,440 [INFO] Rule:233 - rule Change Default Value for ADC ExternalTrigConvn L1 family is applicable
2025-08-16 13:42:34,440 [INFO] Rule:233 - rule Change Default Value for ADC ExternalTrigInjecConv L1 family is applicable
2025-08-16 13:42:34,440 [INFO] Rule:233 - rule Change Default Value for ADC ExternalTrigConv F1 family is applicable
2025-08-16 13:42:34,440 [INFO] Rule:233 - rule Change Default Value for ADC ExternalTrigInjecConv F1 family is applicable
2025-08-16 13:42:34,440 [INFO] Rule:233 - rule Change Default Value for ADC ExternalTrigConv F7 family is applicable
2025-08-16 13:42:34,440 [INFO] Rule:233 - rule Change Default Value for ADC ExternalTrigInjecConv F7 family is applicable
2025-08-16 13:42:34,440 [INFO] Rule:233 - rule Change Default Value for ADC ExternalTrigConv F4 and F2 family is applicable
2025-08-16 13:42:34,440 [INFO] Rule:233 - rule Change Default Value for ADC ExternalTrigInjecConv F4 and F2 family is applicable
2025-08-16 13:42:34,440 [INFO] Rule:233 - rule ADC SamplingTime fix with FW L0  is applicable
2025-08-16 13:42:34,440 [INFO] Rule:233 - rule ADC SamplingTime fix with FW L0  is applicable
2025-08-16 13:42:34,440 [INFO] Rule:233 - rule ADC SamplingTime fix with FW L0 is applicable
2025-08-16 13:42:34,440 [INFO] Rule:233 - rule ADC SamplingTime fix with FW L0 is applicable
2025-08-16 13:42:34,440 [INFO] Rule:233 - rule ADC SamplingTime fix with FW L0  is applicable
2025-08-16 13:42:34,440 [INFO] Rule:233 - rule ADC SamplingTime fix with FW L0 is applicable
2025-08-16 13:42:34,441 [INFO] Rule:233 - rule Rename USB_OE Signal is applicable
2025-08-16 13:42:34,441 [INFO] Rule:233 - rule Rename Activate_OE Mode is applicable
2025-08-16 13:42:34,441 [INFO] Rule:233 - rule Rename DIE462/DIE415 pin PC14/OSC32_IN -> PC14-OSC32_IN (PC14) is applicable
2025-08-16 13:42:34,441 [INFO] Rule:233 - rule Rename DIE462/DIE415 pin PC15/OSC32_OUT -> PC15-OSC32_OUT (PC15) is applicable
2025-08-16 13:42:34,441 [INFO] Rule:233 - rule Rename DIE462/DIE415 pin PH0/OSC_IN -> PH0-OSC_IN (PH0) is applicable
2025-08-16 13:42:34,441 [INFO] Rule:233 - rule Rename DIE462/DIE415 pin PH1/OSC_OUT -> PH1-OSC_OUT (PH1) is applicable
2025-08-16 13:42:34,441 [INFO] Rule:233 - rule Rename DIE462 pin PA13 -> PA13 (JTMS/SWDIO) is applicable
2025-08-16 13:42:34,441 [INFO] Rule:233 - rule Rename DIE415 pin PA13 -> PA13 (JTMS/SWDIO) is applicable
2025-08-16 13:42:34,441 [INFO] Rule:233 - rule Rename DIE462 pin PA14 -> PA14 (JTCK/SWCLK) is applicable
2025-08-16 13:42:34,441 [INFO] Rule:233 - rule Rename DIE415 pin PA14 -> PA14 (JTCK/SWCLK) is applicable
2025-08-16 13:42:34,441 [INFO] Rule:233 - rule Rename DIE462/DIE415 pin PA15 -> PA15 (JTDI) is applicable
2025-08-16 13:42:34,441 [INFO] Rule:233 - rule Rename DIE462 pin PB3 -> PB3 (JTD0/TRACESWO) is applicable
2025-08-16 13:42:34,441 [INFO] Rule:233 - rule Rename DIE415 pin PB3 -> PB3 (JTD0-TRACESWO) is applicable
2025-08-16 13:42:34,441 [INFO] Rule:233 - rule Rename DIE462/DIE415 pin PB4 -> PB4 (NJTRST) is applicable
2025-08-16 13:42:34,441 [INFO] Rule:233 - rule Rename DIE462 pin PH3/BOOT0 -> PH3-BOOT0 (BOOT0) is applicable
2025-08-16 13:42:34,441 [INFO] Rule:233 - rule Rename CRYP DataEncryptionTypesList to Algorithm is applicable
2025-08-16 13:42:34,441 [INFO] Rule:233 - rule Rename AES DataEncryptionTypesList to Algorithm is applicable
2025-08-16 13:42:34,441 [INFO] Rule:233 - rule Rename TDESECB to CRYP_TDES_ECB is applicable
2025-08-16 13:42:34,441 [INFO] Rule:233 - rule Rename TDESCBC to CRYP_TDES_CBC is applicable
2025-08-16 13:42:34,441 [INFO] Rule:233 - rule Rename DESECB to CRYP_DES_ECB is applicable
2025-08-16 13:42:34,441 [INFO] Rule:233 - rule Rename DESCBC to CRYP_DES_CBC is applicable
2025-08-16 13:42:34,441 [INFO] Rule:233 - rule Rename AESECB to CRYP_AES_ECB is applicable
2025-08-16 13:42:34,441 [INFO] Rule:233 - rule Rename AESCBC to CRYP_AES_CBC is applicable
2025-08-16 13:42:34,441 [INFO] Rule:233 - rule Rename AESCTR to CRYP_AES_CTR is applicable
2025-08-16 13:42:34,441 [INFO] Rule:233 - rule Rename AESGCM to CRYP_AES_GCM is applicable
2025-08-16 13:42:34,441 [INFO] Rule:233 - rule Rename AESCCM to CRYP_AES_CCM is applicable
2025-08-16 13:42:34,441 [INFO] Rule:233 - rule Rename CAN TimeSeg1 to BS1 is applicable
2025-08-16 13:42:34,441 [INFO] Rule:233 - rule Rename CAN TimeSeg2 to BS2 is applicable
2025-08-16 13:42:34,441 [INFO] Rule:233 - rule Rename CAN SyncJumpWidth to SJW is applicable
2025-08-16 13:42:34,441 [INFO] Rule:233 - rule TimeTriggeredMode to TTCM is applicable
2025-08-16 13:42:34,441 [INFO] Rule:233 - rule Rename CAN AutoBusOff to ABOM is applicable
2025-08-16 13:42:34,441 [INFO] Rule:233 - rule Rename CAN AutoWakeUp to AWUM is applicable
2025-08-16 13:42:34,441 [INFO] Rule:233 - rule Rename CAN AutoRetransmission to NART is applicable
2025-08-16 13:42:34,442 [INFO] Rule:233 - rule Rename CAN ReceiveFifoLocked to RFLM is applicable
2025-08-16 13:42:34,442 [INFO] Rule:233 - rule Rename CAN TransmitFifoPriority to TXFP is applicable
2025-08-16 13:42:34,442 [INFO] Rule:233 - rule Rename HRTIMER HRTIM_OUTPUTFAULTLEVEL_HIGH in HRTIMER HRTIM_OUTPUTFAULTLEVEL_HIGHZ is applicable
2025-08-16 13:42:34,442 [INFO] Rule:233 - rule Rename TIMER TIM_CLEARINPUTSOURCE_OCREFCLR in  TIMER TIM_CLEARINPUTSOURCE_NONE for F7 family is applicable
2025-08-16 13:42:34,442 [INFO] Rule:233 - rule FDCAN_R1 - Rename FDCAN mode Master into Classic is applicable
2025-08-16 13:42:34,442 [INFO] Rule:233 - rule FDCAN_R2 - Rename FDCAN mode Slave into Classic is applicable
2025-08-16 13:42:34,442 [INFO] Rule:233 - rule FDCAN1_R3 - if PA10.Mode=FullDuplex, add Pin PA12 is applicable
2025-08-16 13:42:34,442 [INFO] Rule:233 - rule FDCAN1_R3 - if PA9.Mode=FullDuplex, add Pin PA11 is applicable
2025-08-16 13:42:34,442 [INFO] Rule:233 - rule FDCAN1_R3 - Alternatepin_1 - if PE1.Mode=FullDuplex, add Pin PB9 is applicable
2025-08-16 13:42:34,442 [INFO] Rule:233 - rule FDCAN1_R3 - Alternatepin_1 - if PE0.Mode=FullDuplex, add Pin PB8 is applicable
2025-08-16 13:42:34,442 [INFO] Rule:233 - rule FDCAN1_R3 - Alternatepin_2 - if PD5.Mode=FullDuplex, add Pin PD1 is applicable
2025-08-16 13:42:34,442 [INFO] Rule:233 - rule FDCAN1_R3 - Alternatepin_2 - if PD4.Mode=FullDuplex, add Pin PD0 is applicable
2025-08-16 13:42:34,442 [INFO] Rule:233 - rule FDCAN1_R4 - Rename Mode FullDuplex into Enable FDCAN_TXFD for pin PA10 is applicable
2025-08-16 13:42:34,442 [INFO] Rule:233 - rule FDCAN1_R4 - Rename Mode FullDuplex into Enable FDCAN_TXFD for pin PA9 is applicable
2025-08-16 13:42:34,442 [INFO] Rule:233 - rule FDCAN1_R4 - Alternatepin_1 - Rename Mode FullDuplex into Enable FDCAN_TXFD for pin PE1 is applicable
2025-08-16 13:42:34,442 [INFO] Rule:233 - rule FDCAN1_R4 - Alternatepin_1 - Rename Mode FullDuplex into Enable FDCAN_TXFD for pin PE0 is applicable
2025-08-16 13:42:34,442 [INFO] Rule:233 - rule FDCAN1_R4 - Alternatepin_2 - Rename Mode FullDuplex into Enable FDCAN_TXFD for pin PD5 is applicable
2025-08-16 13:42:34,442 [INFO] Rule:233 - rule FDCAN1_R4 - Alternatepin_2 - Rename Mode FullDuplex into Enable FDCAN_TXFD for pin PD4 is applicable
2025-08-16 13:42:34,442 [INFO] Rule:233 - rule FDCAN2_R3 - if PD10.Mode=FullDuplex, add Pin PB13 is applicable
2025-08-16 13:42:34,442 [INFO] Rule:233 - rule FDCAN2_R3 - if PD9.Mode=FullDuplex, add Pin PB12 is applicable
2025-08-16 13:42:34,442 [INFO] Rule:233 - rule FDCAN2_R3 - Alternatepin_1 - if PB7.Mode=FullDuplex, add Pin PB6 is applicable
2025-08-16 13:42:34,442 [INFO] Rule:233 - rule FDCAN2_R3 - Alternatepin_1 - if PD9.Mode=FullDuplex, add Pin PB12 is applicable
2025-08-16 13:42:34,442 [INFO] Rule:233 - rule FDCAN2_R4 - Rename Mode FullDuplex into Enable FDCAN_TXFD for pin PD10 is applicable
2025-08-16 13:42:34,442 [INFO] Rule:233 - rule FDCAN2_R4 - Rename Mode FullDuplex into Enable FDCAN_TXFD for pin PD9 is applicable
2025-08-16 13:42:34,442 [INFO] Rule:233 - rule FDCAN2_R4 - Alternatepin_1 - Rename Mode FullDuplex into Enable FDCAN_TXFD for pin PB7 is applicable
2025-08-16 13:42:34,442 [INFO] Rule:233 - rule FDCAN2_R4 - Alternatepin_1 - Rename Mode FullDuplex into Enable FDCAN_TXFD for pin PD6 is applicable
2025-08-16 13:42:34,442 [INFO] Rule:233 - rule USART TxPinLevelInvertParam Mode is applicable
2025-08-16 13:42:34,442 [INFO] Rule:233 - rule USART RxPinLevelInvertParam Mode is applicable
2025-08-16 13:42:34,442 [INFO] Rule:233 - rule USART DataInvertParam Mode is applicable
2025-08-16 13:42:34,442 [INFO] Rule:233 - rule USART SwapParam Mode is applicable
2025-08-16 13:42:34,442 [INFO] Rule:233 - rule USART OverrunDisableParam Mode is applicable
2025-08-16 13:42:34,442 [INFO] Rule:233 - rule USART DMADisableonRxErrorParam Mode is applicable
2025-08-16 13:42:34,442 [INFO] Rule:233 - rule USART MSBFirstParam Mode is applicable
2025-08-16 13:42:34,442 [INFO] Rule:233 - rule Update MwName for USB_DEVICE is applicable
2025-08-16 13:42:34,442 [INFO] Rule:233 - rule Change PWR_Regulator_Voltage_Scale Default Value for RCC  H7 family is applicable
2025-08-16 13:42:34,442 [INFO] Rule:233 - rule UART/USART IPParameter rename Prescaler parameter to ClockPrescaler is applicable
2025-08-16 13:42:34,442 [INFO] Rule:233 - rule UART/USART Prescaler rename Prescaler parameter to ClockPrescaler is applicable
2025-08-16 13:42:34,442 [INFO] Rule:233 - rule TIM1CLockSelection is applicable
2025-08-16 13:42:34,442 [INFO] Rule:233 - rule TIM15CLockSelection is applicable
2025-08-16 13:42:34,443 [INFO] Rule:233 - rule align RCC SDMMC3CLockSelection default value on MP1 is applicable
2025-08-16 13:42:34,443 [INFO] Rule:233 - rule align RCC SDMMC12CLockSelection default value on MP1 is applicable
2025-08-16 13:42:34,443 [INFO] Rule:233 - rule align RCC QSPICLockSelection default value on MP1 is applicable
2025-08-16 13:42:34,443 [INFO] Rule:233 - rule align RCC QSPICLockSelection default value on MP1 is applicable
2025-08-16 13:42:34,443 [INFO] Rule:233 - rule align RCC SPI6CLockSelection default value on MP1 is applicable
2025-08-16 13:42:34,443 [INFO] Rule:233 - rule align RCC LPTIM23CLockSelection default value on MP1 is applicable
2025-08-16 13:42:34,443 [INFO] Rule:233 - rule align RCC LPTIM1CLockSelection default value on MP1 is applicable
2025-08-16 13:42:34,443 [INFO] Rule:233 - rule align RCC USART1CLockSelection default value on MP1 is applicable
2025-08-16 13:42:34,443 [INFO] Rule:233 - rule align RCC USART24CLockSelection default value on MP1 is applicable
2025-08-16 13:42:34,443 [INFO] Rule:233 - rule align RCC USART6CLockSelection default value on MP1 is applicable
2025-08-16 13:42:34,443 [INFO] Rule:233 - rule align RCC UART78CLockSelection default value on MP1 is applicable
2025-08-16 13:42:34,443 [INFO] Rule:233 - rule align RCC USART35CLockSelection default value on MP1 is applicable
2025-08-16 13:42:34,443 [INFO] Rule:233 - rule align RCC SPI45CLockSelection default value on MP1 is applicable
2025-08-16 13:42:34,443 [INFO] Rule:233 - rule align RCC I2C46CLockSelection BCLK value on MP1 is applicable
2025-08-16 13:42:34,443 [INFO] Rule:233 - rule align RCC SPI45CLockSelection default value on MP1 is applicable
2025-08-16 13:42:34,443 [INFO] Rule:233 - rule align RCC I2C12CLockSelection default value on MP1 is applicable
2025-08-16 13:42:34,443 [INFO] Rule:233 - rule align RCC I2C35CLockSelection default value on MP1 is applicable
2025-08-16 13:42:34,443 [INFO] Rule:233 - rule align RCC LPTIM45CLockSelection default value on MP1 is applicable
2025-08-16 13:42:34,443 [INFO] Rule:233 - rule Rename DCMI PIXCK signal is applicable
2025-08-16 13:42:34,443 [INFO] Rule:233 - rule Change Default Value for I2C46CLockSelection MP1 family is applicable
2025-08-16 13:42:34,443 [INFO] Rule:233 - rule Change Default Value for UART for G4, G0 and WB families is applicable
2025-08-16 13:42:34,443 [INFO] Rule:233 - rule Change Default Value for USART for G4, G0 and WB families is applicable
2025-08-16 13:42:34,443 [INFO] Rule:233 - rule Change Default Value for USART for G4 family is applicable
2025-08-16 13:42:34,443 [INFO] Rule:233 - rule Change USART1CLockSelection refparam name for MP1 is applicable
2025-08-16 13:42:34,443 [INFO] Rule:233 - rule Change USART2CLockSelection refparam name for MP1 is applicable
2025-08-16 13:42:34,443 [INFO] Rule:233 - rule Change USART3CLockSelection refparam name for MP1 is applicable
2025-08-16 13:42:34,443 [INFO] Rule:233 - rule Change UART4CLockSelection refparam name for MP1 is applicable
2025-08-16 13:42:34,443 [INFO] Rule:233 - rule Change UART5CLockSelection refparam name for MP1 is applicable
2025-08-16 13:42:34,443 [INFO] Rule:233 - rule Change LPUART1CLockSelection refparam name for MP1 is applicable
2025-08-16 13:42:34,443 [INFO] Rule:233 - rule Change LPTIM1CLockSelection refparam name for MP1 is applicable
2025-08-16 13:42:34,443 [INFO] Rule:233 - rule Change LPTIM2CLockSelection refparam name for MP1 is applicable
2025-08-16 13:42:34,443 [INFO] Rule:233 - rule Change RCC_MCO1Source refparam name for MP1 is applicable
2025-08-16 13:42:34,443 [INFO] Rule:233 - rule Change LSCOSource1 refparam name for MP1 is applicable
2025-08-16 13:42:34,443 [INFO] Rule:233 - rule Change SMPSCLockSelection refparam name for MP1 is applicable
2025-08-16 13:42:34,443 [INFO] Rule:233 - rule Change LPTIM3CLockSelection refparam name for MP1 is applicable
2025-08-16 13:42:34,443 [INFO] Rule:233 - rule Change MPCBB* Default Template Mode to Parameters is applicable
2025-08-16 13:42:34,443 [INFO] Rule:233 - rule Change MPCWM* or MPCBB* Secure Mode to Parameters is applicable
2025-08-16 13:42:34,443 [INFO] Rule:233 - rule Change MPCWM* or MPCBB* No Secure Mode to Parameters is applicable
2025-08-16 13:42:34,444 [INFO] Rule:233 - rule Change TZSC IP Secure Mode to Parameters is applicable
2025-08-16 13:42:34,444 [INFO] Rule:233 - rule Change TZSC IP No Secure Mode to Parameters is applicable
2025-08-16 13:42:34,444 [INFO] Rule:233 - rule Change TZSC IP Privilege Mode to Parameters is applicable
2025-08-16 13:42:34,444 [INFO] Rule:233 - rule Change TZSC IP No Privilege Mode to Parameters is applicable
2025-08-16 13:42:34,444 [INFO] Rule:233 - rule Change TZIC IT Secure Mode to Parameters is applicable
2025-08-16 13:42:34,444 [INFO] Rule:233 - rule Change TZIC IT No Secure Mode to Parameters is applicable
2025-08-16 13:42:34,444 [INFO] Rule:233 - rule Add MPCBB1_NonSecureArea_Start_Address value with referenced to MPCBB1_NonSecureArea_Start value is applicable
2025-08-16 13:42:34,444 [INFO] Rule:233 - rule Add MPCBB2_NonSecureArea_Start_Address value with referenced to MPCBB2_NonSecureArea_Start value is applicable
2025-08-16 13:42:34,444 [INFO] Rule:233 - rule Add MPCWM1_NonSecureArea*_Start_Address value with referenced to MPCWM1_NonSecureArea*_Start value is applicable
2025-08-16 13:42:34,444 [INFO] Rule:233 - rule Add MPCWM2_NonSecureArea*_Start_Address value with referenced to MPCWM2_NonSecureArea*_Start value is applicable
2025-08-16 13:42:34,444 [INFO] Rule:233 - rule Add MPCWM3_NonSecureArea_Start_Address value with referenced to MPCWM3_NonSecureArea_Start value is applicable
2025-08-16 13:42:34,444 [INFO] Rule:233 - rule Change Default Value for PLL1UserDefinedConfig is applicable
2025-08-16 13:42:34,444 [INFO] Rule:233 - rule Change GPIO_PuPd Default Value for USART in async mode is applicable
2025-08-16 13:42:34,444 [INFO] Rule:233 - rule Change SMPSDivider Default Value is applicable
2025-08-16 13:42:34,444 [INFO] Rule:233 - rule OPAMP is applicable
2025-08-16 13:42:34,444 [INFO] Rule:233 - rule LPUART IPParameter rename Prescaler parameter to ClockPrescaler for STM32H7 is applicable
2025-08-16 13:42:34,444 [INFO] Rule:233 - rule LPUART IPParameter rename Prescaler parameter to ClockPrescaler for STM32H7 is applicable
2025-08-16 13:42:34,444 [INFO] Rule:233 - rule LPUART IPParameter rename Prescaler parameter to ClockPrescaler for STM32WB is applicable
2025-08-16 13:42:34,444 [INFO] Rule:233 - rule LPUART IPParameter rename Prescaler parameter to ClockPrescaler for STM32WB is applicable
2025-08-16 13:42:34,444 [INFO] Rule:233 - rule LPUART IPParameter rename Prescaler parameter to ClockPrescaler for STM32G4 is applicable
2025-08-16 13:42:34,444 [INFO] Rule:233 - rule LPUART IPParameter rename Prescaler parameter to ClockPrescaler for STM32G4 is applicable
2025-08-16 13:42:34,444 [INFO] Rule:233 - rule LPUART IPParameter rename Prescaler parameter to ClockPrescaler for STM32L5 is applicable
2025-08-16 13:42:34,444 [INFO] Rule:233 - rule LPUART IPParameter rename Prescaler parameter to ClockPrescaler for STM32L5 is applicable
2025-08-16 13:42:34,444 [INFO] Rule:233 - rule LPUART IPParameter rename Prescaler parameter to ClockPrescaler for STM32G4 is applicable
2025-08-16 13:42:34,444 [INFO] Rule:233 - rule LPUART IPParameter rename Prescaler parameter to ClockPrescaler for STM32G4 is applicable
2025-08-16 13:42:34,444 [INFO] Rule:233 - rule USB device lib V2.5.3 for L0 rename USBD_SUPPORT_USER_STRING parameter to USBD_SUPPORT_USER_STRING_DESC4 is applicable
2025-08-16 13:42:34,444 [INFO] Rule:233 - rule I2SCLockSelection clock entry align is applicable
2025-08-16 13:42:34,444 [INFO] Rule:233 - rule Assign TIMx context if used as SYS timebase is applicable
2025-08-16 13:42:34,444 [INFO] Rule:233 - rule Change GPIO_Pu Default Value for I2C is applicable
2025-08-16 13:42:34,444 [INFO] Rule:233 - rule Change GPIO_Pu Default Value for SMBus is applicable
2025-08-16 13:42:34,444 [INFO] Rule:233 - rule change FDCAN default value is applicable
2025-08-16 13:42:34,444 [INFO] Rule:233 - rule Change mode sai is applicable
2025-08-16 13:42:34,444 [INFO] Rule:233 - rule **Change sai mode is applicable
2025-08-16 13:42:34,444 [INFO] Rule:233 - rule Rename STM32WPAN CFG_BLE_IRK to CFG_BLE_IR is applicable
2025-08-16 13:42:34,444 [INFO] Rule:233 - rule Rename STM32WPAN CFG_BLE_ERK to CFG_BLE_ER is applicable
2025-08-16 13:42:34,444 [INFO] Rule:233 - rule Rename STM32WPAN CFG_BLE_IRK_HEX to CFG_BLE_IR_HEX is applicable
2025-08-16 13:42:34,444 [INFO] Rule:233 - rule Rename STM32WPAN CFG_BLE_ERK_HEX to CFG_BLE_ER_HEX is applicable
2025-08-16 13:42:34,444 [INFO] Rule:233 - rule Adapt Old IOC before rework replace old CORTEX_M33/CORTEX_M55 attributes by the new one. is applicable
2025-08-16 13:42:34,444 [INFO] Rule:233 - rule Rename parametre of RCC RCC_APBDBG_DIV2 to RCC_TIMPRES_DIV2 is applicable
2025-08-16 13:42:34,444 [INFO] Rule:233 - rule Rename DIE493 pin PA10 [PA12] -> PA10 is applicable
2025-08-16 13:42:34,444 [INFO] Rule:233 - rule Rename DIE493 pin PA9 [PA11] -> PA9 is applicable
2025-08-16 13:42:34,444 [INFO] Rule:233 - rule Rename DIE492 PartNumber CPN STM32WBA5MJGHx -> STM32WBA5MMGHx is applicable
2025-08-16 13:42:34,444 [INFO] Rule:233 - rule Rename DIE492 PartNumber  Name STM32WBA5MJGHx -> STM32WBA5MMGHx is applicable
2025-08-16 13:42:34,444 [INFO] Rule:233 - rule Rename DIE492 PartNumber UserName STM32WBA5MJGHx -> STM32WBA5MMGHx is applicable
2025-08-16 13:42:34,444 [INFO] Rule:233 - rule Rename DIE492 PartNumber DeviceId STM32WBA5MJGHx -> STM32WBA5MMGHx is applicable
2025-08-16 13:42:34,445 [INFO] Rule:233 - rule Adapt Old IOC CSI. is applicable
2025-08-16 13:42:34,445 [INFO] Rule:233 - rule Adapt Old IOC DCMIPP. is applicable
2025-08-16 13:42:34,445 [INFO] Rule:233 - rule Adapt Old IOC DCMIPP Mode Parallel. is applicable
2025-08-16 13:42:34,445 [INFO] Rule:233 - rule Adapt Old IOC LTDC. is applicable
2025-08-16 13:42:34,445 [INFO] Rule:233 - rule Rename STM32MP2 RIF Peripheral LTDC RIF.RISUP.LTDC_L0L1.Privilege -> RIF.RISUP.LTDC_L1L2.Privilege is applicable
2025-08-16 13:42:34,445 [INFO] Rule:233 - rule Rename STM32MP2 RIF Peripheral LTDC RIF.RISUP.LTDC_L0L1.Privilege -> RIF.RISUP.LTDC_L1L2.Privilege is applicable
2025-08-16 13:42:34,445 [INFO] Rule:233 - rule Rename STM32MP2 RIF Peripheral LTDC RIF.RISUP.LTDC_L0L1.Lock -> RIF.RISUP.LTDC_L1L2.Lock is applicable
2025-08-16 13:42:34,445 [INFO] Rule:233 - rule Rename STM32MP2 RIF Peripheral LTDC RIF.RISUP.LTDC_L2.Lock -> RIF.RISUP.LTDC_L3.Lock is applicable
2025-08-16 13:42:34,445 [INFO] Rule:233 - rule Adapt the old IOC example for updating the SYS when it is misconfigured. is applicable
2025-08-16 13:42:34,445 [INFO] Rule:233 - rule Rename STM32C09 Mcu.Package LQFP64 -> LQFP48 is applicable
2025-08-16 13:42:34,445 [INFO] Rule:233 - rule Adapt the old IOC example for updating the SYS when it is misconfigured. is applicable
2025-08-16 13:42:34,445 [INFO] Rule:233 - rule Adapt the old IOC example for updating the SYS when it is misconfigured. is applicable
2025-08-16 13:42:34,457 [INFO] DbConfProperties:307 - Apply Compatibility (53/282 Rules)
2025-08-16 13:42:34,470 [INFO] ImportTextPane:234 - (OptionalMessage_ERROR) Unable to find key (Mcu.ThirdPartyNb) in loaded IOC file
2025-08-16 13:42:34,473 [INFO] ImportTextPane:234 - (OptionalMessage_ERROR) Pin12 (VP_RIF_VS_RIF1) cannot be retrieved for this MCU
2025-08-16 13:42:34,556 [INFO] RtosManager:558 - Registered RTOS mode: class=CMSIS, group=RTOS, mode=CMSIS_V1, owner=FREERTOS
2025-08-16 13:42:34,556 [INFO] RtosManager:558 - Registered RTOS mode: class=CMSIS, group=RTOS2, mode=CMSIS_V2, owner=FREERTOS
2025-08-16 13:42:34,556 [INFO] RtosManager:558 - Registered RTOS mode: class=RTOS, group=Core, mode=CMSIS_V1, owner=FREERTOS
2025-08-16 13:42:34,556 [INFO] RtosManager:558 - Registered RTOS mode: class=RTOS, group=Core, mode=CMSIS_V2, owner=FREERTOS
2025-08-16 13:42:34,556 [WARN] ModelIntegratedComponent:184 - Missing modes for component STMicroelectronics:FreeRTOS:0.0.1:STMicroelectronics:RTOS:FreeRTOS:Core:::10.2.0:
2025-08-16 13:42:34,576 [WARN] ModelIntegratedComponent:63 - No mode defined for component null
2025-08-16 13:42:34,576 [WARN] ModelIntegratedComponent:63 - No mode defined for component null
2025-08-16 13:42:34,576 [WARN] ModelIntegratedComponent:63 - No mode defined for component null
2025-08-16 13:42:34,576 [WARN] ModelIntegratedComponent:63 - No mode defined for component null
2025-08-16 13:42:34,576 [WARN] ModelIntegratedComponent:63 - No mode defined for component null
2025-08-16 13:42:34,576 [WARN] ModelIntegratedComponent:63 - No mode defined for component null
2025-08-16 13:42:34,576 [WARN] ModelIntegratedComponent:63 - No mode defined for component null
2025-08-16 13:42:34,576 [WARN] ModelIntegratedComponent:63 - No mode defined for component null
2025-08-16 13:42:34,576 [WARN] ModelIntegratedComponent:63 - No mode defined for component null
2025-08-16 13:42:34,576 [WARN] ModelIntegratedComponent:63 - No mode defined for component null
2025-08-16 13:42:34,576 [WARN] ModelIntegratedComponent:63 - No mode defined for component null
2025-08-16 13:42:34,576 [WARN] ModelIntegratedComponent:63 - No mode defined for component null
2025-08-16 13:42:34,576 [WARN] ModelIntegratedComponent:63 - No mode defined for component null
2025-08-16 13:42:34,576 [WARN] ModelIntegratedComponent:63 - No mode defined for component null
2025-08-16 13:42:34,576 [WARN] ModelIntegratedComponent:63 - No mode defined for component null
2025-08-16 13:42:34,576 [WARN] ModelIntegratedComponent:63 - No mode defined for component null
2025-08-16 13:42:34,576 [WARN] ModelIntegratedComponent:63 - No mode defined for component null
2025-08-16 13:42:34,576 [WARN] ModelIntegratedComponent:63 - No mode defined for component null
2025-08-16 13:42:34,576 [WARN] ModelIntegratedComponent:63 - No mode defined for component null
2025-08-16 13:42:34,576 [WARN] ModelIntegratedComponent:63 - No mode defined for component null
2025-08-16 13:42:34,576 [WARN] ModelIntegratedComponent:63 - No mode defined for component null
2025-08-16 13:42:34,576 [WARN] ModelIntegratedComponent:63 - No mode defined for component null
2025-08-16 13:42:34,576 [WARN] ModelIntegratedComponent:63 - No mode defined for component null
2025-08-16 13:42:34,576 [WARN] ModelIntegratedComponent:63 - No mode defined for component null
2025-08-16 13:42:34,576 [WARN] ModelIntegratedComponent:63 - No mode defined for component null
2025-08-16 13:42:34,576 [WARN] ModelIntegratedComponent:63 - No mode defined for component null
2025-08-16 13:42:34,576 [WARN] ModelIntegratedComponent:63 - No mode defined for component null
2025-08-16 13:42:34,576 [WARN] ModelIntegratedComponent:63 - No mode defined for component null
2025-08-16 13:42:34,576 [WARN] ModelIntegratedComponent:63 - No mode defined for component null
2025-08-16 13:42:34,576 [WARN] ModelIntegratedComponent:63 - No mode defined for component null
2025-08-16 13:42:34,576 [WARN] ModelIntegratedComponent:63 - No mode defined for component null
2025-08-16 13:42:34,576 [WARN] ModelIntegratedComponent:63 - No mode defined for component null
2025-08-16 13:42:34,576 [WARN] ModelIntegratedComponent:63 - No mode defined for component null
2025-08-16 13:42:34,576 [WARN] ModelIntegratedComponent:63 - No mode defined for component null
2025-08-16 13:42:34,576 [WARN] ModelIntegratedComponent:63 - No mode defined for component null
2025-08-16 13:42:34,576 [WARN] ModelPack:524 - Component already loaded: STMicroelectronics:HAL Drivers:0.0.0:STMicroelectronics:Device:STMicro_Driver:XSPI:HAL::0.0.1:HAL_XSPI
2025-08-16 13:42:34,663 [INFO] ThirdPartyModel:298 - Start build external matchings
2025-08-16 13:42:34,995 [INFO] ThirdPartyModel:316 - End build external matchings
2025-08-16 13:42:35,006 [INFO] ImportTextPane:234 - (OptionalMessage_ERROR) IP (RCC) : Invalid parameter (FamilyName)
2025-08-16 13:42:35,008 [INFO] ImportTextPane:234 - (OptionalMessage_ERROR) IP (RCC) : Parameter (RNGFreq_Value) has invalid value (64000000)
2025-08-16 13:42:35,008 [INFO] ImportTextPane:234 - (OptionalMessage_ERROR) IP (RCC) : Parameter (SDMMCFreq_Value) has invalid value (64000000)
2025-08-16 13:42:35,008 [INFO] ImportTextPane:234 - (OptionalMessage_ERROR) IP (RCC) : Parameter (USBFreq_Value) has invalid value (64000000)
2025-08-16 13:42:35,311 [INFO] UtilMem:75 - End LoadConfig() Used Memory: 828086160 Bytes (1073741824)
2025-08-16 13:42:35,413 [WARN] ThirdParty:833 - waiting for thirdparty lock release [change project]
2025-08-16 13:42:35,413 [INFO] ThirdParty:835 - entering critical section [change project]
2025-08-16 13:42:35,413 [INFO] ThirdParty:1030 - CMSIS Pack Vendor :STMicroelectronics X-CUBE-PM33A1 1.0.0
2025-08-16 13:42:35,413 [INFO] ThirdParty:1030 - CMSIS Pack Vendor :STMicroelectronics USBPD 4.1
2025-08-16 13:42:35,413 [INFO] ThirdParty:1030 - CMSIS Pack Vendor :STMicroelectronics X-CUBE-NFC9 1.0.0
2025-08-16 13:42:35,413 [INFO] ThirdParty:1030 - CMSIS Pack Vendor :STMicroelectronics USB_HOST 2.0.0
2025-08-16 13:42:35,413 [INFO] ThirdParty:1030 - CMSIS Pack Vendor :STMicroelectronics FP-SNS-MOTENVWB1 1.4.0
2025-08-16 13:42:35,413 [INFO] ThirdParty:1030 - CMSIS Pack Vendor :STMicroelectronics X-CUBE-AZRTOS-F4 1.1.0
2025-08-16 13:42:35,413 [INFO] ThirdParty:1030 - CMSIS Pack Vendor :STMicroelectronics LIBJPEG 8.0.0
2025-08-16 13:42:35,413 [INFO] ThirdParty:1030 - CMSIS Pack Vendor :STMicroelectronics FP-ATR-ASTRA1 2.0.2
2025-08-16 13:42:35,413 [INFO] ThirdParty:1030 - CMSIS Pack Vendor :wolfSSL I-CUBE-wolfSSL 5.8.2
2025-08-16 13:42:35,413 [INFO] ThirdParty:1030 - CMSIS Pack Vendor :STMicroelectronics X-CUBE-BLE1 7.1.0
2025-08-16 13:42:35,413 [INFO] ThirdParty:1030 - CMSIS Pack Vendor :Avnet-IotConnect X-CUBE-IoTC-DA16k-PMOD 1.0.0
2025-08-16 13:42:35,414 [INFO] ThirdParty:1030 - CMSIS Pack Vendor :STMicroelectronics X-CUBE-SMBUS 2.1.0
2025-08-16 13:42:35,414 [INFO] ThirdParty:1030 - CMSIS Pack Vendor :wolfSSL I-CUBE-wolfMQTT 1.19.2
2025-08-16 13:42:35,414 [INFO] ThirdParty:1030 - CMSIS Pack Vendor :STMicroelectronics USB_DEVICE 3.0.0
2025-08-16 13:42:35,414 [INFO] ThirdParty:1030 - CMSIS Pack Vendor :STMicroelectronics X-CUBE-ISPU 2.1.0
2025-08-16 13:42:35,414 [INFO] ThirdParty:1030 - CMSIS Pack Vendor :STMicroelectronics X-CUBE-EEPRMA1 5.2.0
2025-08-16 13:42:35,414 [INFO] ThirdParty:1030 - CMSIS Pack Vendor :STMicroelectronics X-CUBE-BLEMGR 4.1.0
2025-08-16 13:42:35,414 [INFO] ThirdParty:1030 - CMSIS Pack Vendor :STMicroelectronics X-CUBE-AZRTOS-WB 2.0.0
2025-08-16 13:42:35,414 [INFO] ThirdParty:1030 - CMSIS Pack Vendor :STMicroelectronics X-CUBE-ST60 1.0.0
2025-08-16 13:42:35,414 [INFO] ThirdParty:1030 - CMSIS Pack Vendor :STMicroelectronics X-CUBE-GNSS1 7.0.1
2025-08-16 13:42:35,414 [INFO] ThirdParty:1030 - CMSIS Pack Vendor :STMicroelectronics X-CUBE-NFC12 1.0.0
2025-08-16 13:42:35,414 [INFO] ThirdParty:1030 - CMSIS Pack Vendor :STMicroelectronics X-CUBE-AZRTOS-F7 1.1.0
2025-08-16 13:42:35,414 [INFO] ThirdParty:1030 - CMSIS Pack Vendor :STMicroelectronics X-CUBE-AZRTOS-L5 2.0.0
2025-08-16 13:42:35,414 [INFO] ThirdParty:1030 - CMSIS Pack Vendor :STMicroelectronics X-CUBE-TOUCHGFX 4.25.0
2025-08-16 13:42:35,414 [INFO] ThirdParty:1030 - CMSIS Pack Vendor :STMicroelectronics USB_DEVICE 2.0.0
2025-08-16 13:42:35,414 [INFO] ThirdParty:1030 - CMSIS Pack Vendor :STMicroelectronics X-CUBE-NFC6 3.1.0
2025-08-16 13:42:35,414 [INFO] ThirdParty:1030 - CMSIS Pack Vendor :quantropi X-CUBE-qispace-sdk-base 2.1.0
2025-08-16 13:42:35,414 [INFO] ThirdParty:1030 - CMSIS Pack Vendor :STMicroelectronics FreeRTOS 0.0.1
2025-08-16 13:42:35,414 [INFO] ThirdParty:1030 - CMSIS Pack Vendor :STMicroelectronics X-CUBE-AZRTOS-G0 1.1.0
2025-08-16 13:42:35,414 [INFO] ThirdParty:1030 - CMSIS Pack Vendor :STMicroelectronics X-CUBE-SAFEA1 1.2.2
2025-08-16 13:42:35,414 [INFO] ThirdParty:1030 - CMSIS Pack Vendor :STMicroelectronics X-CUBE-NFC4 3.0.0
2025-08-16 13:42:35,415 [INFO] ThirdParty:1030 - CMSIS Pack Vendor :STMicroelectronics X-CUBE-SUBG2 5.0.0
2025-08-16 13:42:35,415 [INFO] ThirdParty:1030 - CMSIS Pack Vendor :STMicroelectronics X-CUBE-AZRTOS-H7RS 1.1.0
2025-08-16 13:42:35,415 [INFO] ThirdParty:1030 - CMSIS Pack Vendor :STMicroelectronics STM32_WPAN 1.0.0
2025-08-16 13:42:35,415 [INFO] ThirdParty:1030 - CMSIS Pack Vendor :EmbeddedOffice I-CUBE-FS-RTOS 1.0.1
2025-08-16 13:42:35,415 [INFO] ThirdParty:1030 - CMSIS Pack Vendor :STMicroelectronics lwIP 2.0.3
2025-08-16 13:42:35,415 [INFO] ThirdParty:1030 - CMSIS Pack Vendor :Cesanta I-CUBE-Mongoose 7.13.0
2025-08-16 13:42:35,415 [INFO] ThirdParty:1030 - CMSIS Pack Vendor :STMicroelectronics USB_HOST 1.0.0
2025-08-16 13:42:35,415 [INFO] ThirdParty:1030 - CMSIS Pack Vendor :Infineon AIROC-Wi-Fi-Bluetooth-STM32 1.7.1
2025-08-16 13:42:35,415 [INFO] ThirdParty:1030 - CMSIS Pack Vendor :STMicroelectronics X-CUBE-AZRTOS-G4 2.0.0
2025-08-16 13:42:35,415 [INFO] ThirdParty:1030 - CMSIS Pack Vendor :STMicroelectronics X-CUBE-WB05N 2.0.0
2025-08-16 13:42:35,415 [INFO] ThirdParty:1030 - CMSIS Pack Vendor :STMicroelectronics PDM2PCM 3.1.0
2025-08-16 13:42:35,415 [INFO] ThirdParty:1030 - CMSIS Pack Vendor :STMicroelectronics PDM2PCM 3.3.0
2025-08-16 13:42:35,415 [INFO] ThirdParty:1030 - CMSIS Pack Vendor :wolfSSL I-CUBE-wolfTPM 3.8.0
2025-08-16 13:42:35,415 [INFO] ThirdParty:1030 - CMSIS Pack Vendor :STMicroelectronics X-CUBE-AZRTOS-H7 3.4.0
2025-08-16 13:42:35,415 [INFO] ThirdParty:1030 - CMSIS Pack Vendor :STMicroelectronics X-CUBE-DISPLAY 3.0.0
2025-08-16 13:42:35,415 [INFO] ThirdParty:1030 - CMSIS Pack Vendor :wolfSSL I-CUBE-wolfSSH 1.4.20
2025-08-16 13:42:35,415 [INFO] ThirdParty:1030 - CMSIS Pack Vendor :STMicroelectronics X-CUBE-NFC7 2.0.0
2025-08-16 13:42:35,415 [INFO] ThirdParty:1030 - CMSIS Pack Vendor :STMicroelectronics X-CUBE-TCPP 4.2.0
2025-08-16 13:42:35,415 [INFO] ThirdParty:1030 - CMSIS Pack Vendor :RealThread X-CUBE-RT-Thread_Nano 4.1.1
2025-08-16 13:42:35,415 [INFO] ThirdParty:1030 - CMSIS Pack Vendor :STMicroelectronics FP-ATR-SIGFOX1 3.2.0
2025-08-16 13:42:35,415 [INFO] ThirdParty:1030 - CMSIS Pack Vendor :STMicroelectronics X-CUBE-NFC10 1.0.0
2025-08-16 13:42:35,415 [INFO] ThirdParty:1030 - CMSIS Pack Vendor :STMicroelectronics X-CUBE-FREERTOS 1.3.1
2025-08-16 13:42:35,415 [INFO] ThirdParty:1030 - CMSIS Pack Vendor :STMicroelectronics HAL Drivers 0.0.0
2025-08-16 13:42:35,415 [INFO] ThirdParty:1030 - CMSIS Pack Vendor :STMicroelectronics MBEDTLS 2.16.2
2025-08-16 13:42:35,415 [INFO] ThirdParty:1030 - CMSIS Pack Vendor :STMicroelectronics X-CUBE-IPS 3.1.0
2025-08-16 13:42:35,415 [INFO] ThirdParty:1030 - CMSIS Pack Vendor :STMicroelectronics X-CUBE-ALS 1.0.2
2025-08-16 13:42:35,415 [INFO] ThirdParty:1030 - CMSIS Pack Vendor :emotas I-CUBE-CANOPEN 1.3.0
2025-08-16 13:42:35,415 [INFO] ThirdParty:1030 - CMSIS Pack Vendor :STMicroelectronics MBEDTLS 2.14.1
2025-08-16 13:42:35,416 [INFO] ThirdParty:1030 - CMSIS Pack Vendor :ITTIA_DB I-CUBE-ITTIADB 8.9.0
2025-08-16 13:42:35,416 [INFO] ThirdParty:1030 - CMSIS Pack Vendor :portGmbH I-Cube-SoM-uGOAL 1.1.0
2025-08-16 13:42:35,416 [INFO] ThirdParty:1030 - CMSIS Pack Vendor :STMicroelectronics X-CUBE-ST67W61 1.0.0
2025-08-16 13:42:35,416 [INFO] ThirdParty:1030 - CMSIS Pack Vendor :STMicroelectronics FP-SNS-STBOX1 2.1.0
2025-08-16 13:42:35,416 [INFO] ThirdParty:1030 - CMSIS Pack Vendor :STMicroelectronics X-CUBE-AI 10.2.0
2025-08-16 13:42:35,416 [INFO] ThirdParty:1030 - CMSIS Pack Vendor :STMicroelectronics FP-SNS-STAIOTCFT 1.0.0
2025-08-16 13:42:35,416 [INFO] ThirdParty:1030 - CMSIS Pack Vendor :STMicroelectronics ThreadX 1.0.0
2025-08-16 13:42:35,416 [INFO] ThirdParty:1030 - CMSIS Pack Vendor :STMicroelectronics FP-SNS-SMARTAG2 1.2.0
2025-08-16 13:42:35,416 [INFO] ThirdParty:1030 - CMSIS Pack Vendor :STMicroelectronics FP-SNS-FLIGHT1 5.1.0
2025-08-16 13:42:35,416 [INFO] ThirdParty:1030 - CMSIS Pack Vendor :STMicroelectronics X-CUBE-AZRTOS-WL 2.0.0
2025-08-16 13:42:35,416 [INFO] ThirdParty:1030 - CMSIS Pack Vendor :SEGGER I-CUBE-embOS 1.3.1
2025-08-16 13:42:35,416 [INFO] ThirdParty:1030 - CMSIS Pack Vendor :STMicroelectronics X-CUBE-ALGOBUILD 1.4.0
2025-08-16 13:42:35,416 [INFO] ThirdParty:1030 - CMSIS Pack Vendor :STMicroelectronics X-CUBE-DPower 1.3.0
2025-08-16 13:42:35,416 [INFO] ThirdParty:1030 - CMSIS Pack Vendor :STMicroelectronics X-CUBE-MEMS1 11.3.0
2025-08-16 13:42:35,416 [INFO] ThirdParty:1030 - CMSIS Pack Vendor :STMicroelectronics FP-SNS-MOTENV1 5.0.0
2025-08-16 13:42:35,416 [INFO] ThirdParty:1030 - CMSIS Pack Vendor :STMicroelectronics USB_DEVICE 1.0.0
2025-08-16 13:42:35,416 [INFO] ThirdParty:1030 - CMSIS Pack Vendor :STMicroelectronics X-CUBE-AZRTOS-L4 2.0.0
2025-08-16 13:42:35,417 [INFO] ThirdParty:1030 - CMSIS Pack Vendor :STMicroelectronics ThreadX 0.0.2
2025-08-16 13:42:35,417 [INFO] ThirdParty:1030 - CMSIS Pack Vendor :WES I-CUBE-Cesium 1.3.0
2025-08-16 13:42:35,417 [INFO] ThirdParty:1030 - CMSIS Pack Vendor :STMicroelectronics lwIP 2.1.2
2025-08-16 13:42:35,417 [INFO] ThirdParty:1030 - CMSIS Pack Vendor :STMicroelectronics X-CUBE-SFXS2LP1 4.0.0
2025-08-16 13:42:35,417 [INFO] ThirdParty:1030 - CMSIS Pack Vendor :STMicroelectronics X-CUBE-BLE2 3.3.0
2025-08-16 13:42:35,417 [INFO] ThirdParty:1030 - CMSIS Pack Vendor :STMicroelectronics X-CUBE-TOF1 3.4.3
2025-08-16 13:42:35,417 [INFO] ThirdParty:1030 - CMSIS Pack Vendor :STMicroelectronics PDM2PCM 3.2.0
2025-08-16 13:42:35,417 [INFO] ThirdParty:841 - exiting critical section [change project]
2025-08-16 13:42:35,753 [INFO] PinOutPanel:1589 - setPackage(No Configuration,No Configuration)
2025-08-16 13:42:35,754 [INFO] PinOutPanel:1589 - setPackage(STM32L476RGTx,LQFP64)
2025-08-16 13:42:36,545 [INFO] UtilMem:75 - Before build in PCC Used Memory: 862060144 Bytes (1073741824)
2025-08-16 13:42:37,281 [INFO] UtilMem:75 - After build in PCC Used Memory: 971112048 Bytes (1073741824)
2025-08-16 13:42:37,320 [INFO] IPUIPlugin:80 - create IPUIPlugin
2025-08-16 13:42:37,321 [INFO] IPUIPlugin:80 - create IPUIPlugin
2025-08-16 13:42:37,321 [INFO] IPUIPlugin:80 - create IPUIPlugin
2025-08-16 13:42:37,321 [INFO] IPUIPlugin:80 - create IPUIPlugin
2025-08-16 13:42:37,321 [INFO] IPUIPlugin:80 - create IPUIPlugin
2025-08-16 13:42:37,321 [INFO] IPUIPlugin:80 - create IPUIPlugin
2025-08-16 13:42:37,321 [INFO] IPUIPlugin:80 - create IPUIPlugin
2025-08-16 13:42:37,321 [INFO] IPUIPlugin:80 - create IPUIPlugin
2025-08-16 13:42:37,321 [INFO] IPUIPlugin:80 - create IPUIPlugin
2025-08-16 13:42:37,321 [INFO] IPUIPlugin:80 - create IPUIPlugin
2025-08-16 13:42:37,321 [INFO] IPUIPlugin:80 - create IPUIPlugin
2025-08-16 13:42:37,321 [INFO] IPUIPlugin:80 - create IPUIPlugin
2025-08-16 13:42:37,322 [INFO] IPUIPlugin:80 - create IPUIPlugin
2025-08-16 13:42:37,322 [INFO] IPUIPlugin:80 - create IPUIPlugin
2025-08-16 13:42:37,322 [INFO] IPUIPlugin:80 - create IPUIPlugin
2025-08-16 13:42:37,322 [INFO] IPUIPlugin:80 - create IPUIPlugin
2025-08-16 13:42:37,322 [INFO] IPUIPlugin:80 - create IPUIPlugin
2025-08-16 13:42:37,322 [INFO] IPUIPlugin:80 - create IPUIPlugin
2025-08-16 13:42:37,322 [INFO] IPUIPlugin:80 - create IPUIPlugin
2025-08-16 13:42:37,323 [INFO] IPUIPlugin:80 - create IPUIPlugin
2025-08-16 13:42:37,323 [INFO] IPUIPlugin:80 - create IPUIPlugin
2025-08-16 13:42:37,323 [INFO] IPUIPlugin:80 - create IPUIPlugin
2025-08-16 13:42:37,323 [INFO] IPUIPlugin:80 - create IPUIPlugin
2025-08-16 13:42:37,323 [INFO] IPUIPlugin:80 - create IPUIPlugin
2025-08-16 13:42:37,323 [INFO] IPUIPlugin:80 - create IPUIPlugin
2025-08-16 13:42:37,324 [INFO] IPUIPlugin:80 - create IPUIPlugin
2025-08-16 13:42:37,324 [INFO] IPUIPlugin:80 - create IPUIPlugin
2025-08-16 13:42:37,324 [INFO] IPUIPlugin:80 - create IPUIPlugin
2025-08-16 13:42:37,324 [INFO] IPUIPlugin:80 - create IPUIPlugin
2025-08-16 13:42:37,324 [INFO] IPUIPlugin:80 - create IPUIPlugin
2025-08-16 13:42:37,325 [INFO] IPUIPlugin:80 - create IPUIPlugin
2025-08-16 13:42:37,325 [INFO] IPUIPlugin:80 - create IPUIPlugin
2025-08-16 13:42:37,325 [INFO] IPUIPlugin:80 - create IPUIPlugin
2025-08-16 13:42:37,325 [INFO] IPUIPlugin:80 - create IPUIPlugin
2025-08-16 13:42:37,325 [INFO] IPUIPlugin:80 - create IPUIPlugin
2025-08-16 13:42:37,326 [INFO] IPUIPlugin:80 - create IPUIPlugin
2025-08-16 13:42:37,326 [INFO] IPUIPlugin:80 - create IPUIPlugin
2025-08-16 13:42:37,326 [INFO] IPUIPlugin:80 - create IPUIPlugin
2025-08-16 13:42:37,326 [INFO] IPUIPlugin:80 - create IPUIPlugin
2025-08-16 13:42:37,326 [INFO] IPUIPlugin:80 - create IPUIPlugin
2025-08-16 13:42:37,327 [INFO] IPUIPlugin:80 - create IPUIPlugin
2025-08-16 13:42:37,327 [INFO] IPUIPlugin:80 - create IPUIPlugin
2025-08-16 13:42:37,327 [INFO] IPUIPlugin:80 - create IPUIPlugin
2025-08-16 13:42:37,327 [INFO] IPUIPlugin:80 - create IPUIPlugin
2025-08-16 13:42:37,328 [INFO] IPUIPlugin:80 - create IPUIPlugin
2025-08-16 13:42:37,328 [INFO] IPUIPlugin:80 - create IPUIPlugin
2025-08-16 13:42:37,328 [INFO] IPUIPlugin:80 - create IPUIPlugin
2025-08-16 13:42:37,328 [INFO] IPUIPlugin:80 - create IPUIPlugin
2025-08-16 13:42:37,329 [INFO] IPUIPlugin:80 - create IPUIPlugin
2025-08-16 13:42:37,329 [INFO] IPUIPlugin:80 - create IPUIPlugin
2025-08-16 13:42:37,329 [INFO] IPUIPlugin:80 - create IPUIPlugin
2025-08-16 13:42:37,330 [INFO] IPUIPlugin:80 - create IPUIPlugin
2025-08-16 13:42:37,330 [INFO] IPUIPlugin:80 - create IPUIPlugin
2025-08-16 13:42:37,330 [INFO] IPUIPlugin:80 - create IPUIPlugin
2025-08-16 13:42:37,331 [INFO] IPUIPlugin:80 - create IPUIPlugin
2025-08-16 13:42:37,331 [INFO] IPUIPlugin:80 - create IPUIPlugin
2025-08-16 13:42:37,332 [INFO] IPUIPlugin:80 - create IPUIPlugin
2025-08-16 13:42:37,332 [INFO] IPUIPlugin:80 - create IPUIPlugin
2025-08-16 13:42:37,333 [INFO] IPUIPlugin:80 - create IPUIPlugin
2025-08-16 13:42:37,502 [INFO] CADModel:165 - CPN selected for project levelSTM32L476RGT3
2025-08-16 13:42:37,503 [INFO] CADModel:114 - Register for checkConnection events
2025-08-16 13:42:37,547 [INFO] OpenFileManager:386 - Restore cursor
2025-08-16 13:42:38,040 [INFO] UtilMem:75 - End SaveConfig() Used Memory: 763048736 Bytes (1073741824)
2025-08-16 13:43:24,608 [INFO] McuFinderGlobals:76 - Set McuFinderConnectedMode to true
2025-08-16 13:43:24,610 [INFO] ApiDb:448 - Save user favorites file C:\Users\Thorin/.stm32cubeide/favorites.mcus.txt: 0 item(s)
2025-08-16 13:43:24,610 [INFO] ApiDb:452 - User favorites MCUs=[]
2025-08-16 13:43:24,611 [INFO] ApiDb:448 - Save user favorites file C:\Users\Thorin/.stm32cubeide/favorites.boards.txt: 0 item(s)
2025-08-16 13:43:24,611 [INFO] ApiDb:452 - User favorites Boards=[]
2025-08-16 13:43:29,995 [INFO] LogOutputStream:77 - [STDOUT_REDIRECT] This download action requires prior login. To proceed, please use the 'login' command with your my.st.com account email and password.
2025-08-16 13:43:29,996 [INFO] LogOutputStream:77 - [STDOUT_REDIRECT] Run 'login <email> <password> <remember_me>' for example 'login john.smith@st.com mypassword y'.
2025-08-16 13:43:29,997 [INFO] LogOutputStream:77 - [STDOUT_REDIRECT] If you do not have a my.st.com account, please visit https://st.com website to create one.
2025-08-16 13:43:41,149 [INFO] LogOutputStream:77 - [STDOUT_REDIRECT] This download action requires prior login. To proceed, please use the 'login' command with your my.st.com account email and password.
2025-08-16 13:43:41,149 [INFO] LogOutputStream:77 - [STDOUT_REDIRECT] Run 'login <email> <password> <remember_me>' for example 'login john.smith@st.com mypassword y'.
2025-08-16 13:43:41,150 [INFO] LogOutputStream:77 - [STDOUT_REDIRECT] If you do not have a my.st.com account, please visit https://st.com website to create one.
2025-08-16 13:44:03,046 [ERROR] LogOutputStream:75 - [STDERR_REDIRECT] Exception in thread "AWT-EventQueue-0" java.awt.IllegalComponentStateException: Native resources unavailable
2025-08-16 13:44:03,046 [ERROR] LogOutputStream:75 - [STDERR_REDIRECT] 	at java.desktop/sun.awt.windows.WWindowPeer.getScreenImOn(Native Method)
2025-08-16 13:44:03,047 [ERROR] LogOutputStream:75 - [STDERR_REDIRECT] 	at java.desktop/sun.awt.windows.WWindowPeer.updateGC(WWindowPeer.java:566)
2025-08-16 13:44:03,048 [ERROR] LogOutputStream:75 - [STDERR_REDIRECT] 	at java.desktop/java.awt.event.InvocationEvent.dispatch(InvocationEvent.java:318)
2025-08-16 13:44:03,049 [ERROR] LogOutputStream:75 - [STDERR_REDIRECT] 	at java.desktop/java.awt.EventQueue.dispatchEventImpl(EventQueue.java:773)
2025-08-16 13:44:03,049 [ERROR] LogOutputStream:75 - [STDERR_REDIRECT] 	at java.desktop/java.awt.EventQueue$4.run(EventQueue.java:720)
2025-08-16 13:44:03,050 [ERROR] LogOutputStream:75 - [STDERR_REDIRECT] 	at java.desktop/java.awt.EventQueue$4.run(EventQueue.java:714)
2025-08-16 13:44:03,050 [ERROR] LogOutputStream:75 - [STDERR_REDIRECT] 	at java.base/java.security.AccessController.doPrivileged(AccessController.java:400)
2025-08-16 13:44:03,052 [ERROR] LogOutputStream:75 - [STDERR_REDIRECT] 	at java.base/java.security.ProtectionDomain$JavaSecurityAccessImpl.doIntersectionPrivilege(ProtectionDomain.java:87)
2025-08-16 13:44:03,053 [ERROR] LogOutputStream:75 - [STDERR_REDIRECT] 	at java.base/java.security.ProtectionDomain$JavaSecurityAccessImpl.doIntersectionPrivilege(ProtectionDomain.java:98)
2025-08-16 13:44:03,053 [ERROR] LogOutputStream:75 - [STDERR_REDIRECT] 	at java.desktop/java.awt.EventQueue$5.run(EventQueue.java:747)
2025-08-16 13:44:03,055 [ERROR] LogOutputStream:75 - [STDERR_REDIRECT] 	at java.desktop/java.awt.EventQueue$5.run(EventQueue.java:745)
2025-08-16 13:44:03,056 [ERROR] LogOutputStream:75 - [STDERR_REDIRECT] 	at java.base/java.security.AccessController.doPrivileged(AccessController.java:400)
2025-08-16 13:44:03,057 [ERROR] LogOutputStream:75 - [STDERR_REDIRECT] 	at java.base/java.security.ProtectionDomain$JavaSecurityAccessImpl.doIntersectionPrivilege(ProtectionDomain.java:87)
2025-08-16 13:44:03,058 [ERROR] LogOutputStream:75 - [STDERR_REDIRECT] 	at java.desktop/java.awt.EventQueue.dispatchEvent(EventQueue.java:744)
2025-08-16 13:44:03,058 [ERROR] LogOutputStream:75 - [STDERR_REDIRECT] 	at java.desktop/java.awt.EventDispatchThread.pumpOneEventForFilters(EventDispatchThread.java:203)
2025-08-16 13:44:03,060 [ERROR] LogOutputStream:75 - [STDERR_REDIRECT] 	at java.desktop/java.awt.EventDispatchThread.pumpEventsForFilter(EventDispatchThread.java:124)
2025-08-16 13:44:03,061 [ERROR] LogOutputStream:75 - [STDERR_REDIRECT] 	at java.desktop/java.awt.EventDispatchThread.pumpEventsForHierarchy(EventDispatchThread.java:113)
2025-08-16 13:44:03,062 [ERROR] LogOutputStream:75 - [STDERR_REDIRECT] 	at java.desktop/java.awt.EventDispatchThread.pumpEvents(EventDispatchThread.java:109)
2025-08-16 13:44:03,063 [ERROR] LogOutputStream:75 - [STDERR_REDIRECT] 	at java.desktop/java.awt.EventDispatchThread.pumpEvents(EventDispatchThread.java:101)
2025-08-16 13:44:03,063 [ERROR] LogOutputStream:75 - [STDERR_REDIRECT] 	at java.desktop/java.awt.EventDispatchThread.run(EventDispatchThread.java:90)
2025-08-16 13:44:05,044 [ERROR] LogOutputStream:75 - [STDERR_REDIRECT] 
2025-08-16 13:44:05,044 [ERROR] LogOutputStream:75 - [STDERR_REDIRECT] 
2025-08-16 14:12:19,670 [INFO] Activator:176 - 


2025-08-16 14:12:19,671 [INFO] Activator:177 - !SESSION log4j initialized
2025-08-16 14:12:21,884 [INFO] LogOutputStream:77 - [STDOUT_REDIRECT] 
2025-08-16 14:12:23,148 [INFO] ApplicationProperties:184 - Using Application install path: C:\ST\STM32CubeIDE_1.19.0\STM32CubeIDE\plugins\com.st.stm32cube.common.mx_6.15.0.202507011659
2025-08-16 14:12:23,158 [INFO] DbMcusXml:78 - Set database path to: C:\ST\STM32CubeIDE_1.19.0\STM32CubeIDE\plugins\com.st.stm32cube.common.mx_6.15.0.202507011659\\db\/mcu/
2025-08-16 14:12:23,158 [INFO] ApiDb:274 - Set plugin database path to: C:\ST\STM32CubeIDE_1.19.0\STM32CubeIDE\plugins\com.st.stm32cube.common.mx_6.15.0.202507011659\\db\/plugins/boardmanager/
2025-08-16 14:12:23,159 [WARN] ApiDb:259 - Overriding images path with different value:  => C:\ST\STM32CubeIDE_1.19.0\STM32CubeIDE\plugins\com.st.stm32cube.common.mx_6.15.0.202507011659\\db\/plugins/mcufinder/images/
2025-08-16 14:12:23,163 [INFO] ApiDb:250 - Set database path to: C:\Users\Thorin\.stmcufinder\plugins\mcufinder//mcu/
2025-08-16 14:12:23,164 [INFO] DbMcusAds:125 - Set database path to: C:\Users\Thorin\.stmcufinder\plugins\mcufinder//mcu/
2025-08-16 14:12:23,165 [INFO] CrossReferenceDbSqlite:203 - Set database path to: C:\Users\Thorin\.stmcufinder\plugins\mcufinder//mcu/cs/
2025-08-16 14:12:23,242 [INFO] RulesReader:64 - Compatibility file has been processed (317 Rules)
2025-08-16 14:12:23,299 [INFO] DbMcusXml:78 - Set database path to: C:\ST\STM32CubeIDE_1.19.0\STM32CubeIDE\plugins\com.st.stm32cube.common.mx_6.15.0.202507011659\\db\/mcu/
2025-08-16 14:12:23,299 [INFO] ApiDb:274 - Set plugin database path to: C:\ST\STM32CubeIDE_1.19.0\STM32CubeIDE\plugins\com.st.stm32cube.common.mx_6.15.0.202507011659\\db\/plugins/boardmanager/
2025-08-16 14:12:23,299 [INFO] ApiDb:261 - Set plugin images path to: C:\ST\STM32CubeIDE_1.19.0\STM32CubeIDE\plugins\com.st.stm32cube.common.mx_6.15.0.202507011659\\db\/plugins/mcufinder/images/
2025-08-16 14:12:23,300 [WARN] DbFile:41 - Overriding database path with different value: C:\Users\Thorin\.stmcufinder\plugins\mcufinder/ => C:\Users\Thorin\.stmcufinder\plugins\mcufinder
2025-08-16 14:12:23,300 [INFO] ApiDb:250 - Set database path to: C:\Users\Thorin\.stmcufinder\plugins\mcufinder//mcu/
2025-08-16 14:12:23,300 [WARN] DbFile:41 - Overriding database path with different value: C:\Users\Thorin\.stmcufinder\plugins\mcufinder/ => C:\Users\Thorin\.stmcufinder\plugins\mcufinder
2025-08-16 14:12:23,300 [INFO] DbMcusAds:125 - Set database path to: C:\Users\Thorin\.stmcufinder\plugins\mcufinder//mcu/
2025-08-16 14:12:23,300 [WARN] DbFile:41 - Overriding database path with different value: C:\Users\Thorin\.stmcufinder\plugins\mcufinder/ => C:\Users\Thorin\.stmcufinder\plugins\mcufinder
2025-08-16 14:12:23,300 [WARN] DbFile:41 - Overriding database path with different value: C:\Users\Thorin\.stmcufinder\plugins\mcufinder/ => C:\Users\Thorin\.stmcufinder\plugins\mcufinder
2025-08-16 14:12:23,300 [INFO] CrossReferenceDbSqlite:203 - Set database path to: C:\Users\Thorin\.stmcufinder\plugins\mcufinder//mcu/cs/
2025-08-16 14:12:23,353 [INFO] MainPanel:274 - HeapMemory: 268435456
2025-08-16 14:12:23,411 [INFO] DbMcusXml:78 - Set database path to: C:\ST\STM32CubeIDE_1.19.0\STM32CubeIDE\plugins\com.st.stm32cube.common.mx_6.15.0.202507011659\\db\/mcu/
2025-08-16 14:12:23,412 [INFO] ApiDb:274 - Set plugin database path to: C:\ST\STM32CubeIDE_1.19.0\STM32CubeIDE\plugins\com.st.stm32cube.common.mx_6.15.0.202507011659\\db\/plugins/boardmanager/
2025-08-16 14:12:23,412 [INFO] ApiDb:261 - Set plugin images path to: C:\ST\STM32CubeIDE_1.19.0\STM32CubeIDE\plugins\com.st.stm32cube.common.mx_6.15.0.202507011659\\db\/plugins/mcufinder/images/
2025-08-16 14:12:23,412 [WARN] DbFile:41 - Overriding database path with different value: C:\Users\Thorin\.stmcufinder\plugins\mcufinder/ => C:\Users\Thorin\.stmcufinder\plugins\mcufinder
2025-08-16 14:12:23,412 [INFO] ApiDb:250 - Set database path to: C:\Users\Thorin\.stmcufinder\plugins\mcufinder//mcu/
2025-08-16 14:12:23,412 [WARN] DbFile:41 - Overriding database path with different value: C:\Users\Thorin\.stmcufinder\plugins\mcufinder/ => C:\Users\Thorin\.stmcufinder\plugins\mcufinder
2025-08-16 14:12:23,412 [INFO] DbMcusAds:125 - Set database path to: C:\Users\Thorin\.stmcufinder\plugins\mcufinder//mcu/
2025-08-16 14:12:23,412 [WARN] DbFile:41 - Overriding database path with different value: C:\Users\Thorin\.stmcufinder\plugins\mcufinder/ => C:\Users\Thorin\.stmcufinder\plugins\mcufinder
2025-08-16 14:12:23,412 [WARN] DbFile:41 - Overriding database path with different value: C:\Users\Thorin\.stmcufinder\plugins\mcufinder/ => C:\Users\Thorin\.stmcufinder\plugins\mcufinder
2025-08-16 14:12:23,412 [INFO] CrossReferenceDbSqlite:203 - Set database path to: C:\Users\Thorin\.stmcufinder\plugins\mcufinder//mcu/cs/
2025-08-16 14:12:23,427 [INFO] ApplicationProperties:184 - Using Application install path: C:\ST\STM32CubeIDE_1.19.0\STM32CubeIDE\plugins\com.st.stm32cube.common.mx_6.15.0.202507011659
2025-08-16 14:12:23,428 [INFO] PluginManage:196 - Search for loadable plugins [exclusion list=, ]
2025-08-16 14:12:23,429 [INFO] PluginManage:310 - Check plugin analytics
2025-08-16 14:12:23,576 [INFO] AnalyticsPlugin:253 - Accepted Software Licenses: 
2025-08-16 14:12:23,576 [INFO] AnalyticsPlugin:255 - Accepted CMSIS Pack Licenses: 
2025-08-16 14:12:23,577 [INFO] AnalyticsPlugin:257 - Accepted Firmware Licenses: 
2025-08-16 14:12:23,578 [INFO] PluginManage:359 - Loaded plugin analytics (category:tool,tabindex:-1)
2025-08-16 14:12:23,579 [INFO] PluginManage:310 - Check plugin cadmodel
2025-08-16 14:12:23,581 [INFO] CADModel:105 - Init CAD model plugin
2025-08-16 14:12:23,582 [INFO] PluginManage:359 - Loaded plugin cadmodel (category:power,tabindex:5)
2025-08-16 14:12:23,582 [INFO] PluginManage:310 - Check plugin clock
2025-08-16 14:12:23,588 [INFO] PluginManage:359 - Loaded plugin clock (category:base,tabindex:2)
2025-08-16 14:12:23,588 [INFO] PluginManage:310 - Check plugin ddr
2025-08-16 14:12:23,590 [INFO] PluginManage:359 - Loaded plugin ddr (category:tool,tabindex:6)
2025-08-16 14:12:23,590 [INFO] PluginManage:310 - Check plugin filemanager
2025-08-16 14:12:23,747 [INFO] PluginManage:359 - Loaded plugin filemanager (category:base,tabindex:10)
2025-08-16 14:12:23,748 [INFO] PluginManage:310 - Check plugin ipmanager
2025-08-16 14:12:23,754 [INFO] PluginManage:359 - Loaded plugin ipmanager (category:base,tabindex:5)
2025-08-16 14:12:23,754 [INFO] PluginManage:310 - Check plugin lpbam
2025-08-16 14:12:23,759 [INFO] PluginManage:359 - Loaded plugin lpbam (category:base,tabindex:0)
2025-08-16 14:12:23,760 [INFO] PluginManage:310 - Check plugin memorymap
2025-08-16 14:12:23,767 [INFO] PluginManage:359 - Loaded plugin memorymap (category:base,tabindex:4)
2025-08-16 14:12:23,767 [INFO] PluginManage:310 - Check plugin pinoutandconfiguration
2025-08-16 14:12:23,773 [INFO] PluginManage:359 - Loaded plugin pinoutandconfiguration (category:base,tabindex:1)
2025-08-16 14:12:23,773 [INFO] PluginManage:310 - Check plugin pinoutconfig
2025-08-16 14:12:23,833 [WARN] SupportedApi:132 - Cannot load RTOS API schema: s4s-elt-must-match.1: The content of 'definitions' must match (annotation?, (simpleType | complexType)?, (unique | key | keyref)*)). A problem was found starting at: attribute.
2025-08-16 14:12:23,914 [INFO] PluginManage:359 - Loaded plugin pinoutconfig (category:base,tabindex:0)
2025-08-16 14:12:23,914 [INFO] PluginManage:310 - Check plugin power
2025-08-16 14:12:23,919 [INFO] PluginManage:359 - Loaded plugin power (category:power,tabindex:4)
2025-08-16 14:12:23,919 [INFO] PluginManage:310 - Check plugin projectmanager
2025-08-16 14:12:23,933 [INFO] PluginManage:359 - Loaded plugin projectmanager (category:projectmanager,tabindex:4)
2025-08-16 14:12:23,933 [INFO] PluginManage:310 - Check plugin rif
2025-08-16 14:12:23,938 [INFO] PluginManage:359 - Loaded plugin rif (category:base,tabindex:3)
2025-08-16 14:12:23,938 [INFO] PluginManage:310 - Check plugin thirdparty
2025-08-16 14:12:24,023 [INFO] PluginManage:359 - Loaded plugin thirdparty (category:base,tabindex:-1)
2025-08-16 14:12:24,023 [WARN] IntegrityCheckThread:84 - waiting for thirdparty lock release [integrity check]
2025-08-16 14:12:24,023 [INFO] PluginManage:310 - Check plugin tools
2025-08-16 14:12:24,023 [INFO] IntegrityCheckThread:86 - entering critical section [integrity check]
2025-08-16 14:12:24,024 [INFO] ThirdPartyUpdaterWithRetryManager:70 - Updater plugin not ready yet. [1/15]
2025-08-16 14:12:24,025 [INFO] PluginManage:359 - Loaded plugin tools (category:base,tabindex:7)
2025-08-16 14:12:24,025 [INFO] PluginManage:310 - Check plugin tutovideos
2025-08-16 14:12:24,138 [INFO] PluginManage:359 - Loaded plugin tutovideos (category:base,tabindex:-1)
2025-08-16 14:12:24,138 [INFO] PluginManage:310 - Check plugin updater
2025-08-16 14:12:24,156 [INFO] PluginManage:359 - Loaded plugin updater (category:base,tabindex:12)
2025-08-16 14:12:24,156 [INFO] PluginManage:310 - Check plugin userauth
2025-08-16 14:12:24,159 [INFO] UserAuth:118 - Init User Auth plugin
2025-08-16 14:12:24,159 [INFO] PluginManage:359 - Loaded plugin userauth (category:base,tabindex:14)
2025-08-16 14:12:24,159 [INFO] PluginManage:283 - PluginManage : Loaded plugins [18]
2025-08-16 14:12:24,297 [INFO] PinOutPanel:1589 - setPackage(No Configuration,No Configuration)
2025-08-16 14:12:24,362 [INFO] CADModel:165 - CPN selected for project level
2025-08-16 14:12:24,363 [INFO] CADModel:114 - Register for checkConnection events
2025-08-16 14:12:24,373 [INFO] IPUIPlugin:80 - create IPUIPlugin
2025-08-16 14:12:24,373 [INFO] PluginManager:220 - loadIPPluginJar : add adc
2025-08-16 14:12:24,376 [INFO] IPUIPlugin:80 - create IPUIPlugin
2025-08-16 14:12:24,376 [INFO] PluginManager:220 - loadIPPluginJar : add aes
2025-08-16 14:12:24,377 [INFO] IPUIPlugin:80 - create IPUIPlugin
2025-08-16 14:12:24,378 [INFO] PluginManager:220 - loadIPPluginJar : add can
2025-08-16 14:12:24,379 [INFO] IPUIPlugin:80 - create IPUIPlugin
2025-08-16 14:12:24,379 [INFO] PluginManager:220 - loadIPPluginJar : add comp
2025-08-16 14:12:24,380 [INFO] IPUIPlugin:80 - create IPUIPlugin
2025-08-16 14:12:24,380 [INFO] PluginManager:220 - loadIPPluginJar : add cryp
2025-08-16 14:12:24,381 [INFO] IPUIPlugin:80 - create IPUIPlugin
2025-08-16 14:12:24,381 [INFO] PluginManager:220 - loadIPPluginJar : add ddr_ctrl_phy
2025-08-16 14:12:24,383 [INFO] IPUIPlugin:80 - create IPUIPlugin
2025-08-16 14:12:24,383 [INFO] PluginManager:220 - loadIPPluginJar : add dfsdm
2025-08-16 14:12:24,386 [INFO] IPUIPlugin:80 - create IPUIPlugin
2025-08-16 14:12:24,386 [INFO] PluginManager:220 - loadIPPluginJar : add dma
2025-08-16 14:12:24,388 [INFO] IPUIPlugin:80 - create IPUIPlugin
2025-08-16 14:12:24,388 [INFO] PluginManager:220 - loadIPPluginJar : add dma3
2025-08-16 14:12:24,389 [INFO] IPUIPlugin:80 - create IPUIPlugin
2025-08-16 14:12:24,390 [INFO] PluginManager:220 - loadIPPluginJar : add extmemmanager
2025-08-16 14:12:24,391 [INFO] IPUIPlugin:80 - create IPUIPlugin
2025-08-16 14:12:24,391 [INFO] PluginManager:220 - loadIPPluginJar : add fatfs
2025-08-16 14:12:24,393 [INFO] IPUIPlugin:80 - create IPUIPlugin
2025-08-16 14:12:24,393 [INFO] PluginManager:220 - loadIPPluginJar : add fmc
2025-08-16 14:12:24,398 [INFO] IPUIPlugin:80 - create IPUIPlugin
2025-08-16 14:12:24,399 [INFO] PluginManager:220 - loadIPPluginJar : add freertos
2025-08-16 14:12:24,400 [INFO] IPUIPlugin:80 - create IPUIPlugin
2025-08-16 14:12:24,401 [INFO] PluginManager:220 - loadIPPluginJar : add genericplugin
2025-08-16 14:12:24,402 [INFO] IPUIPlugin:80 - create IPUIPlugin
2025-08-16 14:12:24,402 [INFO] PluginManager:220 - loadIPPluginJar : add gfxmmu
2025-08-16 14:12:24,407 [INFO] IPUIPlugin:80 - create IPUIPlugin
2025-08-16 14:12:24,407 [INFO] PluginManager:220 - loadIPPluginJar : add gic
2025-08-16 14:12:24,410 [INFO] IPUIPlugin:80 - create IPUIPlugin
2025-08-16 14:12:24,410 [INFO] PluginManager:220 - loadIPPluginJar : add gpio
2025-08-16 14:12:24,412 [INFO] IPUIPlugin:80 - create IPUIPlugin
2025-08-16 14:12:24,412 [INFO] PluginManager:220 - loadIPPluginJar : add gtzc
2025-08-16 14:12:24,414 [INFO] IPUIPlugin:80 - create IPUIPlugin
2025-08-16 14:12:24,414 [INFO] PluginManager:220 - loadIPPluginJar : add hash
2025-08-16 14:12:24,415 [INFO] IPUIPlugin:80 - create IPUIPlugin
2025-08-16 14:12:24,415 [INFO] PluginManager:220 - loadIPPluginJar : add i2c
2025-08-16 14:12:24,417 [INFO] IPUIPlugin:80 - create IPUIPlugin
2025-08-16 14:12:24,417 [INFO] PluginManager:220 - loadIPPluginJar : add i2s
2025-08-16 14:12:24,419 [INFO] IPUIPlugin:80 - create IPUIPlugin
2025-08-16 14:12:24,419 [INFO] PluginManager:220 - loadIPPluginJar : add i3c
2025-08-16 14:12:24,421 [INFO] IPUIPlugin:80 - create IPUIPlugin
2025-08-16 14:12:24,421 [INFO] PluginManager:220 - loadIPPluginJar : add ipddr
2025-08-16 14:12:24,426 [INFO] IPUIPlugin:80 - create IPUIPlugin
2025-08-16 14:12:24,426 [INFO] PluginManager:220 - loadIPPluginJar : add linkedlist
2025-08-16 14:12:24,428 [INFO] IPUIPlugin:80 - create IPUIPlugin
2025-08-16 14:12:24,429 [INFO] PluginManager:220 - loadIPPluginJar : add lorawan
2025-08-16 14:12:24,430 [INFO] IPUIPlugin:80 - create IPUIPlugin
2025-08-16 14:12:24,430 [INFO] PluginManager:220 - loadIPPluginJar : add ltdc
2025-08-16 14:12:24,433 [INFO] IPUIPlugin:80 - create IPUIPlugin
2025-08-16 14:12:24,434 [INFO] PluginManager:220 - loadIPPluginJar : add mdma
2025-08-16 14:12:24,436 [INFO] IPUIPlugin:80 - create IPUIPlugin
2025-08-16 14:12:24,436 [INFO] PluginManager:220 - loadIPPluginJar : add nvic
2025-08-16 14:12:24,438 [INFO] IPUIPlugin:80 - create IPUIPlugin
2025-08-16 14:12:24,438 [INFO] PluginManager:220 - loadIPPluginJar : add opamp
2025-08-16 14:12:24,439 [INFO] IPUIPlugin:80 - create IPUIPlugin
2025-08-16 14:12:24,440 [INFO] PluginManager:220 - loadIPPluginJar : add openamp
2025-08-16 14:12:24,441 [INFO] IPUIPlugin:80 - create IPUIPlugin
2025-08-16 14:12:24,442 [INFO] PluginManager:220 - loadIPPluginJar : add pdm2pcm
2025-08-16 14:12:24,445 [INFO] IPUIPlugin:80 - create IPUIPlugin
2025-08-16 14:12:24,447 [INFO] PluginManager:220 - loadIPPluginJar : add plateformsettings
2025-08-16 14:12:24,449 [INFO] IPUIPlugin:80 - create IPUIPlugin
2025-08-16 14:12:24,449 [INFO] PluginManager:220 - loadIPPluginJar : add quadspi
2025-08-16 14:12:24,451 [INFO] IPUIPlugin:80 - create IPUIPlugin
2025-08-16 14:12:24,452 [INFO] PluginManager:220 - loadIPPluginJar : add radio
2025-08-16 14:12:24,455 [INFO] IPUIPlugin:80 - create IPUIPlugin
2025-08-16 14:12:24,455 [INFO] PluginManager:220 - loadIPPluginJar : add resmgrutility
2025-08-16 14:12:24,457 [INFO] IPUIPlugin:80 - create IPUIPlugin
2025-08-16 14:12:24,458 [INFO] PluginManager:220 - loadIPPluginJar : add sai
2025-08-16 14:12:24,459 [INFO] IPUIPlugin:80 - create IPUIPlugin
2025-08-16 14:12:24,459 [INFO] PluginManager:220 - loadIPPluginJar : add spi
2025-08-16 14:12:24,463 [INFO] IPUIPlugin:80 - create IPUIPlugin
2025-08-16 14:12:24,463 [INFO] PluginManager:220 - loadIPPluginJar : add stm32_wpan
2025-08-16 14:12:24,465 [INFO] IPUIPlugin:80 - create IPUIPlugin
2025-08-16 14:12:24,465 [INFO] PluginManager:220 - loadIPPluginJar : add tim
2025-08-16 14:12:24,468 [INFO] IPUIPlugin:80 - create IPUIPlugin
2025-08-16 14:12:24,468 [INFO] PluginManager:220 - loadIPPluginJar : add touchsensing
2025-08-16 14:12:24,469 [INFO] IPUIPlugin:80 - create IPUIPlugin
2025-08-16 14:12:24,469 [INFO] PluginManager:220 - loadIPPluginJar : add tracer_emb
2025-08-16 14:12:24,471 [INFO] IPUIPlugin:80 - create IPUIPlugin
2025-08-16 14:12:24,471 [INFO] PluginManager:220 - loadIPPluginJar : add ts
2025-08-16 14:12:24,472 [INFO] IPUIPlugin:80 - create IPUIPlugin
2025-08-16 14:12:24,472 [INFO] PluginManager:220 - loadIPPluginJar : add tsc
2025-08-16 14:12:24,473 [INFO] IPUIPlugin:80 - create IPUIPlugin
2025-08-16 14:12:24,473 [INFO] PluginManager:220 - loadIPPluginJar : add ucpd
2025-08-16 14:12:24,475 [INFO] IPUIPlugin:80 - create IPUIPlugin
2025-08-16 14:12:24,475 [INFO] PluginManager:220 - loadIPPluginJar : add usart
2025-08-16 14:12:24,478 [INFO] IPUIPlugin:80 - create IPUIPlugin
2025-08-16 14:12:24,478 [INFO] PluginManager:220 - loadIPPluginJar : add usbx
2025-08-16 14:12:24,594 [FATAL] Updater:351 - Updater called before beeing initialized
2025-08-16 14:12:24,624 [INFO] RulesReader:64 - Compatibility file has been processed (317 Rules)
2025-08-16 14:12:24,634 [INFO] RulesReader:64 - Compatibility file has been processed (317 Rules)
2025-08-16 14:12:24,641 [INFO] CADModel:165 - CPN selected for project level
2025-08-16 14:12:24,641 [INFO] CADModel:114 - Register for checkConnection events
2025-08-16 14:12:24,641 [FATAL] Updater:351 - Updater called before beeing initialized
2025-08-16 14:12:24,641 [ERROR] CADModel:125 - Updater not yet initialized, retry later 
2025-08-16 14:12:24,736 [FATAL] Updater:351 - Updater called before beeing initialized
2025-08-16 14:12:24,738 [INFO] CADModel:165 - CPN selected for project level
2025-08-16 14:12:24,738 [INFO] CADModel:114 - Register for checkConnection events
2025-08-16 14:12:24,738 [FATAL] Updater:351 - Updater called before beeing initialized
2025-08-16 14:12:24,738 [ERROR] CADModel:125 - Updater not yet initialized, retry later 
2025-08-16 14:12:24,740 [FATAL] Updater:351 - Updater called before beeing initialized
2025-08-16 14:12:24,818 [FATAL] Updater:351 - Updater called before beeing initialized
2025-08-16 14:12:24,821 [INFO] DbMcusAds:53 - JSON generation date=Tue Jul 08 02:14:23 MDT 2025 (1751962463582)
2025-08-16 14:12:24,821 [FATAL] Updater:351 - Updater called before beeing initialized
2025-08-16 14:12:24,845 [WARN] DetailPanel:346 - Failed to get advertising image, set to default
2025-08-16 14:12:24,908 [FATAL] Updater:351 - Updater called before beeing initialized
2025-08-16 14:12:24,909 [FATAL] Updater:351 - Updater called before beeing initialized
2025-08-16 14:12:24,909 [FATAL] Updater:351 - Updater called before beeing initialized
2025-08-16 14:12:24,909 [WARN] DetailPanel:346 - Failed to get advertising image, set to default
2025-08-16 14:12:24,910 [FATAL] Updater:351 - Updater called before beeing initialized
2025-08-16 14:12:24,946 [ERROR] Updater:1198 - MainUpdater not yet initialized. External WinMGr cannot be set.
2025-08-16 14:12:24,947 [INFO] Updater:1134 - Updater Version found : 6.15.0
2025-08-16 14:12:24,957 [INFO] ApplicationProperties:184 - Using Application install path: C:\ST\STM32CubeIDE_1.19.0\STM32CubeIDE\plugins\com.st.stm32cube.common.mx_6.15.0.202507011659
2025-08-16 14:12:26,530 [ERROR] LogOutputStream:75 - [STDERR_REDIRECT] Aug 16, 2025 2:12:26 PM java.util.prefs.WindowsPreferences <init>
2025-08-16 14:12:26,531 [ERROR] LogOutputStream:75 - [STDERR_REDIRECT] WARNING: Could not open/create prefs root node Software\JavaSoft\Prefs at root 0xffffffff80000002. Windows RegCreateKeyEx(...) returned error code 5.
2025-08-16 14:12:26,531 [ERROR] LogOutputStream:75 - [STDERR_REDIRECT] 
2025-08-16 14:12:26,920 [INFO] MainUpdater:2872 - connection check result : 10
2025-08-16 14:12:26,921 [INFO] MainUpdater:289 - Updater Check For Update Now.
2025-08-16 14:12:26,921 [INFO] MicroXplorer:498 - Change Database Version : DB.6.0.150
2025-08-16 14:12:26,925 [INFO] McuFinderGlobals:63 - Set McuFinder mode to 2 (CubeIDE integrated)
2025-08-16 14:12:26,925 [INFO] UserAuth:171 - activating auth plugin
2025-08-16 14:12:26,928 [INFO] UserAuth:487 - Internet connection configuration mode: 1
2025-08-16 14:12:26,944 [INFO] JxBrowserEngine:152 - Initiate JxBrowser Engine with user profile folder
2025-08-16 14:12:27,026 [WARN] MainUpdater:1193 - Updater busy. Cannot search thirdparties
2025-08-16 14:12:27,026 [INFO] ThirdPartyUpdaterWithRetryManager:96 - Updater plugin is busy. [1/15]
2025-08-16 14:12:27,090 [INFO] CheckServerUpdateThread:120 - End of CheckServer Thread
2025-08-16 14:12:27,408 [INFO] WebApp:169 - Instantiating new browser for Auth
2025-08-16 14:12:27,892 [INFO] WebApp:463 - Apply proxy settings
2025-08-16 14:12:27,892 [INFO] WebApp:548 - Chromium requires no authentication
2025-08-16 14:12:27,899 [INFO] WebApp:491 - Direct internet connection detected
2025-08-16 14:12:27,916 [INFO] WebApp:900 - Register for checkConnection events
2025-08-16 14:12:27,916 [INFO] WebApp:463 - Apply proxy settings
2025-08-16 14:12:27,916 [INFO] WebApp:548 - Chromium requires no authentication
2025-08-16 14:12:27,916 [INFO] WebApp:491 - Direct internet connection detected
2025-08-16 14:12:28,019 [INFO] WebApp:225 - Starting web application
2025-08-16 14:12:28,019 [INFO] WebApp:593 - Web application path used C:\ST\STM32CubeIDE_1.19.0\STM32CubeIDE\plugins\com.st.stm32cube.common.mx_6.15.0.202507011659\db\plugins\mcufinder\reactClient1\index.html
2025-08-16 14:12:28,150 [INFO] WebApp:191 - Connection restablished
2025-08-16 14:12:30,197 [WARN] PackLoader:240 - Cannot read IP mode file for STMicroelectronics.FP-SNS-MOTENVWB1.1.4.0
2025-08-16 14:12:30,207 [WARN] PackLoader:240 - Cannot read IP mode file for STMicroelectronics.FP-ATR-ASTRA1.2.0.2
2025-08-16 14:12:30,216 [WARN] PackLoader:240 - Cannot read IP mode file for STMicroelectronics.X-CUBE-SMBUS.2.1.0
2025-08-16 14:12:30,220 [WARN] PackLoader:240 - Cannot read IP mode file for STMicroelectronics.X-CUBE-ST60.1.0.0
2025-08-16 14:12:30,248 [WARN] PackLoader:240 - Cannot read IP mode file for STMicroelectronics.X-CUBE-AZRTOS-F7.1.1.0
2025-08-16 14:12:30,278 [WARN] PackLoader:240 - Cannot read IP mode file for Infineon.AIROC-Wi-Fi-Bluetooth-STM32.1.7.1
2025-08-16 14:12:30,306 [WARN] PackLoader:240 - Cannot read IP mode file for STMicroelectronics.X-CUBE-AZRTOS-H7.3.4.0
2025-08-16 14:12:30,315 [WARN] PackLoader:240 - Cannot read IP mode file for STMicroelectronics.X-CUBE-DISPLAY.3.0.0
2025-08-16 14:12:30,328 [WARN] PackLoader:240 - Cannot read IP mode file for STMicroelectronics.X-CUBE-NFC10.1.0.0
2025-08-16 14:12:30,336 [WARN] PackLoader:240 - Cannot read IP mode file for emotas.I-CUBE-CANOPEN.1.3.0
2025-08-16 14:12:30,343 [WARN] PackLoader:240 - Cannot read IP mode file for STMicroelectronics.FP-SNS-STBOX1.2.1.0
2025-08-16 14:12:30,348 [WARN] PackLoader:240 - Cannot read IP mode file for STMicroelectronics.FP-SNS-SMARTAG2.1.2.0
2025-08-16 14:12:30,354 [WARN] PackLoader:240 - Cannot read IP mode file for STMicroelectronics.FP-SNS-FLIGHT1.5.1.0
2025-08-16 14:12:30,364 [INFO] LogOutputStream:77 - [STDOUT_REDIRECT] 1 : Invalid condition id : UX_CORESTACK_Condition cause : null
2025-08-16 14:12:30,364 [INFO] LogOutputStream:77 - [STDOUT_REDIRECT] 1 : Invalid condition id : UX_CORESTACK_Condition cause : null
2025-08-16 14:12:30,365 [INFO] LogOutputStream:77 - [STDOUT_REDIRECT] 1 : Invalid condition id : UX_CORESTACK_Condition cause : null
2025-08-16 14:12:30,366 [INFO] LogOutputStream:77 - [STDOUT_REDIRECT] 1 : Invalid condition id : UX_CORESTACK_Condition cause : null
2025-08-16 14:12:30,367 [INFO] LogOutputStream:77 - [STDOUT_REDIRECT] 1 : Invalid condition id : UX_CORESTACK_Condition cause : null
2025-08-16 14:12:30,370 [WARN] PackLoader:240 - Cannot read IP mode file for STMicroelectronics.X-CUBE-AZRTOS-WL.2.0.0
2025-08-16 14:12:30,376 [WARN] PackLoader:240 - Cannot read IP mode file for STMicroelectronics.FP-SNS-MOTENV1.5.0.0
2025-08-16 14:12:30,382 [WARN] PackLoader:240 - Cannot read IP mode file for WES.I-CUBE-Cesium.1.3.0
2025-08-16 14:12:30,386 [WARN] PackLoader:240 - Cannot read IP mode file for STMicroelectronics.X-CUBE-BLE2.3.3.0
2025-08-16 14:12:30,391 [WARN] PackLoader:240 - Cannot read IP mode file for STMicroelectronics.X-CUBE-NFC9.1.0.0
2025-08-16 14:12:30,397 [WARN] PackLoader:240 - Cannot read IP mode file for wolfSSL.I-CUBE-wolfSSL.5.8.2
2025-08-16 14:12:30,401 [WARN] PackLoader:240 - Cannot read IP mode file for STMicroelectronics.X-CUBE-BLE1.7.1.0
2025-08-16 14:12:30,405 [WARN] PackLoader:240 - Cannot read IP mode file for wolfSSL.I-CUBE-wolfMQTT.1.19.2
2025-08-16 14:12:30,410 [WARN] PackLoader:240 - Cannot read IP mode file for STMicroelectronics.X-CUBE-EEPRMA1.5.2.0
2025-08-16 14:12:30,419 [WARN] PackLoader:240 - Cannot read IP mode file for STMicroelectronics.X-CUBE-AZRTOS-G0.1.1.0
2025-08-16 14:12:30,428 [WARN] PackLoader:240 - Cannot read IP mode file for STMicroelectronics.X-CUBE-SAFEA1.1.2.2
2025-08-16 14:12:30,433 [WARN] PackLoader:240 - Cannot read IP mode file for STMicroelectronics.X-CUBE-NFC4.3.0.0
2025-08-16 14:12:30,449 [WARN] PackLoader:240 - Cannot read IP mode file for EmbeddedOffice.I-CUBE-FS-RTOS.1.0.1
2025-08-16 14:12:30,454 [WARN] PackLoader:240 - Cannot read IP mode file for STMicroelectronics.X-CUBE-WB05N.2.0.0
2025-08-16 14:12:30,461 [WARN] PackLoader:240 - Cannot read IP mode file for wolfSSL.I-CUBE-wolfTPM.3.8.0
2025-08-16 14:12:30,466 [WARN] PackLoader:240 - Cannot read IP mode file for STMicroelectronics.X-CUBE-TCPP.4.2.0
2025-08-16 14:12:30,472 [WARN] PackLoader:240 - Cannot read IP mode file for RealThread.X-CUBE-RT-Thread_Nano.4.1.1
2025-08-16 14:12:30,478 [WARN] PackLoader:240 - Cannot read IP mode file for STMicroelectronics.FP-ATR-SIGFOX1.3.2.0
2025-08-16 14:12:30,482 [WARN] PackLoader:240 - Cannot read IP mode file for ITTIA_DB.I-CUBE-ITTIADB.8.9.0
2025-08-16 14:12:30,487 [WARN] PackLoader:240 - Cannot read IP mode file for STMicroelectronics.X-CUBE-ST67W61.1.0.0
2025-08-16 14:12:30,490 [WARN] PackLoader:240 - Cannot read IP mode file for STMicroelectronics.X-CUBE-AI.10.2.0
2025-08-16 14:12:30,510 [WARN] PackLoader:240 - Cannot read IP mode file for SEGGER.I-CUBE-embOS.1.3.1
2025-08-16 14:12:30,544 [WARN] PackLoader:240 - Cannot read IP mode file for STMicroelectronics.X-CUBE-ALGOBUILD.1.4.0
2025-08-16 14:12:30,575 [WARN] PackLoader:240 - Cannot read IP mode file for STMicroelectronics.X-CUBE-MEMS1.11.3.0
2025-08-16 14:12:30,699 [WARN] PackLoader:240 - Cannot read IP mode file for STMicroelectronics.X-CUBE-PM33A1.1.0.0
2025-08-16 14:12:30,719 [WARN] PackLoader:240 - Cannot read IP mode file for STMicroelectronics.X-CUBE-AZRTOS-F4.1.1.0
2025-08-16 14:12:30,726 [WARN] PackLoader:240 - Cannot read IP mode file for Avnet-IotConnect.X-CUBE-IoTC-DA16k-PMOD.1.0.0
2025-08-16 14:12:30,729 [WARN] PackLoader:240 - Cannot read IP mode file for STMicroelectronics.X-CUBE-ISPU.2.1.0
2025-08-16 14:12:30,735 [WARN] PackLoader:240 - Cannot read IP mode file for STMicroelectronics.X-CUBE-NFC12.1.0.0
2025-08-16 14:12:30,773 [WARN] PackLoader:240 - Cannot read IP mode file for STMicroelectronics.X-CUBE-AZRTOS-L5.2.0.0
2025-08-16 14:12:30,785 [WARN] PackLoader:240 - Cannot read IP mode file for STMicroelectronics.X-CUBE-NFC6.3.1.0
2025-08-16 14:12:30,794 [WARN] PackLoader:240 - Cannot read IP mode file for STMicroelectronics.X-CUBE-FREERTOS.1.3.1
2025-08-16 14:12:30,798 [WARN] PackLoader:240 - Cannot read IP mode file for STMicroelectronics.FP-SNS-STAIOTCFT.1.0.0
2025-08-16 14:12:30,804 [WARN] PackLoader:240 - Cannot read IP mode file for STMicroelectronics.X-CUBE-DPower.1.3.0
2025-08-16 14:12:30,818 [WARN] ConditionMgr:438 - getConditionDescription Invalid condition id : LAN8742 Phy interface Condition cause : null
2025-08-16 14:12:30,819 [WARN] PackLoader:240 - Cannot read IP mode file for STMicroelectronics.X-CUBE-AZRTOS-L4.2.0.0
2025-08-16 14:12:30,820 [WARN] ConditionMgr:1044 - genDependencies : Invalid condition id : LAN8742 Phy interface Condition cause : null
2025-08-16 14:12:30,820 [WARN] ConditionMgr:1044 - genDependencies : Invalid condition id : LAN8742 Phy interface Condition cause : null
2025-08-16 14:12:30,821 [WARN] ConditionMgr:1044 - genDependencies : Invalid condition id : LAN8742 Phy interface Condition cause : null
2025-08-16 14:12:30,828 [WARN] PackLoader:240 - Cannot read IP mode file for STMicroelectronics.X-CUBE-SFXS2LP1.4.0.0
2025-08-16 14:12:30,835 [WARN] PackLoader:240 - Cannot read IP mode file for STMicroelectronics.X-CUBE-BLEMGR.4.1.0
2025-08-16 14:12:30,845 [WARN] ConditionMgr:438 - getConditionDescription Invalid condition id : UX DEVICE CLASS RTOS Condition cause : null
2025-08-16 14:12:30,846 [WARN] ConditionMgr:438 - getConditionDescription Invalid condition id : UX DEVICE CLASS RTOS Condition cause : null
2025-08-16 14:12:30,847 [WARN] PackLoader:240 - Cannot read IP mode file for STMicroelectronics.X-CUBE-AZRTOS-WB.2.0.0
2025-08-16 14:12:30,848 [WARN] ConditionMgr:1044 - genDependencies : Invalid condition id : UX DEVICE CLASS RTOS Condition cause : null
2025-08-16 14:12:30,848 [WARN] ConditionMgr:1044 - genDependencies : Invalid condition id : UX DEVICE CLASS RTOS Condition cause : null
2025-08-16 14:12:30,848 [WARN] ConditionMgr:1044 - genDependencies : Invalid condition id : UX DEVICE CLASS RTOS Condition cause : null
2025-08-16 14:12:30,849 [WARN] ConditionMgr:1044 - genDependencies : Invalid condition id : UX DEVICE CLASS RTOS Condition cause : null
2025-08-16 14:12:30,849 [WARN] ConditionMgr:1044 - genDependencies : Invalid condition id : UX DEVICE CLASS RTOS Condition cause : null
2025-08-16 14:12:30,853 [WARN] PackLoader:240 - Cannot read IP mode file for STMicroelectronics.X-CUBE-GNSS1.7.0.1
2025-08-16 14:12:30,858 [WARN] PackLoader:240 - Cannot read IP mode file for STMicroelectronics.X-CUBE-TOUCHGFX.4.25.0
2025-08-16 14:12:30,861 [WARN] ConditionMgr:438 - getConditionDescription Invalid condition id : Cortex-A Device cause : null
2025-08-16 14:12:30,873 [WARN] ConditionMgr:1044 - genDependencies : Invalid condition id : Cortex-A Device cause : null
2025-08-16 14:12:30,873 [WARN] ConditionMgr:1044 - genDependencies : Invalid condition id : Cortex-A Device cause : null
2025-08-16 14:12:30,873 [WARN] ConditionMgr:1044 - genDependencies : Invalid condition id : Cortex-A Device cause : null
2025-08-16 14:12:30,880 [WARN] PackLoader:240 - Cannot read IP mode file for STMicroelectronics.X-CUBE-SUBG2.5.0.0
2025-08-16 14:12:30,901 [WARN] PackLoader:240 - Cannot read IP mode file for STMicroelectronics.X-CUBE-AZRTOS-H7RS.1.1.0
2025-08-16 14:12:30,907 [WARN] PackLoader:240 - Cannot read IP mode file for Cesanta.I-CUBE-Mongoose.7.13.0
2025-08-16 14:12:30,916 [WARN] PackLoader:240 - Cannot read IP mode file for STMicroelectronics.X-CUBE-AZRTOS-G4.2.0.0
2025-08-16 14:12:30,919 [WARN] PackLoader:240 - Cannot read IP mode file for wolfSSL.I-CUBE-wolfSSH.1.4.20
2025-08-16 14:12:30,922 [WARN] PackLoader:240 - Cannot read IP mode file for STMicroelectronics.X-CUBE-NFC7.2.0.0
2025-08-16 14:12:30,932 [WARN] PackLoader:240 - Cannot read IP mode file for STMicroelectronics.X-CUBE-IPS.3.1.0
2025-08-16 14:12:30,937 [WARN] PackLoader:240 - Cannot read IP mode file for STMicroelectronics.X-CUBE-ALS.1.0.2
2025-08-16 14:12:30,942 [WARN] PackLoader:240 - Cannot read IP mode file for portGmbH.I-Cube-SoM-uGOAL.1.1.0
2025-08-16 14:12:30,948 [WARN] PackLoader:240 - Cannot read IP mode file for STMicroelectronics.X-CUBE-TOF1.3.4.3
2025-08-16 14:12:30,954 [INFO] ThirdParty:978 - Integrity check success = true
2025-08-16 14:12:30,955 [INFO] IntegrityCheckThread:100 - exiting critical section [integrity check]
2025-08-16 14:12:30,955 [INFO] IntegrityCheckThread:103 - End integrity checks thread
2025-08-16 14:12:36,546 [INFO] McuFinderGlobals:63 - Set McuFinder mode to 2 (CubeIDE integrated)
2025-08-16 14:12:36,549 [INFO] MainUpdater:2872 - connection check result : 10
2025-08-16 14:12:36,549 [INFO] MainUpdater:2872 - connection check result : 10
2025-08-16 14:12:36,574 [INFO] MicroXplorer:468 - Change Database Path : 
2025-08-16 14:12:36,575 [INFO] MicroXplorer:498 - Change Database Version : DB.6.0.150
2025-08-16 14:12:36,580 [WARN] ThirdParty:871 - waiting for thirdparty lock release [close project]
2025-08-16 14:12:36,580 [INFO] ThirdParty:873 - entering critical section [close project]
2025-08-16 14:12:36,581 [INFO] ThirdParty:883 - exiting critical section [close project]
2025-08-16 14:12:36,582 [INFO] PinOutPanel:1589 - setPackage(No Configuration,No Configuration)
2025-08-16 14:12:36,583 [INFO] UtilMem:75 - Begin LoadConfig() Used Memory: 175693808 Bytes (300941312)
2025-08-16 14:12:36,584 [INFO] MicroXplorer:468 - Change Database Path : 
2025-08-16 14:12:36,584 [INFO] MicroXplorer:498 - Change Database Version : DB.6.0.150
2025-08-16 14:12:36,585 [INFO] OpenFileManager:355 - Change cursor
2025-08-16 14:12:36,607 [INFO] Mcu:2029 - Initializing MCU STM32L476R(C-E-G)Tx STM32L476RGTx STM32L476RGT3
2025-08-16 14:12:38,064 [INFO] Context:786 - Trying to add GPIOservice into a context  which must be forbidden
2025-08-16 14:12:38,628 [INFO] ImportTextPane:234 - (OptionalMessage_ERROR) Pin12 (VP_RIF_VS_RIF1) cannot be retrieved for this MCU
2025-08-16 14:12:38,718 [INFO] RtosManager:558 - Registered RTOS mode: class=CMSIS, group=RTOS, mode=CMSIS_V1, owner=FREERTOS
2025-08-16 14:12:38,718 [INFO] RtosManager:558 - Registered RTOS mode: class=CMSIS, group=RTOS2, mode=CMSIS_V2, owner=FREERTOS
2025-08-16 14:12:38,718 [INFO] RtosManager:558 - Registered RTOS mode: class=RTOS, group=Core, mode=CMSIS_V1, owner=FREERTOS
2025-08-16 14:12:38,718 [INFO] RtosManager:558 - Registered RTOS mode: class=RTOS, group=Core, mode=CMSIS_V2, owner=FREERTOS
2025-08-16 14:12:38,718 [WARN] ModelIntegratedComponent:184 - Missing modes for component STMicroelectronics:FreeRTOS:0.0.1:STMicroelectronics:RTOS:FreeRTOS:Core:::10.2.0:
2025-08-16 14:12:38,739 [WARN] ModelIntegratedComponent:63 - No mode defined for component null
2025-08-16 14:12:38,739 [WARN] ModelIntegratedComponent:63 - No mode defined for component null
2025-08-16 14:12:38,740 [WARN] ModelIntegratedComponent:63 - No mode defined for component null
2025-08-16 14:12:38,740 [WARN] ModelIntegratedComponent:63 - No mode defined for component null
2025-08-16 14:12:38,740 [WARN] ModelIntegratedComponent:63 - No mode defined for component null
2025-08-16 14:12:38,740 [WARN] ModelIntegratedComponent:63 - No mode defined for component null
2025-08-16 14:12:38,740 [WARN] ModelIntegratedComponent:63 - No mode defined for component null
2025-08-16 14:12:38,740 [WARN] ModelIntegratedComponent:63 - No mode defined for component null
2025-08-16 14:12:38,740 [WARN] ModelIntegratedComponent:63 - No mode defined for component null
2025-08-16 14:12:38,740 [WARN] ModelIntegratedComponent:63 - No mode defined for component null
2025-08-16 14:12:38,740 [WARN] ModelIntegratedComponent:63 - No mode defined for component null
2025-08-16 14:12:38,740 [WARN] ModelIntegratedComponent:63 - No mode defined for component null
2025-08-16 14:12:38,740 [WARN] ModelIntegratedComponent:63 - No mode defined for component null
2025-08-16 14:12:38,740 [WARN] ModelIntegratedComponent:63 - No mode defined for component null
2025-08-16 14:12:38,740 [WARN] ModelIntegratedComponent:63 - No mode defined for component null
2025-08-16 14:12:38,740 [WARN] ModelIntegratedComponent:63 - No mode defined for component null
2025-08-16 14:12:38,740 [WARN] ModelIntegratedComponent:63 - No mode defined for component null
2025-08-16 14:12:38,740 [WARN] ModelIntegratedComponent:63 - No mode defined for component null
2025-08-16 14:12:38,740 [WARN] ModelIntegratedComponent:63 - No mode defined for component null
2025-08-16 14:12:38,740 [WARN] ModelIntegratedComponent:63 - No mode defined for component null
2025-08-16 14:12:38,740 [WARN] ModelIntegratedComponent:63 - No mode defined for component null
2025-08-16 14:12:38,740 [WARN] ModelIntegratedComponent:63 - No mode defined for component null
2025-08-16 14:12:38,741 [WARN] ModelIntegratedComponent:63 - No mode defined for component null
2025-08-16 14:12:38,741 [WARN] ModelIntegratedComponent:63 - No mode defined for component null
2025-08-16 14:12:38,741 [WARN] ModelIntegratedComponent:63 - No mode defined for component null
2025-08-16 14:12:38,741 [WARN] ModelIntegratedComponent:63 - No mode defined for component null
2025-08-16 14:12:38,741 [WARN] ModelIntegratedComponent:63 - No mode defined for component null
2025-08-16 14:12:38,741 [WARN] ModelIntegratedComponent:63 - No mode defined for component null
2025-08-16 14:12:38,741 [WARN] ModelIntegratedComponent:63 - No mode defined for component null
2025-08-16 14:12:38,741 [WARN] ModelIntegratedComponent:63 - No mode defined for component null
2025-08-16 14:12:38,741 [WARN] ModelIntegratedComponent:63 - No mode defined for component null
2025-08-16 14:12:38,741 [WARN] ModelIntegratedComponent:63 - No mode defined for component null
2025-08-16 14:12:38,741 [WARN] ModelIntegratedComponent:63 - No mode defined for component null
2025-08-16 14:12:38,741 [WARN] ModelIntegratedComponent:63 - No mode defined for component null
2025-08-16 14:12:38,741 [WARN] ModelIntegratedComponent:63 - No mode defined for component null
2025-08-16 14:12:38,741 [WARN] ModelPack:524 - Component already loaded: STMicroelectronics:HAL Drivers:0.0.0:STMicroelectronics:Device:STMicro_Driver:XSPI:HAL::0.0.1:HAL_XSPI
2025-08-16 14:12:38,813 [INFO] ThirdPartyModel:298 - Start build external matchings
2025-08-16 14:12:39,064 [INFO] ThirdPartyModel:316 - End build external matchings
2025-08-16 14:12:39,088 [INFO] ImportTextPane:234 - (OptionalMessage_ERROR) IP (RCC) : Invalid parameter (FamilyName)
2025-08-16 14:12:39,090 [INFO] ImportTextPane:234 - (OptionalMessage_ERROR) IP (RCC) : Parameter (RNGFreq_Value) has invalid value (64000000)
2025-08-16 14:12:39,090 [INFO] ImportTextPane:234 - (OptionalMessage_ERROR) IP (RCC) : Parameter (SDMMCFreq_Value) has invalid value (64000000)
2025-08-16 14:12:39,090 [INFO] ImportTextPane:234 - (OptionalMessage_ERROR) IP (RCC) : Parameter (USBFreq_Value) has invalid value (64000000)
2025-08-16 14:12:39,548 [INFO] ApiDb:581 - Connected to CubeFinder SQLite database (C:\Users\Thorin\.stmcufinder\plugins\mcufinder\mcu\cube-finder-db.db)
2025-08-16 14:12:39,607 [INFO] ApiDb:668 - CubeFinder database Data Model version=2.1
2025-08-16 14:12:39,607 [INFO] ApiDb:669 - CubeFinder database Configuration version=3.0.39
2025-08-16 14:12:39,607 [INFO] ApiDb:670 - CubeFinder database generation date=2025-07-24 (1753349077)
2025-08-16 14:12:39,607 [INFO] ApiDb:671 - CubeFinder database FW Pack versions=[FP-ATR-ASTRA1_V2.0.0, FP-SNS-FLIGHT1_V5.1.0, FP-SNS-MOTENV1_V5.0.0, FP-SNS-MOTENVWB1_V1.4.0, FP-SNS-SMARTAG2_V1.2.0, FP-SNS-STBOX1_V2.0.0, STM32Cube_FW_C0_V1.4.0, STM32Cube_FW_F4_V1.28.2, STM32Cube_FW_F7_V1.17.3, STM32Cube_FW_G0_V1.6.2, STM32Cube_FW_G4_V1.6.1, STM32Cube_FW_H5_V1.5.0, STM32Cube_FW_H7RS_V1.2.0, STM32Cube_FW_H7_V1.12.1, STM32Cube_FW_L0_V1.12.2, STM32Cube_FW_L4_V1.18.1, STM32Cube_FW_L5_V1.5.1, STM32Cube_FW_N6_V1.2.0, STM32Cube_FW_U0_V1.3.0, STM32Cube_FW_U3_V1.2.0, STM32Cube_FW_U5_V1.8.0, STM32Cube_FW_WB0_V1.3.0, STM32Cube_FW_WBA_V1.7.0, STM32Cube_FW_WB_V1.23.0, STM32Cube_FW_WL3_V1.2.0, STM32Cube_FW_WL_V1.3.1, X-CUBE-ALGOBUILD_V1.4.0, X-CUBE-ALS_V1.0.2, X-CUBE-AZRTOS-F4_V1.1.0, X-CUBE-AZRTOS-F7_V1.1.0, X-CUBE-AZRTOS-G0_V1.1.0, X-CUBE-AZRTOS-G4_V2.0.0, X-CUBE-AZRTOS-H7RS_V1.1.0, X-CUBE-AZRTOS-H7_V3.4.0, X-CUBE-AZRTOS-L4_V2.0.0, X-CUBE-AZRTOS-L5_V2.0.0, X-CUBE-AZRTOS-WB_V2.0.0, X-CUBE-AZRTOS-WL_V2.0.0, X-CUBE-BLE1_V7.1.0, X-CUBE-BLE2_V3.3.0, X-CUBE-BLEMGR_V4.1.0, X-CUBE-EEPRMA1_V5.2.0, X-CUBE-FREERTOS_V1.3.1, X-CUBE-GNSS1_V6.0.0, X-CUBE-MEMS1_V11.3.0, X-CUBE-NFC4_V3.0.0, X-CUBE-NFC7_V2.0.0, X-CUBE-SFXS2LP1_V4.0.0, X-CUBE-ST67W61_V1.0.0, X-CUBE-SUBG2_V5.0.0, X-CUBE-TOF1_V3.4.3]
2025-08-16 14:12:39,658 [INFO] DbBoardsSqlite:226 - include board P-NUCLEO-WB55-NUCLEO as a kit item of type 'Nucleo-64'
2025-08-16 14:12:39,659 [INFO] DbBoardsSqlite:226 - include board P-NUCLEO-WB55-USBDONGLE as a kit item of type 'Nucleo USB Dongle'
2025-08-16 14:12:39,659 [INFO] DbBoardsSqlite:226 - include board STEVAL-IDP005V1 as a kit item of type 'Evaluation Board'
2025-08-16 14:12:39,659 [INFO] DbBoardsSqlite:226 - include board STEVAL-IDP005V2 as a kit item of type 'Evaluation Board'
2025-08-16 14:12:39,713 [INFO] ApiDb:240 - Found 880 in-development CPN: [B-G473E-ZEST1S, B-WB1M-WPAN1, B-WBA5M-WPAN, B-WL5M-SUBG1, NUCLEO-C031C6, NUCLEO-C051C8, NUCLEO-C071RB, NUCLEO-C092RC, NUCLEO-H503RB, NUCLEO-H533RE, NUCLEO-H563ZI, NUCLEO-H7S3L8, NUCLEO-N657X0-Q, NUCLEO-U031R8, NUCLEO-U083RC, NUCLEO-U385RG-Q, NUCLEO-U545RE-Q, NUCLEO-U5A5ZJ-Q, NUCLEO-WB05KZ, NUCLEO-WB07CC, NUCLEO-WB09KE, NUCLEO-WBA52CG, NUCLEO-WBA55CG, NUCLEO-WL33CC1, NUCLEO-WL33CC2, STEVAL-PROTEUS1, STEVAL-SMARTAG2, STEVAL-STWINBX1, STM320518-EVAL, STM32C0116-DK, STM32C011D6Y3TR, STM32C011D6Y6TR, STM32C011F4P3, STM32C011F4P6, STM32C011F4U3, STM32C011F4U6TR, STM32C011F6P3, STM32C011F6P6, STM32C011F6U3, STM32C011F6U6TR, STM32C011J4M3, STM32C011J4M6, STM32C011J6M3, STM32C011J6M6, STM32C0316-DK, STM32C031C4T3, STM32C031C4T6, STM32C031C4U3, STM32C031C4U6, STM32C031C6T3, STM32C031C6T6, STM32C031C6U3, STM32C031C6U6, STM32C031F4P3, STM32C031F4P6, STM32C031F6P3, STM32C031F6P6, STM32C031G4U3, STM32C031G4U6, STM32C031G6U3, STM32C031G6U6, STM32C031K4T3, STM32C031K4T6, STM32C031K4U3, STM32C031K4U6, STM32C031K6T3, STM32C031K6T6, STM32C031K6U3, STM32C031K6U6, STM32C051C6T6, STM32C051C6U6, STM32C051C8T6, STM32C051C8U6, STM32C051D8Y6TR, STM32C051F6P6, STM32C051F8P6, STM32C051G6U6, STM32C051G8U6, STM32C051K6T6, STM32C051K6U6, STM32C051K8T6, STM32C071C8T6, STM32C071C8T6N, STM32C071C8U6, STM32C071C8U6N, STM32C071CBT6, STM32C071CBT6N, STM32C071CBU6, STM32C071CBU6N, STM32C071F8P6, STM32C071F8P6N, STM32C071FBP6, STM32C071FBP6N, STM32C071FBY6TR, STM32C071G8U6, STM32C071G8U6N, STM32C071GBU6, STM32C071GBU6N, STM32C071K8T6, STM32C071K8T6N, STM32C071K8U6, STM32C071K8U6N, STM32C071KBT6, STM32C071KBT6N, STM32C071KBU6, STM32C071KBU6N, STM32C071R8T6, STM32C071R8T6N, STM32C071RBI6N, STM32C071RBT6, STM32C071RBT6N, STM32C091CBT6, STM32C091CBU6, STM32C091CCT6, STM32C091CCU6, STM32C091ECY6TR, STM32C091FBP6, STM32C091FCP6, STM32C091GBU6, STM32C091GCU6, STM32C091KBT6, STM32C091KBU6, STM32C091KCT6, STM32C091KCU6, STM32C091RBT6, STM32C091RCI6, STM32C091RCT6, STM32C092CBT6, STM32C092CBU6, STM32C092CCT6, STM32C092CCU6, STM32C092ECY6TR, STM32C092FBP6, STM32C092FCP6, STM32C092GBU6, STM32C092GCU6, STM32C092KBT6, STM32C092KBU6, STM32C092KCT6, STM32C092KCU6, STM32C092RBT6, STM32C092RCI6, STM32C092RCT6, STM32G071K8TXN, STM32G071K8UXN, STM32G081GBU6N, STM32G081KBT6N, STM32G081KBUXN, STM32G0B1CCT6N, STM32G0B1KCT6, STM32G0B1NEY6TR, STM32G0B1RCT6N, STM32G0C1CCT6, STM32G0C1CCT6N, STM32G0C1CCU6N, STM32G0C1CET6N, STM32G0C1CEU6N, STM32G0C1KCT6, STM32G0C1NEY6TR, STM32G0C1RCI6N, STM32G0C1RCT6N, STM32G0C1REI6N, STM32G0C1RET6N, STM32G0C1VCI6, STM32G0C1VEI6, STM32G411C6T3, STM32G411C6T6, STM32G411C6U3, STM32G411C6U6, STM32G411C8T3, STM32G411C8T6, STM32G411C8U3, STM32G411C8U6, STM32G411CBT3, STM32G411CBT6, STM32G411CBU3, STM32G411CBU6, STM32G411K6T3, STM32G411K6T6, STM32G411K6U3, STM32G411K6U6, STM32G411K8T3, STM32G411K8T6, STM32G411K8U3, STM32G411K8U6, STM32G411KBT3, STM32G411KBT6, STM32G411KBU3, STM32G411KBU6, STM32G411M6T3, STM32G411M6T6, STM32G411M8T3, STM32G411M8T6, STM32G411MBT3, STM32G411MBT6, STM32G411R6T3, STM32G411R6T6, STM32G411R8T3, STM32G411R8T6, STM32G411RBT3, STM32G411RBT6, STM32G414CBT3, STM32G414CBT6, STM32G414CBU3, STM32G414CBU6, STM32G414CCT3, STM32G414CCT6, STM32G414CCU3, STM32G414CCU6, STM32G414MBT3, STM32G414MBT6, STM32G414MCT3, STM32G414MCT6, STM32G414RBT3, STM32G414RBT6, STM32G414RCT3, STM32G414RCT6, STM32G414VBT3, STM32G414VBT6, STM32G414VCT3, STM32G414VCT6, STM32G431CBT3Z, STM32G431RBT3Z, STM32G471CCT6, STM32G471CCU6, STM32G471CET3, STM32G471CET6, STM32G471CEU3, STM32G471CEU6, STM32G471MCT6, STM32G471MET3, STM32G471MET6, STM32G471MEY6TR, STM32G471QCT6, STM32G471QET3, STM32G471RCT6, STM32G471RET3, STM32G471RET6, STM32G471VCH6, STM32G471VCI6, STM32G471VCT6, STM32G471VEH3, STM32G471VEH6, STM32G471VEI3, STM32G471VEI6, STM32G471VET3, STM32G471VET6, STM32G473QET3Z, STM32G473RET3Z, STM32G474CCT6, STM32G491RET3Z, STM32H503CBT6, STM32H503CBU6, STM32H503EBY6TR, STM32H503KBU6, STM32H503RBT6, STM32H523CCT6, STM32H523CCU6, STM32H523CET6, STM32H523CEU6, STM32H523HEY6TR, STM32H523RCT6, STM32H523RET6, STM32H523VCI6, STM32H523VCT6, STM32H523VEI6, STM32H523VET6, STM32H523ZCJ6, STM32H523ZCT6, STM32H523ZEJ6, STM32H523ZET6, STM32H533CET6, STM32H533CEU6, STM32H533HEY6TR, STM32H533RET6, STM32H533VEI6, STM32H533VET6, STM32H533ZEJ6, STM32H533ZET6, STM32H562AGI6, STM32H562AII6, STM32H562IGK6, STM32H562IGT6, STM32H562IIK6, STM32H562IIT6, STM32H562RGT6, STM32H562RGV6, STM32H562RIT6, STM32H562RIV6, STM32H562VGT6, STM32H562VIT6, STM32H562ZGT6, STM32H562ZIT6, STM32H563AGI6, STM32H563AII3Q, STM32H563AII6, STM32H563IGK6, STM32H563IGT6, STM32H563IIK3Q, STM32H563IIK6, STM32H563IIT3Q, STM32H563IIT6, STM32H563MIY3QTR, STM32H563RGT6, STM32H563RGV6, STM32H563RIT6, STM32H563RIV6, STM32H563VGT6, STM32H563VIT3Q, STM32H563VIT6, STM32H563ZGT6, STM32H563ZIT3Q, STM32H563ZIT6, STM32H573AII3Q, STM32H573AII6, STM32H573I-DK, STM32H573IIK3Q, STM32H573IIK6, STM32H573IIT3Q, STM32H573IIT6, STM32H573MIY3QTR, STM32H573RIT6, STM32H573RIV6, STM32H573VIT3Q, STM32H573VIT6, STM32H573ZIT3Q, STM32H573ZIT6, STM32H7R3A8I6, STM32H7R3I8K6, STM32H7R3I8T6, STM32H7R3L8H6, STM32H7R3L8H6H, STM32H7R3R8V6, STM32H7R3V8H6, STM32H7R3V8T6, STM32H7R3V8Y6TR, STM32H7R3Z8J6, STM32H7R3Z8T6, STM32H7R7A8I6, STM32H7R7I8K6, STM32H7R7I8T6, STM32H7R7L8H6, STM32H7R7L8H6H, STM32H7R7Z8J6, STM32H7S3A8I6, STM32H7S3I8K6, STM32H7S3I8T6, STM32H7S3L8H6, STM32H7S3L8H6H, STM32H7S3R8V6, STM32H7S3V8H6, STM32H7S3V8T6, STM32H7S3V8Y6TR, STM32H7S3Z8J6, STM32H7S3Z8T6, STM32H7S78-DK, STM32H7S7A8I6, STM32H7S7I8K6, STM32H7S7I8T6, STM32H7S7L8H6, STM32H7S7L8H6H, STM32H7S7Z8J6, STM32L4R5QGI6STR, STM32MP131AAE3, STM32MP131AAF3, STM32MP131AAG3, STM32MP131CAE3, STM32MP131CAF3, STM32MP131CAG3, STM32MP131DAE7, STM32MP131DAF7, STM32MP131DAG7, STM32MP131FAE7, STM32MP131FAF7, STM32MP131FAG7, STM32MP133AAE3, STM32MP133AAF3, STM32MP133AAG3, STM32MP133CAE3, STM32MP133CAF3, STM32MP133CAG3, STM32MP133DAE7, STM32MP133DAF7, STM32MP133DAG7, STM32MP133FAE7, STM32MP133FAF7, STM32MP133FAG7, STM32MP135AAE3, STM32MP135AAF3, STM32MP135AAG3, STM32MP135CAE3, STM32MP135CAF3, STM32MP135CAG3, STM32MP135DAE7, STM32MP135DAF7, STM32MP135DAG7, STM32MP135F-DK, STM32MP135FAE7, STM32MP135FAF7, STM32MP135FAF7T, STM32MP135FAF7U, STM32MP135FAG7, STM32MP211AAL3, STM32MP211AAM3, STM32MP211AAN3, STM32MP211AAO3, STM32MP211CAL3, STM32MP211CAM3, STM32MP211CAN3, STM32MP211CAO3, STM32MP211DAL3, STM32MP211DAM3, STM32MP211DAN3, STM32MP211DAO3, STM32MP211FAL3, STM32MP211FAM3, STM32MP211FAN3, STM32MP211FAO3, STM32MP213AAL3, STM32MP213AAM3, STM32MP213AAN3, STM32MP213AAO3, STM32MP213CAL3, STM32MP213CAM3, STM32MP213CAN3, STM32MP213CAO3, STM32MP213DAL3, STM32MP213DAM3, STM32MP213DAN3, STM32MP213DAO3, STM32MP213FAL3, STM32MP213FAM3, STM32MP213FAN3, STM32MP213FAO3, STM32MP215AAL3, STM32MP215AAM3, STM32MP215AAN3, STM32MP215AAO3, STM32MP215CAL3, STM32MP215CAM3, STM32MP215CAN3, STM32MP215CAO3, STM32MP215DAL3, STM32MP215DAM3, STM32MP215DAN3, STM32MP215DAO3, STM32MP215F-DK, STM32MP215FAL3, STM32MP215FAM3, STM32MP215FAN3, STM32MP215FAO3, STM32MP231AAJ3, STM32MP231AAK3, STM32MP231AAL3, STM32MP231CAJ3, STM32MP231CAK3, STM32MP231CAL3, STM32MP231DAJ3, STM32MP231DAK3, STM32MP231DAL3, STM32MP231FAJ3, STM32MP231FAK3, STM32MP231FAL3, STM32MP233AAJ3, STM32MP233AAK3, STM32MP233AAL3, STM32MP233CAJ3, STM32MP233CAK3, STM32MP233CAL3, STM32MP233DAJ3, STM32MP233DAK3, STM32MP233DAL3, STM32MP233FAJ3, STM32MP233FAK3, STM32MP233FAL3, STM32MP235AAJ3, STM32MP235AAK3, STM32MP235AAL3, STM32MP235CAJ3, STM32MP235CAK3, STM32MP235CAL3, STM32MP235DAJ3, STM32MP235DAK3, STM32MP235DAL3, STM32MP235FAJ3, STM32MP235FAK3, STM32MP235FAL3, STM32MP251AAI3, STM32MP251AAK3, STM32MP251AAL3, STM32MP251CAI3, STM32MP251CAK3, STM32MP251CAL3, STM32MP251DAI3, STM32MP251DAK3, STM32MP251DAL3, STM32MP251FAI3, STM32MP251FAK3, STM32MP251FAL3, STM32MP253AAI3, STM32MP253AAK3, STM32MP253AAL3, STM32MP253CAI3, STM32MP253CAK3, STM32MP253CAL3, STM32MP253DAI3, STM32MP253DAK3, STM32MP253DAL3, STM32MP253FAI3, STM32MP253FAK3, STM32MP253FAL3, STM32MP255AAI3, STM32MP255AAK3, STM32MP255AAL3, STM32MP255CAI3, STM32MP255CAK3, STM32MP255CAL3, STM32MP255DAI3, STM32MP255DAK3, STM32MP255DAL3, STM32MP255FAI3, STM32MP255FAK3, STM32MP255FAL3, STM32MP257AAI3, STM32MP257AAK3, STM32MP257AAL3, STM32MP257CAI3, STM32MP257CAK3, STM32MP257CAL3, STM32MP257DAI3, STM32MP257DAK3, STM32MP257DAL3, STM32MP257F-DK, STM32MP257F-EV1, STM32MP257FAI3, STM32MP257FAK3, STM32MP257FAL3, STM32N645A0H3Q, STM32N645B0H3Q, STM32N645I0H3Q, STM32N645L0H3Q, STM32N645X0H3Q, STM32N645Z0H3Q, STM32N647A0H3Q, STM32N647B0H3Q, STM32N647I0H3Q, STM32N647L0H3Q, STM32N647X0H3Q, STM32N647Z0H3Q, STM32N655A0H3Q, STM32N655B0H3Q, STM32N655I0H3Q, STM32N655L0H3Q, STM32N655X0H3Q, STM32N655Z0H3Q, STM32N6570-DK, STM32N657A0H3Q, STM32N657B0H3Q, STM32N657I0H3Q, STM32N657L0H3Q, STM32N657X0H3Q, STM32N657Z0H3Q, STM32U031C6T6, STM32U031C6U6, STM32U031C8T6, STM32U031C8U6, STM32U031F4P6, STM32U031F6P6, STM32U031F8P6, STM32U031G6Y6TR, STM32U031G8Y6TR, STM32U031K4U6, STM32U031K6U6, STM32U031K8U6, STM32U031R6I6, STM32U031R6T6, STM32U031R8I6, STM32U031R8T6, STM32U073C8T6, STM32U073C8U6, STM32U073CBT6, STM32U073CBU6, STM32U073CCT6, STM32U073CCU6, STM32U073H8Y6TR, STM32U073HBY6TR, STM32U073HCY6TR, STM32U073K8U6, STM32U073KBU6, STM32U073KCU6, STM32U073M8I6, STM32U073M8T6, STM32U073MBI6, STM32U073MBT6, STM32U073MCI6, STM32U073MCT6, STM32U073R8I6, STM32U073R8T6, STM32U073RBI6, STM32U073RBT6, STM32U073RCI6, STM32U073RCT6, STM32U083C-DK, STM32U083CCT6, STM32U083CCU6, STM32U083HCY6TR, STM32U083KCU6, STM32U083MCI6, STM32U083MCT6, STM32U083RCI6, STM32U083RCT6, STM32U375CET6, STM32U375CET6Q, STM32U375CEU6, STM32U375CEU6Q, STM32U375CEY6QTR, STM32U375CGT6, STM32U375CGT6Q, STM32U375CGU6, STM32U375CGU6Q, STM32U375CGY6QTR, STM32U375KEU6, STM32U375KGU6, STM32U375REI6, STM32U375REI6Q, STM32U375RET6, STM32U375RET6Q, STM32U375REY6GTR, STM32U375REY6QTR, STM32U375RGI6, STM32U375RGI6Q, STM32U375RGT6, STM32U375RGT6Q, STM32U375RGY6GTR, STM32U375RGY6QTR, STM32U375VEI6, STM32U375VEI6Q, STM32U375VET6, STM32U375VET6Q, STM32U375VGI6, STM32U375VGI6Q, STM32U375VGT6, STM32U375VGT6Q, STM32U385CGT6, STM32U385CGT6Q, STM32U385CGU6, STM32U385CGU6Q, STM32U385CGY6QTR, STM32U385KGU6, STM32U385RGI6, STM32U385RGI6Q, STM32U385RGT6, STM32U385RGT6Q, STM32U385RGY6GTR, STM32U385RGY6QTR, STM32U385VGI6, STM32U385VGI6Q, STM32U385VGT6, STM32U385VGT6Q, STM32U535CBT6, STM32U535CBT6Q, STM32U535CBU6, STM32U535CBU6Q, STM32U535CCT6, STM32U535CCT6Q, STM32U535CCU6, STM32U535CCU6Q, STM32U535CET6, STM32U535CET6Q, STM32U535CEU6, STM32U535CEU6Q, STM32U535JEY6QTR, STM32U535NCY6QTR, STM32U535NEY6QTR, STM32U535RBI6, STM32U535RBI6Q, STM32U535RBT6, STM32U535RBT6Q, STM32U535RCI6, STM32U535RCI6Q, STM32U535RCT6, STM32U535RCT6Q, STM32U535REI6, STM32U535REI6Q, STM32U535RET6, STM32U535RET6Q, STM32U535VCI6, STM32U535VCI6Q, STM32U535VCT6, STM32U535VCT6Q, STM32U535VEI6, STM32U535VEI6Q, STM32U535VET6, STM32U535VET6Q, STM32U545CET6, STM32U545CET6Q, STM32U545CEU6, STM32U545CEU6Q, STM32U545JEY6QTR, STM32U545NEY6QTR, STM32U545REI6, STM32U545REI6Q, STM32U545RET6, STM32U545RET6Q, STM32U545VEI6, STM32U545VEI6Q, STM32U545VET6, STM32U545VET6Q, STM32U595AIH6, STM32U595AIH6Q, STM32U595AJH6, STM32U595AJH6Q, STM32U595QII6, STM32U595QII6Q, STM32U595QJI6, STM32U595QJI6Q, STM32U595RIT6, STM32U595RIT6Q, STM32U595RJT6, STM32U595RJT6Q, STM32U595VIT6, STM32U595VIT6Q, STM32U595VJT6, STM32U595VJT6Q, STM32U595ZIT6, STM32U595ZIT6Q, STM32U595ZIY6QTR, STM32U595ZJT6, STM32U595ZJT6Q, STM32U595ZJY6QTR, STM32U599BJY6QTR, STM32U599NIH6Q, STM32U599NJH6Q, STM32U599VIT6Q, STM32U599VJT6, STM32U599VJT6Q, STM32U599ZIT6Q, STM32U599ZIY6QTR, STM32U599ZJT6Q, STM32U599ZJY6QTR, STM32U5A5AJH6, STM32U5A5AJH6Q, STM32U5A5QII3Q , STM32U5A5QJI6, STM32U5A5QJI6Q, STM32U5A5RJT6, STM32U5A5RJT6Q, STM32U5A5VJT6, STM32U5A5VJT6Q, STM32U5A5ZJT6, STM32U5A5ZJT6Q, STM32U5A5ZJY6QTR, STM32U5A9BJY6QTR, STM32U5A9J-DK, STM32U5A9NJH6Q, STM32U5A9VJT6Q, STM32U5A9ZJT6Q, STM32U5A9ZJY6QTR, STM32U5F7VIT6, STM32U5F7VIT6Q, STM32U5F7VJT6, STM32U5F7VJT6Q, STM32U5F9BJY6QTR, STM32U5F9NJH6Q, STM32U5F9VIT6Q, STM32U5F9VJT6Q, STM32U5F9ZIJ6QTR, STM32U5F9ZIT6Q, STM32U5F9ZJJ6QTR, STM32U5F9ZJT6Q, STM32U5G7VJT6, STM32U5G7VJT6Q, STM32U5G9BJY6QTR, STM32U5G9J-DK1, STM32U5G9J-DK2, STM32U5G9NJH6Q, STM32U5G9VJT6Q, STM32U5G9ZJJ6QTR, STM32U5G9ZJT6Q, STM32WB05KZV6TR, STM32WB05KZV7TR, STM32WB05TZF6TR, STM32WB05TZF7TR, STM32WB06CCF6TR, STM32WB06CCF7TR, STM32WB06CCV6TR, STM32WB06CCV7TR, STM32WB06KCV6TR, STM32WB06KCV7TR, STM32WB07CCF6TR, STM32WB07CCF7TR, STM32WB07CCV6TR, STM32WB07CCV7TR, STM32WB07KCV6TR, STM32WB07KCV7TR, STM32WB09KEV6TR, STM32WB09KEV7TR, STM32WB09TEF6TR, STM32WB09TEF7TR, STM32WB1MMCH6, STM32WBA50KGU6, STM32WBA50KGU6TR, STM32WBA52CEU6, STM32WBA52CEU6TR, STM32WBA52CEU7, STM32WBA52CEU7TR, STM32WBA52CGU6, STM32WBA52CGU6TR, STM32WBA52CGU6U, STM32WBA52CGU7, STM32WBA52CGU7TR, STM32WBA52KEU6, STM32WBA52KEU6TR, STM32WBA52KGU6, STM32WBA52KGU6TR, STM32WBA54CEU6, STM32WBA54CEU6TR, STM32WBA54CEU7, STM32WBA54CEU7TR, STM32WBA54CGU6, STM32WBA54CGU6TR, STM32WBA54CGU7, STM32WBA54CGU7TR, STM32WBA54KEU6, STM32WBA54KEU6TR, STM32WBA54KEU7, STM32WBA54KEU7TR, STM32WBA54KGU6, STM32WBA54KGU6TR, STM32WBA54KGU7, STM32WBA54KGU7TR, STM32WBA55CEU6, STM32WBA55CEU6TR, STM32WBA55CEU7, STM32WBA55CEU7TR, STM32WBA55CGU6, STM32WBA55CGU6TR, STM32WBA55CGU6U, STM32WBA55CGU7, STM32WBA55CGU7TR, STM32WBA55G-DK1, STM32WBA55HEF6, STM32WBA55HEF7, STM32WBA55HGF6, STM32WBA55HGF7, STM32WBA55UEI6, STM32WBA55UEI6TR, STM32WBA55UEI7, STM32WBA55UEI7TR, STM32WBA55UGI6, STM32WBA55UGI6TR, STM32WBA55UGI7, STM32WBA55UGI7TR, STM32WBA5MMGH6TR, STM32WBA62MGF6, STM32WBA62MIF6, STM32WBA65MGF7, STM32WBA65MIF6, STM32WBA65MIF7, STM32WL30K8V6, STM32WL30KBV6, STM32WL31C8V6, STM32WL31CBV6, STM32WL31K8V6, STM32WL31KBV6, STM32WL33C8V6, STM32WL33C8V6X, STM32WL33CBV6, STM32WL33CBV6X, STM32WL33CCV6, STM32WL33CCV6A, STM32WL33CCV6X, STM32WL33K8V7, STM32WL33K8V7X, STM32WL33KBV7 , STM32WL33KBV7X, STM32WL33KCV7, STM32WL33KCV7X, STM32WL5MOCH6, STM32WL5MOCH6TR]
2025-08-16 14:12:39,901 [INFO] BoardInfo:889 - No configuration file found for board P-NUCLEO-WB55
2025-08-16 14:12:39,902 [INFO] DbBoards:161 - Kit is not supported: P-NUCLEO-WB55
2025-08-16 14:12:39,908 [INFO] BoardInfo:889 - No configuration file found for board STEVAL-BFA001V1B
2025-08-16 14:12:39,909 [INFO] DbBoards:161 - Kit is not supported: STEVAL-BFA001V1B
2025-08-16 14:12:39,909 [INFO] BoardInfo:889 - No configuration file found for board STEVAL-BFA001V2B
2025-08-16 14:12:39,910 [INFO] DbBoards:161 - Kit is not supported: STEVAL-BFA001V2B
2025-08-16 14:12:40,094 [INFO] DbBoards:168 - Found 212 boards, 209 are supported
2025-08-16 14:12:40,094 [INFO] DbBoards:169 - Found 212 boards, 43 of them is supported for  Bsp
2025-08-16 14:12:40,097 [INFO] ApiDb:668 - CubeFinder database Data Model version=2.1
2025-08-16 14:12:40,097 [INFO] ApiDb:669 - CubeFinder database Configuration version=3.0.39
2025-08-16 14:12:40,098 [INFO] ApiDb:670 - CubeFinder database generation date=2025-07-24 (1753349077)
2025-08-16 14:12:40,098 [INFO] ApiDb:671 - CubeFinder database FW Pack versions=[FP-ATR-ASTRA1_V2.0.0, FP-SNS-FLIGHT1_V5.1.0, FP-SNS-MOTENV1_V5.0.0, FP-SNS-MOTENVWB1_V1.4.0, FP-SNS-SMARTAG2_V1.2.0, FP-SNS-STBOX1_V2.0.0, STM32Cube_FW_C0_V1.4.0, STM32Cube_FW_F4_V1.28.2, STM32Cube_FW_F7_V1.17.3, STM32Cube_FW_G0_V1.6.2, STM32Cube_FW_G4_V1.6.1, STM32Cube_FW_H5_V1.5.0, STM32Cube_FW_H7RS_V1.2.0, STM32Cube_FW_H7_V1.12.1, STM32Cube_FW_L0_V1.12.2, STM32Cube_FW_L4_V1.18.1, STM32Cube_FW_L5_V1.5.1, STM32Cube_FW_N6_V1.2.0, STM32Cube_FW_U0_V1.3.0, STM32Cube_FW_U3_V1.2.0, STM32Cube_FW_U5_V1.8.0, STM32Cube_FW_WB0_V1.3.0, STM32Cube_FW_WBA_V1.7.0, STM32Cube_FW_WB_V1.23.0, STM32Cube_FW_WL3_V1.2.0, STM32Cube_FW_WL_V1.3.1, X-CUBE-ALGOBUILD_V1.4.0, X-CUBE-ALS_V1.0.2, X-CUBE-AZRTOS-F4_V1.1.0, X-CUBE-AZRTOS-F7_V1.1.0, X-CUBE-AZRTOS-G0_V1.1.0, X-CUBE-AZRTOS-G4_V2.0.0, X-CUBE-AZRTOS-H7RS_V1.1.0, X-CUBE-AZRTOS-H7_V3.4.0, X-CUBE-AZRTOS-L4_V2.0.0, X-CUBE-AZRTOS-L5_V2.0.0, X-CUBE-AZRTOS-WB_V2.0.0, X-CUBE-AZRTOS-WL_V2.0.0, X-CUBE-BLE1_V7.1.0, X-CUBE-BLE2_V3.3.0, X-CUBE-BLEMGR_V4.1.0, X-CUBE-EEPRMA1_V5.2.0, X-CUBE-FREERTOS_V1.3.1, X-CUBE-GNSS1_V6.0.0, X-CUBE-MEMS1_V11.3.0, X-CUBE-NFC4_V3.0.0, X-CUBE-NFC7_V2.0.0, X-CUBE-SFXS2LP1_V4.0.0, X-CUBE-ST67W61_V1.0.0, X-CUBE-SUBG2_V5.0.0, X-CUBE-TOF1_V3.4.3]
2025-08-16 14:12:41,542 [INFO] ApiDb:240 - Found 880 in-development CPN: [B-G473E-ZEST1S, B-WB1M-WPAN1, B-WBA5M-WPAN, B-WL5M-SUBG1, NUCLEO-C031C6, NUCLEO-C051C8, NUCLEO-C071RB, NUCLEO-C092RC, NUCLEO-H503RB, NUCLEO-H533RE, NUCLEO-H563ZI, NUCLEO-H7S3L8, NUCLEO-N657X0-Q, NUCLEO-U031R8, NUCLEO-U083RC, NUCLEO-U385RG-Q, NUCLEO-U545RE-Q, NUCLEO-U5A5ZJ-Q, NUCLEO-WB05KZ, NUCLEO-WB07CC, NUCLEO-WB09KE, NUCLEO-WBA52CG, NUCLEO-WBA55CG, NUCLEO-WL33CC1, NUCLEO-WL33CC2, STEVAL-PROTEUS1, STEVAL-SMARTAG2, STEVAL-STWINBX1, STM320518-EVAL, STM32C0116-DK, STM32C011D6Y3TR, STM32C011D6Y6TR, STM32C011F4P3, STM32C011F4P6, STM32C011F4U3, STM32C011F4U6TR, STM32C011F6P3, STM32C011F6P6, STM32C011F6U3, STM32C011F6U6TR, STM32C011J4M3, STM32C011J4M6, STM32C011J6M3, STM32C011J6M6, STM32C0316-DK, STM32C031C4T3, STM32C031C4T6, STM32C031C4U3, STM32C031C4U6, STM32C031C6T3, STM32C031C6T6, STM32C031C6U3, STM32C031C6U6, STM32C031F4P3, STM32C031F4P6, STM32C031F6P3, STM32C031F6P6, STM32C031G4U3, STM32C031G4U6, STM32C031G6U3, STM32C031G6U6, STM32C031K4T3, STM32C031K4T6, STM32C031K4U3, STM32C031K4U6, STM32C031K6T3, STM32C031K6T6, STM32C031K6U3, STM32C031K6U6, STM32C051C6T6, STM32C051C6U6, STM32C051C8T6, STM32C051C8U6, STM32C051D8Y6TR, STM32C051F6P6, STM32C051F8P6, STM32C051G6U6, STM32C051G8U6, STM32C051K6T6, STM32C051K6U6, STM32C051K8T6, STM32C071C8T6, STM32C071C8T6N, STM32C071C8U6, STM32C071C8U6N, STM32C071CBT6, STM32C071CBT6N, STM32C071CBU6, STM32C071CBU6N, STM32C071F8P6, STM32C071F8P6N, STM32C071FBP6, STM32C071FBP6N, STM32C071FBY6TR, STM32C071G8U6, STM32C071G8U6N, STM32C071GBU6, STM32C071GBU6N, STM32C071K8T6, STM32C071K8T6N, STM32C071K8U6, STM32C071K8U6N, STM32C071KBT6, STM32C071KBT6N, STM32C071KBU6, STM32C071KBU6N, STM32C071R8T6, STM32C071R8T6N, STM32C071RBI6N, STM32C071RBT6, STM32C071RBT6N, STM32C091CBT6, STM32C091CBU6, STM32C091CCT6, STM32C091CCU6, STM32C091ECY6TR, STM32C091FBP6, STM32C091FCP6, STM32C091GBU6, STM32C091GCU6, STM32C091KBT6, STM32C091KBU6, STM32C091KCT6, STM32C091KCU6, STM32C091RBT6, STM32C091RCI6, STM32C091RCT6, STM32C092CBT6, STM32C092CBU6, STM32C092CCT6, STM32C092CCU6, STM32C092ECY6TR, STM32C092FBP6, STM32C092FCP6, STM32C092GBU6, STM32C092GCU6, STM32C092KBT6, STM32C092KBU6, STM32C092KCT6, STM32C092KCU6, STM32C092RBT6, STM32C092RCI6, STM32C092RCT6, STM32G071K8TXN, STM32G071K8UXN, STM32G081GBU6N, STM32G081KBT6N, STM32G081KBUXN, STM32G0B1CCT6N, STM32G0B1KCT6, STM32G0B1NEY6TR, STM32G0B1RCT6N, STM32G0C1CCT6, STM32G0C1CCT6N, STM32G0C1CCU6N, STM32G0C1CET6N, STM32G0C1CEU6N, STM32G0C1KCT6, STM32G0C1NEY6TR, STM32G0C1RCI6N, STM32G0C1RCT6N, STM32G0C1REI6N, STM32G0C1RET6N, STM32G0C1VCI6, STM32G0C1VEI6, STM32G411C6T3, STM32G411C6T6, STM32G411C6U3, STM32G411C6U6, STM32G411C8T3, STM32G411C8T6, STM32G411C8U3, STM32G411C8U6, STM32G411CBT3, STM32G411CBT6, STM32G411CBU3, STM32G411CBU6, STM32G411K6T3, STM32G411K6T6, STM32G411K6U3, STM32G411K6U6, STM32G411K8T3, STM32G411K8T6, STM32G411K8U3, STM32G411K8U6, STM32G411KBT3, STM32G411KBT6, STM32G411KBU3, STM32G411KBU6, STM32G411M6T3, STM32G411M6T6, STM32G411M8T3, STM32G411M8T6, STM32G411MBT3, STM32G411MBT6, STM32G411R6T3, STM32G411R6T6, STM32G411R8T3, STM32G411R8T6, STM32G411RBT3, STM32G411RBT6, STM32G414CBT3, STM32G414CBT6, STM32G414CBU3, STM32G414CBU6, STM32G414CCT3, STM32G414CCT6, STM32G414CCU3, STM32G414CCU6, STM32G414MBT3, STM32G414MBT6, STM32G414MCT3, STM32G414MCT6, STM32G414RBT3, STM32G414RBT6, STM32G414RCT3, STM32G414RCT6, STM32G414VBT3, STM32G414VBT6, STM32G414VCT3, STM32G414VCT6, STM32G431CBT3Z, STM32G431RBT3Z, STM32G471CCT6, STM32G471CCU6, STM32G471CET3, STM32G471CET6, STM32G471CEU3, STM32G471CEU6, STM32G471MCT6, STM32G471MET3, STM32G471MET6, STM32G471MEY6TR, STM32G471QCT6, STM32G471QET3, STM32G471RCT6, STM32G471RET3, STM32G471RET6, STM32G471VCH6, STM32G471VCI6, STM32G471VCT6, STM32G471VEH3, STM32G471VEH6, STM32G471VEI3, STM32G471VEI6, STM32G471VET3, STM32G471VET6, STM32G473QET3Z, STM32G473RET3Z, STM32G474CCT6, STM32G491RET3Z, STM32H503CBT6, STM32H503CBU6, STM32H503EBY6TR, STM32H503KBU6, STM32H503RBT6, STM32H523CCT6, STM32H523CCU6, STM32H523CET6, STM32H523CEU6, STM32H523HEY6TR, STM32H523RCT6, STM32H523RET6, STM32H523VCI6, STM32H523VCT6, STM32H523VEI6, STM32H523VET6, STM32H523ZCJ6, STM32H523ZCT6, STM32H523ZEJ6, STM32H523ZET6, STM32H533CET6, STM32H533CEU6, STM32H533HEY6TR, STM32H533RET6, STM32H533VEI6, STM32H533VET6, STM32H533ZEJ6, STM32H533ZET6, STM32H562AGI6, STM32H562AII6, STM32H562IGK6, STM32H562IGT6, STM32H562IIK6, STM32H562IIT6, STM32H562RGT6, STM32H562RGV6, STM32H562RIT6, STM32H562RIV6, STM32H562VGT6, STM32H562VIT6, STM32H562ZGT6, STM32H562ZIT6, STM32H563AGI6, STM32H563AII3Q, STM32H563AII6, STM32H563IGK6, STM32H563IGT6, STM32H563IIK3Q, STM32H563IIK6, STM32H563IIT3Q, STM32H563IIT6, STM32H563MIY3QTR, STM32H563RGT6, STM32H563RGV6, STM32H563RIT6, STM32H563RIV6, STM32H563VGT6, STM32H563VIT3Q, STM32H563VIT6, STM32H563ZGT6, STM32H563ZIT3Q, STM32H563ZIT6, STM32H573AII3Q, STM32H573AII6, STM32H573I-DK, STM32H573IIK3Q, STM32H573IIK6, STM32H573IIT3Q, STM32H573IIT6, STM32H573MIY3QTR, STM32H573RIT6, STM32H573RIV6, STM32H573VIT3Q, STM32H573VIT6, STM32H573ZIT3Q, STM32H573ZIT6, STM32H7R3A8I6, STM32H7R3I8K6, STM32H7R3I8T6, STM32H7R3L8H6, STM32H7R3L8H6H, STM32H7R3R8V6, STM32H7R3V8H6, STM32H7R3V8T6, STM32H7R3V8Y6TR, STM32H7R3Z8J6, STM32H7R3Z8T6, STM32H7R7A8I6, STM32H7R7I8K6, STM32H7R7I8T6, STM32H7R7L8H6, STM32H7R7L8H6H, STM32H7R7Z8J6, STM32H7S3A8I6, STM32H7S3I8K6, STM32H7S3I8T6, STM32H7S3L8H6, STM32H7S3L8H6H, STM32H7S3R8V6, STM32H7S3V8H6, STM32H7S3V8T6, STM32H7S3V8Y6TR, STM32H7S3Z8J6, STM32H7S3Z8T6, STM32H7S78-DK, STM32H7S7A8I6, STM32H7S7I8K6, STM32H7S7I8T6, STM32H7S7L8H6, STM32H7S7L8H6H, STM32H7S7Z8J6, STM32L4R5QGI6STR, STM32MP131AAE3, STM32MP131AAF3, STM32MP131AAG3, STM32MP131CAE3, STM32MP131CAF3, STM32MP131CAG3, STM32MP131DAE7, STM32MP131DAF7, STM32MP131DAG7, STM32MP131FAE7, STM32MP131FAF7, STM32MP131FAG7, STM32MP133AAE3, STM32MP133AAF3, STM32MP133AAG3, STM32MP133CAE3, STM32MP133CAF3, STM32MP133CAG3, STM32MP133DAE7, STM32MP133DAF7, STM32MP133DAG7, STM32MP133FAE7, STM32MP133FAF7, STM32MP133FAG7, STM32MP135AAE3, STM32MP135AAF3, STM32MP135AAG3, STM32MP135CAE3, STM32MP135CAF3, STM32MP135CAG3, STM32MP135DAE7, STM32MP135DAF7, STM32MP135DAG7, STM32MP135F-DK, STM32MP135FAE7, STM32MP135FAF7, STM32MP135FAF7T, STM32MP135FAF7U, STM32MP135FAG7, STM32MP211AAL3, STM32MP211AAM3, STM32MP211AAN3, STM32MP211AAO3, STM32MP211CAL3, STM32MP211CAM3, STM32MP211CAN3, STM32MP211CAO3, STM32MP211DAL3, STM32MP211DAM3, STM32MP211DAN3, STM32MP211DAO3, STM32MP211FAL3, STM32MP211FAM3, STM32MP211FAN3, STM32MP211FAO3, STM32MP213AAL3, STM32MP213AAM3, STM32MP213AAN3, STM32MP213AAO3, STM32MP213CAL3, STM32MP213CAM3, STM32MP213CAN3, STM32MP213CAO3, STM32MP213DAL3, STM32MP213DAM3, STM32MP213DAN3, STM32MP213DAO3, STM32MP213FAL3, STM32MP213FAM3, STM32MP213FAN3, STM32MP213FAO3, STM32MP215AAL3, STM32MP215AAM3, STM32MP215AAN3, STM32MP215AAO3, STM32MP215CAL3, STM32MP215CAM3, STM32MP215CAN3, STM32MP215CAO3, STM32MP215DAL3, STM32MP215DAM3, STM32MP215DAN3, STM32MP215DAO3, STM32MP215F-DK, STM32MP215FAL3, STM32MP215FAM3, STM32MP215FAN3, STM32MP215FAO3, STM32MP231AAJ3, STM32MP231AAK3, STM32MP231AAL3, STM32MP231CAJ3, STM32MP231CAK3, STM32MP231CAL3, STM32MP231DAJ3, STM32MP231DAK3, STM32MP231DAL3, STM32MP231FAJ3, STM32MP231FAK3, STM32MP231FAL3, STM32MP233AAJ3, STM32MP233AAK3, STM32MP233AAL3, STM32MP233CAJ3, STM32MP233CAK3, STM32MP233CAL3, STM32MP233DAJ3, STM32MP233DAK3, STM32MP233DAL3, STM32MP233FAJ3, STM32MP233FAK3, STM32MP233FAL3, STM32MP235AAJ3, STM32MP235AAK3, STM32MP235AAL3, STM32MP235CAJ3, STM32MP235CAK3, STM32MP235CAL3, STM32MP235DAJ3, STM32MP235DAK3, STM32MP235DAL3, STM32MP235FAJ3, STM32MP235FAK3, STM32MP235FAL3, STM32MP251AAI3, STM32MP251AAK3, STM32MP251AAL3, STM32MP251CAI3, STM32MP251CAK3, STM32MP251CAL3, STM32MP251DAI3, STM32MP251DAK3, STM32MP251DAL3, STM32MP251FAI3, STM32MP251FAK3, STM32MP251FAL3, STM32MP253AAI3, STM32MP253AAK3, STM32MP253AAL3, STM32MP253CAI3, STM32MP253CAK3, STM32MP253CAL3, STM32MP253DAI3, STM32MP253DAK3, STM32MP253DAL3, STM32MP253FAI3, STM32MP253FAK3, STM32MP253FAL3, STM32MP255AAI3, STM32MP255AAK3, STM32MP255AAL3, STM32MP255CAI3, STM32MP255CAK3, STM32MP255CAL3, STM32MP255DAI3, STM32MP255DAK3, STM32MP255DAL3, STM32MP255FAI3, STM32MP255FAK3, STM32MP255FAL3, STM32MP257AAI3, STM32MP257AAK3, STM32MP257AAL3, STM32MP257CAI3, STM32MP257CAK3, STM32MP257CAL3, STM32MP257DAI3, STM32MP257DAK3, STM32MP257DAL3, STM32MP257F-DK, STM32MP257F-EV1, STM32MP257FAI3, STM32MP257FAK3, STM32MP257FAL3, STM32N645A0H3Q, STM32N645B0H3Q, STM32N645I0H3Q, STM32N645L0H3Q, STM32N645X0H3Q, STM32N645Z0H3Q, STM32N647A0H3Q, STM32N647B0H3Q, STM32N647I0H3Q, STM32N647L0H3Q, STM32N647X0H3Q, STM32N647Z0H3Q, STM32N655A0H3Q, STM32N655B0H3Q, STM32N655I0H3Q, STM32N655L0H3Q, STM32N655X0H3Q, STM32N655Z0H3Q, STM32N6570-DK, STM32N657A0H3Q, STM32N657B0H3Q, STM32N657I0H3Q, STM32N657L0H3Q, STM32N657X0H3Q, STM32N657Z0H3Q, STM32U031C6T6, STM32U031C6U6, STM32U031C8T6, STM32U031C8U6, STM32U031F4P6, STM32U031F6P6, STM32U031F8P6, STM32U031G6Y6TR, STM32U031G8Y6TR, STM32U031K4U6, STM32U031K6U6, STM32U031K8U6, STM32U031R6I6, STM32U031R6T6, STM32U031R8I6, STM32U031R8T6, STM32U073C8T6, STM32U073C8U6, STM32U073CBT6, STM32U073CBU6, STM32U073CCT6, STM32U073CCU6, STM32U073H8Y6TR, STM32U073HBY6TR, STM32U073HCY6TR, STM32U073K8U6, STM32U073KBU6, STM32U073KCU6, STM32U073M8I6, STM32U073M8T6, STM32U073MBI6, STM32U073MBT6, STM32U073MCI6, STM32U073MCT6, STM32U073R8I6, STM32U073R8T6, STM32U073RBI6, STM32U073RBT6, STM32U073RCI6, STM32U073RCT6, STM32U083C-DK, STM32U083CCT6, STM32U083CCU6, STM32U083HCY6TR, STM32U083KCU6, STM32U083MCI6, STM32U083MCT6, STM32U083RCI6, STM32U083RCT6, STM32U375CET6, STM32U375CET6Q, STM32U375CEU6, STM32U375CEU6Q, STM32U375CEY6QTR, STM32U375CGT6, STM32U375CGT6Q, STM32U375CGU6, STM32U375CGU6Q, STM32U375CGY6QTR, STM32U375KEU6, STM32U375KGU6, STM32U375REI6, STM32U375REI6Q, STM32U375RET6, STM32U375RET6Q, STM32U375REY6GTR, STM32U375REY6QTR, STM32U375RGI6, STM32U375RGI6Q, STM32U375RGT6, STM32U375RGT6Q, STM32U375RGY6GTR, STM32U375RGY6QTR, STM32U375VEI6, STM32U375VEI6Q, STM32U375VET6, STM32U375VET6Q, STM32U375VGI6, STM32U375VGI6Q, STM32U375VGT6, STM32U375VGT6Q, STM32U385CGT6, STM32U385CGT6Q, STM32U385CGU6, STM32U385CGU6Q, STM32U385CGY6QTR, STM32U385KGU6, STM32U385RGI6, STM32U385RGI6Q, STM32U385RGT6, STM32U385RGT6Q, STM32U385RGY6GTR, STM32U385RGY6QTR, STM32U385VGI6, STM32U385VGI6Q, STM32U385VGT6, STM32U385VGT6Q, STM32U535CBT6, STM32U535CBT6Q, STM32U535CBU6, STM32U535CBU6Q, STM32U535CCT6, STM32U535CCT6Q, STM32U535CCU6, STM32U535CCU6Q, STM32U535CET6, STM32U535CET6Q, STM32U535CEU6, STM32U535CEU6Q, STM32U535JEY6QTR, STM32U535NCY6QTR, STM32U535NEY6QTR, STM32U535RBI6, STM32U535RBI6Q, STM32U535RBT6, STM32U535RBT6Q, STM32U535RCI6, STM32U535RCI6Q, STM32U535RCT6, STM32U535RCT6Q, STM32U535REI6, STM32U535REI6Q, STM32U535RET6, STM32U535RET6Q, STM32U535VCI6, STM32U535VCI6Q, STM32U535VCT6, STM32U535VCT6Q, STM32U535VEI6, STM32U535VEI6Q, STM32U535VET6, STM32U535VET6Q, STM32U545CET6, STM32U545CET6Q, STM32U545CEU6, STM32U545CEU6Q, STM32U545JEY6QTR, STM32U545NEY6QTR, STM32U545REI6, STM32U545REI6Q, STM32U545RET6, STM32U545RET6Q, STM32U545VEI6, STM32U545VEI6Q, STM32U545VET6, STM32U545VET6Q, STM32U595AIH6, STM32U595AIH6Q, STM32U595AJH6, STM32U595AJH6Q, STM32U595QII6, STM32U595QII6Q, STM32U595QJI6, STM32U595QJI6Q, STM32U595RIT6, STM32U595RIT6Q, STM32U595RJT6, STM32U595RJT6Q, STM32U595VIT6, STM32U595VIT6Q, STM32U595VJT6, STM32U595VJT6Q, STM32U595ZIT6, STM32U595ZIT6Q, STM32U595ZIY6QTR, STM32U595ZJT6, STM32U595ZJT6Q, STM32U595ZJY6QTR, STM32U599BJY6QTR, STM32U599NIH6Q, STM32U599NJH6Q, STM32U599VIT6Q, STM32U599VJT6, STM32U599VJT6Q, STM32U599ZIT6Q, STM32U599ZIY6QTR, STM32U599ZJT6Q, STM32U599ZJY6QTR, STM32U5A5AJH6, STM32U5A5AJH6Q, STM32U5A5QII3Q , STM32U5A5QJI6, STM32U5A5QJI6Q, STM32U5A5RJT6, STM32U5A5RJT6Q, STM32U5A5VJT6, STM32U5A5VJT6Q, STM32U5A5ZJT6, STM32U5A5ZJT6Q, STM32U5A5ZJY6QTR, STM32U5A9BJY6QTR, STM32U5A9J-DK, STM32U5A9NJH6Q, STM32U5A9VJT6Q, STM32U5A9ZJT6Q, STM32U5A9ZJY6QTR, STM32U5F7VIT6, STM32U5F7VIT6Q, STM32U5F7VJT6, STM32U5F7VJT6Q, STM32U5F9BJY6QTR, STM32U5F9NJH6Q, STM32U5F9VIT6Q, STM32U5F9VJT6Q, STM32U5F9ZIJ6QTR, STM32U5F9ZIT6Q, STM32U5F9ZJJ6QTR, STM32U5F9ZJT6Q, STM32U5G7VJT6, STM32U5G7VJT6Q, STM32U5G9BJY6QTR, STM32U5G9J-DK1, STM32U5G9J-DK2, STM32U5G9NJH6Q, STM32U5G9VJT6Q, STM32U5G9ZJJ6QTR, STM32U5G9ZJT6Q, STM32WB05KZV6TR, STM32WB05KZV7TR, STM32WB05TZF6TR, STM32WB05TZF7TR, STM32WB06CCF6TR, STM32WB06CCF7TR, STM32WB06CCV6TR, STM32WB06CCV7TR, STM32WB06KCV6TR, STM32WB06KCV7TR, STM32WB07CCF6TR, STM32WB07CCF7TR, STM32WB07CCV6TR, STM32WB07CCV7TR, STM32WB07KCV6TR, STM32WB07KCV7TR, STM32WB09KEV6TR, STM32WB09KEV7TR, STM32WB09TEF6TR, STM32WB09TEF7TR, STM32WB1MMCH6, STM32WBA50KGU6, STM32WBA50KGU6TR, STM32WBA52CEU6, STM32WBA52CEU6TR, STM32WBA52CEU7, STM32WBA52CEU7TR, STM32WBA52CGU6, STM32WBA52CGU6TR, STM32WBA52CGU6U, STM32WBA52CGU7, STM32WBA52CGU7TR, STM32WBA52KEU6, STM32WBA52KEU6TR, STM32WBA52KGU6, STM32WBA52KGU6TR, STM32WBA54CEU6, STM32WBA54CEU6TR, STM32WBA54CEU7, STM32WBA54CEU7TR, STM32WBA54CGU6, STM32WBA54CGU6TR, STM32WBA54CGU7, STM32WBA54CGU7TR, STM32WBA54KEU6, STM32WBA54KEU6TR, STM32WBA54KEU7, STM32WBA54KEU7TR, STM32WBA54KGU6, STM32WBA54KGU6TR, STM32WBA54KGU7, STM32WBA54KGU7TR, STM32WBA55CEU6, STM32WBA55CEU6TR, STM32WBA55CEU7, STM32WBA55CEU7TR, STM32WBA55CGU6, STM32WBA55CGU6TR, STM32WBA55CGU6U, STM32WBA55CGU7, STM32WBA55CGU7TR, STM32WBA55G-DK1, STM32WBA55HEF6, STM32WBA55HEF7, STM32WBA55HGF6, STM32WBA55HGF7, STM32WBA55UEI6, STM32WBA55UEI6TR, STM32WBA55UEI7, STM32WBA55UEI7TR, STM32WBA55UGI6, STM32WBA55UGI6TR, STM32WBA55UGI7, STM32WBA55UGI7TR, STM32WBA5MMGH6TR, STM32WBA62MGF6, STM32WBA62MIF6, STM32WBA65MGF7, STM32WBA65MIF6, STM32WBA65MIF7, STM32WL30K8V6, STM32WL30KBV6, STM32WL31C8V6, STM32WL31CBV6, STM32WL31K8V6, STM32WL31KBV6, STM32WL33C8V6, STM32WL33C8V6X, STM32WL33CBV6, STM32WL33CBV6X, STM32WL33CCV6, STM32WL33CCV6A, STM32WL33CCV6X, STM32WL33K8V7, STM32WL33K8V7X, STM32WL33KBV7 , STM32WL33KBV7X, STM32WL33KCV7, STM32WL33KCV7X, STM32WL5MOCH6, STM32WL5MOCH6TR]
2025-08-16 14:12:41,548 [INFO] DbMcus:218 - Found 4801 MCUs, 4801 are supported
2025-08-16 14:12:41,549 [INFO] ApiDb:423 - Load user favorites file C:\Users\Thorin/.stm32cubeide/favorites.mcus.txt: 0 item(s)
2025-08-16 14:12:41,549 [INFO] ApiDb:427 - User favorites MCUs=[]
2025-08-16 14:12:41,549 [INFO] DbMcus:224 - Set 0 / 0 favorites MCUs
2025-08-16 14:12:41,881 [INFO] ApiDb:423 - Load user favorites file C:\Users\Thorin/.stm32cubeide/favorites.boards.txt: 0 item(s)
2025-08-16 14:12:41,881 [INFO] ApiDb:427 - User favorites Boards=[]
2025-08-16 14:12:41,881 [INFO] DbBoards:198 - Set 0 / 0 favorites Boards
2025-08-16 14:12:41,947 [INFO] UtilMem:75 - End LoadConfig() Used Memory: 308881096 Bytes (459276288)
2025-08-16 14:12:42,040 [WARN] ThirdParty:833 - waiting for thirdparty lock release [change project]
2025-08-16 14:12:42,041 [INFO] ThirdParty:835 - entering critical section [change project]
2025-08-16 14:12:42,041 [INFO] ThirdParty:1030 - CMSIS Pack Vendor :STMicroelectronics X-CUBE-PM33A1 1.0.0
2025-08-16 14:12:42,041 [INFO] ThirdParty:1030 - CMSIS Pack Vendor :STMicroelectronics USBPD 4.1
2025-08-16 14:12:42,041 [INFO] ThirdParty:1030 - CMSIS Pack Vendor :STMicroelectronics X-CUBE-NFC9 1.0.0
2025-08-16 14:12:42,041 [INFO] ThirdParty:1030 - CMSIS Pack Vendor :STMicroelectronics USB_HOST 2.0.0
2025-08-16 14:12:42,041 [INFO] ThirdParty:1030 - CMSIS Pack Vendor :STMicroelectronics FP-SNS-MOTENVWB1 1.4.0
2025-08-16 14:12:42,041 [INFO] ThirdParty:1030 - CMSIS Pack Vendor :STMicroelectronics X-CUBE-AZRTOS-F4 1.1.0
2025-08-16 14:12:42,041 [INFO] ThirdParty:1030 - CMSIS Pack Vendor :STMicroelectronics LIBJPEG 8.0.0
2025-08-16 14:12:42,041 [INFO] ThirdParty:1030 - CMSIS Pack Vendor :STMicroelectronics FP-ATR-ASTRA1 2.0.2
2025-08-16 14:12:42,041 [INFO] ThirdParty:1030 - CMSIS Pack Vendor :wolfSSL I-CUBE-wolfSSL 5.8.2
2025-08-16 14:12:42,041 [INFO] ThirdParty:1030 - CMSIS Pack Vendor :STMicroelectronics X-CUBE-BLE1 7.1.0
2025-08-16 14:12:42,041 [INFO] ThirdParty:1030 - CMSIS Pack Vendor :Avnet-IotConnect X-CUBE-IoTC-DA16k-PMOD 1.0.0
2025-08-16 14:12:42,041 [INFO] ThirdParty:1030 - CMSIS Pack Vendor :STMicroelectronics X-CUBE-SMBUS 2.1.0
2025-08-16 14:12:42,041 [INFO] ThirdParty:1030 - CMSIS Pack Vendor :wolfSSL I-CUBE-wolfMQTT 1.19.2
2025-08-16 14:12:42,041 [INFO] ThirdParty:1030 - CMSIS Pack Vendor :STMicroelectronics USB_DEVICE 3.0.0
2025-08-16 14:12:42,041 [INFO] ThirdParty:1030 - CMSIS Pack Vendor :STMicroelectronics X-CUBE-ISPU 2.1.0
2025-08-16 14:12:42,041 [INFO] ThirdParty:1030 - CMSIS Pack Vendor :STMicroelectronics X-CUBE-EEPRMA1 5.2.0
2025-08-16 14:12:42,041 [INFO] ThirdParty:1030 - CMSIS Pack Vendor :STMicroelectronics X-CUBE-BLEMGR 4.1.0
2025-08-16 14:12:42,041 [INFO] ThirdParty:1030 - CMSIS Pack Vendor :STMicroelectronics X-CUBE-AZRTOS-WB 2.0.0
2025-08-16 14:12:42,041 [INFO] ThirdParty:1030 - CMSIS Pack Vendor :STMicroelectronics X-CUBE-ST60 1.0.0
2025-08-16 14:12:42,041 [INFO] ThirdParty:1030 - CMSIS Pack Vendor :STMicroelectronics X-CUBE-GNSS1 7.0.1
2025-08-16 14:12:42,041 [INFO] ThirdParty:1030 - CMSIS Pack Vendor :STMicroelectronics X-CUBE-NFC12 1.0.0
2025-08-16 14:12:42,041 [INFO] ThirdParty:1030 - CMSIS Pack Vendor :STMicroelectronics X-CUBE-AZRTOS-F7 1.1.0
2025-08-16 14:12:42,041 [INFO] ThirdParty:1030 - CMSIS Pack Vendor :STMicroelectronics X-CUBE-AZRTOS-L5 2.0.0
2025-08-16 14:12:42,041 [INFO] ThirdParty:1030 - CMSIS Pack Vendor :STMicroelectronics X-CUBE-TOUCHGFX 4.25.0
2025-08-16 14:12:42,041 [INFO] ThirdParty:1030 - CMSIS Pack Vendor :STMicroelectronics USB_DEVICE 2.0.0
2025-08-16 14:12:42,041 [INFO] ThirdParty:1030 - CMSIS Pack Vendor :STMicroelectronics X-CUBE-NFC6 3.1.0
2025-08-16 14:12:42,041 [INFO] ThirdParty:1030 - CMSIS Pack Vendor :quantropi X-CUBE-qispace-sdk-base 2.1.0
2025-08-16 14:12:42,041 [INFO] ThirdParty:1030 - CMSIS Pack Vendor :STMicroelectronics FreeRTOS 0.0.1
2025-08-16 14:12:42,042 [INFO] ThirdParty:1030 - CMSIS Pack Vendor :STMicroelectronics X-CUBE-AZRTOS-G0 1.1.0
2025-08-16 14:12:42,042 [INFO] ThirdParty:1030 - CMSIS Pack Vendor :STMicroelectronics X-CUBE-SAFEA1 1.2.2
2025-08-16 14:12:42,042 [INFO] ThirdParty:1030 - CMSIS Pack Vendor :STMicroelectronics X-CUBE-NFC4 3.0.0
2025-08-16 14:12:42,042 [INFO] ThirdParty:1030 - CMSIS Pack Vendor :STMicroelectronics X-CUBE-SUBG2 5.0.0
2025-08-16 14:12:42,042 [INFO] ThirdParty:1030 - CMSIS Pack Vendor :STMicroelectronics X-CUBE-AZRTOS-H7RS 1.1.0
2025-08-16 14:12:42,042 [INFO] ThirdParty:1030 - CMSIS Pack Vendor :STMicroelectronics STM32_WPAN 1.0.0
2025-08-16 14:12:42,042 [INFO] ThirdParty:1030 - CMSIS Pack Vendor :EmbeddedOffice I-CUBE-FS-RTOS 1.0.1
2025-08-16 14:12:42,042 [INFO] ThirdParty:1030 - CMSIS Pack Vendor :STMicroelectronics lwIP 2.0.3
2025-08-16 14:12:42,042 [INFO] ThirdParty:1030 - CMSIS Pack Vendor :Cesanta I-CUBE-Mongoose 7.13.0
2025-08-16 14:12:42,042 [INFO] ThirdParty:1030 - CMSIS Pack Vendor :STMicroelectronics USB_HOST 1.0.0
2025-08-16 14:12:42,042 [INFO] ThirdParty:1030 - CMSIS Pack Vendor :Infineon AIROC-Wi-Fi-Bluetooth-STM32 1.7.1
2025-08-16 14:12:42,042 [INFO] ThirdParty:1030 - CMSIS Pack Vendor :STMicroelectronics X-CUBE-AZRTOS-G4 2.0.0
2025-08-16 14:12:42,042 [INFO] ThirdParty:1030 - CMSIS Pack Vendor :STMicroelectronics X-CUBE-WB05N 2.0.0
2025-08-16 14:12:42,042 [INFO] ThirdParty:1030 - CMSIS Pack Vendor :STMicroelectronics PDM2PCM 3.1.0
2025-08-16 14:12:42,042 [INFO] ThirdParty:1030 - CMSIS Pack Vendor :STMicroelectronics PDM2PCM 3.3.0
2025-08-16 14:12:42,042 [INFO] ThirdParty:1030 - CMSIS Pack Vendor :wolfSSL I-CUBE-wolfTPM 3.8.0
2025-08-16 14:12:42,042 [INFO] ThirdParty:1030 - CMSIS Pack Vendor :STMicroelectronics X-CUBE-AZRTOS-H7 3.4.0
2025-08-16 14:12:42,042 [INFO] ThirdParty:1030 - CMSIS Pack Vendor :STMicroelectronics X-CUBE-DISPLAY 3.0.0
2025-08-16 14:12:42,042 [INFO] ThirdParty:1030 - CMSIS Pack Vendor :wolfSSL I-CUBE-wolfSSH 1.4.20
2025-08-16 14:12:42,042 [INFO] ThirdParty:1030 - CMSIS Pack Vendor :STMicroelectronics X-CUBE-NFC7 2.0.0
2025-08-16 14:12:42,042 [INFO] ThirdParty:1030 - CMSIS Pack Vendor :STMicroelectronics X-CUBE-TCPP 4.2.0
2025-08-16 14:12:42,042 [INFO] ThirdParty:1030 - CMSIS Pack Vendor :RealThread X-CUBE-RT-Thread_Nano 4.1.1
2025-08-16 14:12:42,042 [INFO] ThirdParty:1030 - CMSIS Pack Vendor :STMicroelectronics FP-ATR-SIGFOX1 3.2.0
2025-08-16 14:12:42,042 [INFO] ThirdParty:1030 - CMSIS Pack Vendor :STMicroelectronics X-CUBE-NFC10 1.0.0
2025-08-16 14:12:42,042 [INFO] ThirdParty:1030 - CMSIS Pack Vendor :STMicroelectronics X-CUBE-FREERTOS 1.3.1
2025-08-16 14:12:42,042 [INFO] ThirdParty:1030 - CMSIS Pack Vendor :STMicroelectronics HAL Drivers 0.0.0
2025-08-16 14:12:42,042 [INFO] ThirdParty:1030 - CMSIS Pack Vendor :STMicroelectronics MBEDTLS 2.16.2
2025-08-16 14:12:42,042 [INFO] ThirdParty:1030 - CMSIS Pack Vendor :STMicroelectronics X-CUBE-IPS 3.1.0
2025-08-16 14:12:42,042 [INFO] ThirdParty:1030 - CMSIS Pack Vendor :STMicroelectronics X-CUBE-ALS 1.0.2
2025-08-16 14:12:42,042 [INFO] ThirdParty:1030 - CMSIS Pack Vendor :emotas I-CUBE-CANOPEN 1.3.0
2025-08-16 14:12:42,042 [INFO] ThirdParty:1030 - CMSIS Pack Vendor :STMicroelectronics MBEDTLS 2.14.1
2025-08-16 14:12:42,042 [INFO] ThirdParty:1030 - CMSIS Pack Vendor :ITTIA_DB I-CUBE-ITTIADB 8.9.0
2025-08-16 14:12:42,042 [INFO] ThirdParty:1030 - CMSIS Pack Vendor :portGmbH I-Cube-SoM-uGOAL 1.1.0
2025-08-16 14:12:42,042 [INFO] ThirdParty:1030 - CMSIS Pack Vendor :STMicroelectronics X-CUBE-ST67W61 1.0.0
2025-08-16 14:12:42,042 [INFO] ThirdParty:1030 - CMSIS Pack Vendor :STMicroelectronics FP-SNS-STBOX1 2.1.0
2025-08-16 14:12:42,042 [INFO] ThirdParty:1030 - CMSIS Pack Vendor :STMicroelectronics X-CUBE-AI 10.2.0
2025-08-16 14:12:42,042 [INFO] ThirdParty:1030 - CMSIS Pack Vendor :STMicroelectronics FP-SNS-STAIOTCFT 1.0.0
2025-08-16 14:12:42,042 [INFO] ThirdParty:1030 - CMSIS Pack Vendor :STMicroelectronics ThreadX 1.0.0
2025-08-16 14:12:42,042 [INFO] ThirdParty:1030 - CMSIS Pack Vendor :STMicroelectronics FP-SNS-SMARTAG2 1.2.0
2025-08-16 14:12:42,043 [INFO] ThirdParty:1030 - CMSIS Pack Vendor :STMicroelectronics FP-SNS-FLIGHT1 5.1.0
2025-08-16 14:12:42,043 [INFO] ThirdParty:1030 - CMSIS Pack Vendor :STMicroelectronics X-CUBE-AZRTOS-WL 2.0.0
2025-08-16 14:12:42,043 [INFO] ThirdParty:1030 - CMSIS Pack Vendor :SEGGER I-CUBE-embOS 1.3.1
2025-08-16 14:12:42,043 [INFO] ThirdParty:1030 - CMSIS Pack Vendor :STMicroelectronics X-CUBE-ALGOBUILD 1.4.0
2025-08-16 14:12:42,043 [INFO] ThirdParty:1030 - CMSIS Pack Vendor :STMicroelectronics X-CUBE-DPower 1.3.0
2025-08-16 14:12:42,043 [INFO] ThirdParty:1030 - CMSIS Pack Vendor :STMicroelectronics X-CUBE-MEMS1 11.3.0
2025-08-16 14:12:42,043 [INFO] ThirdParty:1030 - CMSIS Pack Vendor :STMicroelectronics FP-SNS-MOTENV1 5.0.0
2025-08-16 14:12:42,043 [INFO] ThirdParty:1030 - CMSIS Pack Vendor :STMicroelectronics USB_DEVICE 1.0.0
2025-08-16 14:12:42,043 [INFO] ThirdParty:1030 - CMSIS Pack Vendor :STMicroelectronics X-CUBE-AZRTOS-L4 2.0.0
2025-08-16 14:12:42,043 [INFO] ThirdParty:1030 - CMSIS Pack Vendor :STMicroelectronics ThreadX 0.0.2
2025-08-16 14:12:42,043 [INFO] ThirdParty:1030 - CMSIS Pack Vendor :WES I-CUBE-Cesium 1.3.0
2025-08-16 14:12:42,043 [INFO] ThirdParty:1030 - CMSIS Pack Vendor :STMicroelectronics lwIP 2.1.2
2025-08-16 14:12:42,043 [INFO] ThirdParty:1030 - CMSIS Pack Vendor :STMicroelectronics X-CUBE-SFXS2LP1 4.0.0
2025-08-16 14:12:42,043 [INFO] ThirdParty:1030 - CMSIS Pack Vendor :STMicroelectronics X-CUBE-BLE2 3.3.0
2025-08-16 14:12:42,043 [INFO] ThirdParty:1030 - CMSIS Pack Vendor :STMicroelectronics X-CUBE-TOF1 3.4.3
2025-08-16 14:12:42,043 [INFO] ThirdParty:1030 - CMSIS Pack Vendor :STMicroelectronics PDM2PCM 3.2.0
2025-08-16 14:12:42,043 [INFO] ThirdParty:841 - exiting critical section [change project]
2025-08-16 14:12:42,489 [INFO] PinOutPanel:1589 - setPackage(No Configuration,No Configuration)
2025-08-16 14:12:42,491 [INFO] PinOutPanel:1589 - setPackage(STM32L476RGTx,LQFP64)
2025-08-16 14:12:43,177 [INFO] UtilMem:75 - Before build in PCC Used Memory: 362807296 Bytes (459276288)
2025-08-16 14:12:43,923 [INFO] UtilMem:75 - After build in PCC Used Memory: 217517040 Bytes (459276288)
2025-08-16 14:12:43,951 [INFO] IPUIPlugin:80 - create IPUIPlugin
2025-08-16 14:12:43,951 [INFO] IPUIPlugin:80 - create IPUIPlugin
2025-08-16 14:12:43,951 [INFO] IPUIPlugin:80 - create IPUIPlugin
2025-08-16 14:12:43,951 [INFO] IPUIPlugin:80 - create IPUIPlugin
2025-08-16 14:12:43,951 [INFO] IPUIPlugin:80 - create IPUIPlugin
2025-08-16 14:12:43,951 [INFO] IPUIPlugin:80 - create IPUIPlugin
2025-08-16 14:12:43,951 [INFO] IPUIPlugin:80 - create IPUIPlugin
2025-08-16 14:12:43,952 [INFO] IPUIPlugin:80 - create IPUIPlugin
2025-08-16 14:12:43,952 [INFO] IPUIPlugin:80 - create IPUIPlugin
2025-08-16 14:12:43,952 [INFO] IPUIPlugin:80 - create IPUIPlugin
2025-08-16 14:12:43,952 [INFO] IPUIPlugin:80 - create IPUIPlugin
2025-08-16 14:12:43,952 [INFO] IPUIPlugin:80 - create IPUIPlugin
2025-08-16 14:12:43,952 [INFO] IPUIPlugin:80 - create IPUIPlugin
2025-08-16 14:12:43,952 [INFO] IPUIPlugin:80 - create IPUIPlugin
2025-08-16 14:12:43,952 [INFO] IPUIPlugin:80 - create IPUIPlugin
2025-08-16 14:12:43,952 [INFO] IPUIPlugin:80 - create IPUIPlugin
2025-08-16 14:12:43,952 [INFO] IPUIPlugin:80 - create IPUIPlugin
2025-08-16 14:12:43,953 [INFO] IPUIPlugin:80 - create IPUIPlugin
2025-08-16 14:12:43,953 [INFO] IPUIPlugin:80 - create IPUIPlugin
2025-08-16 14:12:43,953 [INFO] IPUIPlugin:80 - create IPUIPlugin
2025-08-16 14:12:43,953 [INFO] IPUIPlugin:80 - create IPUIPlugin
2025-08-16 14:12:43,953 [INFO] IPUIPlugin:80 - create IPUIPlugin
2025-08-16 14:12:43,954 [INFO] IPUIPlugin:80 - create IPUIPlugin
2025-08-16 14:12:43,954 [INFO] IPUIPlugin:80 - create IPUIPlugin
2025-08-16 14:12:43,954 [INFO] IPUIPlugin:80 - create IPUIPlugin
2025-08-16 14:12:43,954 [INFO] IPUIPlugin:80 - create IPUIPlugin
2025-08-16 14:12:43,954 [INFO] IPUIPlugin:80 - create IPUIPlugin
2025-08-16 14:12:43,955 [INFO] IPUIPlugin:80 - create IPUIPlugin
2025-08-16 14:12:43,955 [INFO] IPUIPlugin:80 - create IPUIPlugin
2025-08-16 14:12:43,955 [INFO] IPUIPlugin:80 - create IPUIPlugin
2025-08-16 14:12:43,955 [INFO] IPUIPlugin:80 - create IPUIPlugin
2025-08-16 14:12:43,956 [INFO] IPUIPlugin:80 - create IPUIPlugin
2025-08-16 14:12:43,956 [INFO] IPUIPlugin:80 - create IPUIPlugin
2025-08-16 14:12:43,956 [INFO] IPUIPlugin:80 - create IPUIPlugin
2025-08-16 14:12:43,956 [INFO] IPUIPlugin:80 - create IPUIPlugin
2025-08-16 14:12:43,956 [INFO] IPUIPlugin:80 - create IPUIPlugin
2025-08-16 14:12:43,956 [INFO] IPUIPlugin:80 - create IPUIPlugin
2025-08-16 14:12:43,957 [INFO] IPUIPlugin:80 - create IPUIPlugin
2025-08-16 14:12:43,957 [INFO] IPUIPlugin:80 - create IPUIPlugin
2025-08-16 14:12:43,957 [INFO] IPUIPlugin:80 - create IPUIPlugin
2025-08-16 14:12:43,957 [INFO] IPUIPlugin:80 - create IPUIPlugin
2025-08-16 14:12:43,957 [INFO] IPUIPlugin:80 - create IPUIPlugin
2025-08-16 14:12:43,957 [INFO] IPUIPlugin:80 - create IPUIPlugin
2025-08-16 14:12:43,957 [INFO] IPUIPlugin:80 - create IPUIPlugin
2025-08-16 14:12:43,958 [INFO] IPUIPlugin:80 - create IPUIPlugin
2025-08-16 14:12:43,958 [INFO] IPUIPlugin:80 - create IPUIPlugin
2025-08-16 14:12:43,958 [INFO] IPUIPlugin:80 - create IPUIPlugin
2025-08-16 14:12:43,958 [INFO] IPUIPlugin:80 - create IPUIPlugin
2025-08-16 14:12:43,958 [INFO] IPUIPlugin:80 - create IPUIPlugin
2025-08-16 14:12:43,959 [INFO] IPUIPlugin:80 - create IPUIPlugin
2025-08-16 14:12:43,959 [INFO] IPUIPlugin:80 - create IPUIPlugin
2025-08-16 14:12:43,959 [INFO] IPUIPlugin:80 - create IPUIPlugin
2025-08-16 14:12:43,959 [INFO] IPUIPlugin:80 - create IPUIPlugin
2025-08-16 14:12:43,960 [INFO] IPUIPlugin:80 - create IPUIPlugin
2025-08-16 14:12:43,960 [INFO] IPUIPlugin:80 - create IPUIPlugin
2025-08-16 14:12:43,960 [INFO] IPUIPlugin:80 - create IPUIPlugin
2025-08-16 14:12:43,960 [INFO] IPUIPlugin:80 - create IPUIPlugin
2025-08-16 14:12:43,960 [INFO] IPUIPlugin:80 - create IPUIPlugin
2025-08-16 14:12:43,961 [INFO] IPUIPlugin:80 - create IPUIPlugin
2025-08-16 14:12:44,142 [INFO] CADModel:165 - CPN selected for project levelSTM32L476RGT3
2025-08-16 14:12:44,142 [INFO] CADModel:114 - Register for checkConnection events
2025-08-16 14:12:44,203 [INFO] OpenFileManager:386 - Restore cursor
2025-08-16 14:15:02,710 [INFO] UtilMem:75 - End SaveConfig() Used Memory: 677714552 Bytes (875560960)
2025-08-16 14:15:02,879 [INFO] LogOutputStream:77 - [STDOUT_REDIRECT] This download action requires prior login. To proceed, please use the 'login' command with your my.st.com account email and password.
2025-08-16 14:15:02,881 [INFO] LogOutputStream:77 - [STDOUT_REDIRECT] Run 'login <email> <password> <remember_me>' for example 'login john.smith@st.com mypassword y'.
2025-08-16 14:15:02,883 [INFO] LogOutputStream:77 - [STDOUT_REDIRECT] If you do not have a my.st.com account, please visit https://st.com website to create one.
2025-08-16 14:15:45,240 [INFO] LogOutputStream:77 - [STDOUT_REDIRECT] This download action requires prior login. To proceed, please use the 'login' command with your my.st.com account email and password.
2025-08-16 14:15:45,241 [INFO] LogOutputStream:77 - [STDOUT_REDIRECT] Run 'login <email> <password> <remember_me>' for example 'login john.smith@st.com mypassword y'.
2025-08-16 14:15:45,243 [INFO] LogOutputStream:77 - [STDOUT_REDIRECT] If you do not have a my.st.com account, please visit https://st.com website to create one.
2025-08-16 14:15:54,616 [INFO] LogOutputStream:77 - [STDOUT_REDIRECT] This download action requires prior login. To proceed, please use the 'login' command with your my.st.com account email and password.
2025-08-16 14:15:54,617 [INFO] LogOutputStream:77 - [STDOUT_REDIRECT] Run 'login <email> <password> <remember_me>' for example 'login john.smith@st.com mypassword y'.
2025-08-16 14:15:54,618 [INFO] LogOutputStream:77 - [STDOUT_REDIRECT] If you do not have a my.st.com account, please visit https://st.com website to create one.
2025-08-16 14:15:58,088 [INFO] LogOutputStream:77 - [STDOUT_REDIRECT] This download action requires prior login. To proceed, please use the 'login' command with your my.st.com account email and password.
2025-08-16 14:15:58,089 [INFO] LogOutputStream:77 - [STDOUT_REDIRECT] Run 'login <email> <password> <remember_me>' for example 'login john.smith@st.com mypassword y'.
2025-08-16 14:15:58,090 [INFO] LogOutputStream:77 - [STDOUT_REDIRECT] If you do not have a my.st.com account, please visit https://st.com website to create one.
2025-08-16 14:18:02,462 [INFO] MainUpdater:2872 - connection check result : 10
2025-08-16 14:18:02,611 [INFO] McuFinderGlobals:76 - Set McuFinderConnectedMode to true
2025-08-16 14:18:02,618 [INFO] MultiScanPanel:200 - Auto-refresh data requested => check proxy status ongoing
2025-08-16 14:18:02,620 [INFO] FinderPluginLoader:96 - Searching for filters in installed packs
2025-08-16 14:18:03,675 [INFO] LoadUrlFilesThread:185 - End of LoadServerUrlFiles without Thread
2025-08-16 14:18:03,733 [INFO] DetailPanel:341 - Set advertising image to C:/Users/Thorin/STM32Cube/Repository/\en.2400x1350px.jpeg
2025-08-16 14:18:08,007 [INFO] MultiScanPanel:200 - Auto-refresh data requested => check proxy status ongoing
2025-08-16 14:18:08,102 [INFO] LoadUrlFilesThread:185 - End of LoadServerUrlFiles without Thread
2025-08-16 14:18:08,102 [INFO] DetailPanel:341 - Set advertising image to C:/Users/Thorin/STM32Cube/Repository/\en.2400x1350px.jpeg
2025-08-16 14:18:08,111 [INFO] DbBoards:642 - Loading board mini-images...
2025-08-16 14:18:09,525 [ERROR] DbBoards:659 - Image file not found for board STM32MP215F-DK: C:\Users\Thorin\.stmcufinder\plugins\mcufinder//mcu//boards_images/STM32MP215F-DK.jpg
2025-08-16 14:18:09,614 [INFO] DbBoards:665 - Loaded 211 board mini-images
2025-08-16 14:19:14,413 [INFO] MainUpdater:2872 - connection check result : 10
2025-08-16 14:19:14,413 [INFO] MainUpdater:2872 - connection check result : 10
2025-08-16 14:19:14,426 [ERROR] IocParser:57 - IOException caught: C:\Users\Thorin\STM32CubeIDE\workspace_1.19.0\blink_led\blink_led.ioc (The system cannot find the path specified)
2025-08-16 14:19:14,427 [ERROR] PeripheralListParser:95 - Something went wrong with ioc file reading: C:\Users\Thorin\STM32CubeIDE\workspace_1.19.0\blink_led\blink_led.ioc (The system cannot find the path specified)
2025-08-16 14:19:14,427 [ERROR] RegexParser:59 - Issue caught when parsing regex: C:\Users\Thorin\STM32CubeIDE\workspace_1.19.0\blink_led\blink_led.ioc (The system cannot find the path specified)
2025-08-16 14:19:14,462 [INFO] MicroXplorer:468 - Change Database Path : 
2025-08-16 14:19:14,462 [INFO] MicroXplorer:498 - Change Database Version : DB.6.0.150
2025-08-16 14:19:14,482 [ERROR] ProjectManagerView:395 - 
java.lang.NullPointerException: Cannot invoke "javax.swing.JTextField.getText()" because the return value of "java.util.List.get(int)" is null
	at com.st.microxplorer.plugins.projectmanager.gui.ProjectChoiceTab$9.caretUpdate(ProjectChoiceTab.java:2706) ~[filemanager.jar:?]
	at javax.swing.text.JTextComponent.fireCaretUpdate(JTextComponent.java:408) ~[?:?]
	at javax.swing.text.JTextComponent$MutableCaretEvent.fire(JTextComponent.java:4484) ~[?:?]
	at javax.swing.text.JTextComponent$MutableCaretEvent.stateChanged(JTextComponent.java:4506) ~[?:?]
	at javax.swing.text.DefaultCaret.fireStateChanged(DefaultCaret.java:857) ~[?:?]
	at javax.swing.text.DefaultCaret.changeCaretPosition(DefaultCaret.java:1343) ~[?:?]
	at javax.swing.text.DefaultCaret.handleSetDot(DefaultCaret.java:1242) ~[?:?]
	at javax.swing.text.DefaultCaret.setDot(DefaultCaret.java:1223) ~[?:?]
	at javax.swing.text.DefaultCaret$Handler.insertUpdate(DefaultCaret.java:1819) ~[?:?]
	at javax.swing.text.AbstractDocument.fireInsertUpdate(AbstractDocument.java:227) ~[?:?]
	at javax.swing.text.AbstractDocument.handleInsertString(AbstractDocument.java:781) ~[?:?]
	at javax.swing.text.AbstractDocument.insertString(AbstractDocument.java:740) ~[?:?]
	at javax.swing.text.PlainDocument.insertString(PlainDocument.java:131) ~[?:?]
	at javax.swing.text.AbstractDocument.replace(AbstractDocument.java:699) ~[?:?]
	at javax.swing.text.JTextComponent.setText(JTextComponent.java:1725) ~[?:?]
	at com.st.microxplorer.plugins.projectmanager.gui.ProjectChoiceTab.createHeapStackFields(ProjectChoiceTab.java:993) ~[filemanager.jar:?]
	at com.st.microxplorer.plugins.projectmanager.gui.ProjectChoiceTab.buildLinkSettingsPanel(ProjectChoiceTab.java:3813) ~[filemanager.jar:?]
	at com.st.microxplorer.plugins.projectmanager.gui.ProjectChoiceTab.defineWindowsFields(ProjectChoiceTab.java:1987) ~[filemanager.jar:?]
	at com.st.microxplorer.plugins.projectmanager.gui.ProjectChoiceTab.updateSettings(ProjectChoiceTab.java:558) ~[filemanager.jar:?]
	at com.st.microxplorer.plugins.projectmanager.gui.ProjectSettingsPanel.UpdateDialog(ProjectSettingsPanel.java:247) ~[filemanager.jar:?]
	at com.st.microxplorer.plugins.projectmanager.ProjectManagerView.propertyChange(ProjectManagerView.java:392) ~[filemanager.jar:?]
	at java.beans.PropertyChangeSupport.fire(PropertyChangeSupport.java:343) ~[?:?]
	at java.beans.PropertyChangeSupport.firePropertyChange(PropertyChangeSupport.java:335) ~[?:?]
	at java.beans.PropertyChangeSupport.firePropertyChange(PropertyChangeSupport.java:268) ~[?:?]
	at com.st.microxplorer.util.MXPropertyChangeSupport.firePropertyChange(MXPropertyChangeSupport.java:54) ~[STM32CubeMX.jar:?]
	at com.st.microxplorer.mxsystem.MxSystem.closeConfig(MxSystem.java:899) ~[STM32CubeMX.jar:?]
	at com.st.microxplorer.maingui.MainPanel.closeConfig(MainPanel.java:792) ~[STM32CubeMX.jar:?]
	at com.st.microxplorer.plugins.filemanager.engine.OpenFileManager.loadConfigurationFile(OpenFileManager.java:288) ~[filemanager.jar:?]
	at com.st.microxplorer.plugins.filemanager.engine.MainFileManager.userLoadConfig(MainFileManager.java:364) ~[filemanager.jar:?]
	at com.st.microxplorer.plugins.filemanager.FileManagerView.getSpecificTask(FileManagerView.java:268) ~[filemanager.jar:?]
	at com.st.stm32cube.common.mx.editor.CubeMxEditor.getMxTabbedPaneInstance(CubeMxEditor.java:1191) ~[com.st.stm32cube.common.mx_6.15.0.202507011659/:?]
	at com.st.stm32cube.common.mx.editor.CubeMxEditor$12$1.createSwingComponent(CubeMxEditor.java:1068) ~[com.st.stm32cube.common.mx_6.15.0.202507011659/:?]
	at com.st.stm32cube.common.mx.oss.core.awtswtbridge.EmbeddedSwingComposite.doComponentCreation(EmbeddedSwingComposite.java:492) ~[com.st.stm32cube.common.mx.oss_6.15.0.202507011659/:?]
	at com.st.stm32cube.common.mx.oss.core.awtswtbridge.EmbeddedSwingComposite$4.run(EmbeddedSwingComposite.java:291) ~[com.st.stm32cube.common.mx.oss_6.15.0.202507011659/:?]
	at com.st.stm32cube.common.mx.oss.core.awtswtbridge.AwtEnvironment$2.run(AwtEnvironment.java:166) ~[com.st.stm32cube.common.mx.oss_6.15.0.202507011659/:?]
	at java.awt.event.InvocationEvent.dispatch(InvocationEvent.java:318) ~[?:?]
	at java.awt.EventQueue.dispatchEventImpl(EventQueue.java:773) ~[?:?]
	at java.awt.EventQueue$4.run(EventQueue.java:720) ~[?:?]
	at java.awt.EventQueue$4.run(EventQueue.java:714) ~[?:?]
	at java.security.AccessController.doPrivileged(AccessController.java:400) ~[?:?]
	at java.security.ProtectionDomain$JavaSecurityAccessImpl.doIntersectionPrivilege(ProtectionDomain.java:87) ~[?:?]
	at java.awt.EventQueue.dispatchEvent(EventQueue.java:742) ~[?:?]
	at java.awt.EventDispatchThread.pumpOneEventForFilters(EventDispatchThread.java:203) ~[?:?]
	at java.awt.EventDispatchThread.pumpEventsForFilter(EventDispatchThread.java:124) ~[?:?]
	at java.awt.EventDispatchThread.pumpEventsForHierarchy(EventDispatchThread.java:113) ~[?:?]
	at java.awt.EventDispatchThread.pumpEvents(EventDispatchThread.java:109) ~[?:?]
	at java.awt.EventDispatchThread.pumpEvents(EventDispatchThread.java:101) ~[?:?]
	at java.awt.EventDispatchThread.run(EventDispatchThread.java:90) ~[?:?]
2025-08-16 14:19:14,491 [WARN] ThirdParty:871 - waiting for thirdparty lock release [close project]
2025-08-16 14:19:14,491 [INFO] ThirdParty:873 - entering critical section [close project]
2025-08-16 14:19:14,491 [INFO] ThirdParty:883 - exiting critical section [close project]
2025-08-16 14:19:14,492 [INFO] PinOutPanel:1589 - setPackage(No Configuration,No Configuration)
2025-08-16 14:19:14,501 [INFO] UtilMem:75 - Begin LoadConfig() Used Memory: 262651936 Bytes (772800512)
2025-08-16 14:19:14,502 [INFO] OpenFileManager:355 - Change cursor
2025-08-16 14:19:14,543 [INFO] RulesReader:64 - Compatibility file has been processed (317 Rules)
2025-08-16 14:19:14,555 [INFO] ProjectFactory:514 - No CPN specified for board NUCLEO-L476RG => set CPN to STM32L476RGT3
2025-08-16 14:19:14,555 [INFO] Mcu:2029 - Initializing MCU STM32L476R(C-E-G)Tx STM32L476RGTx STM32L476RGT3
2025-08-16 14:19:15,767 [INFO] Context:786 - Trying to add GPIOservice into a context  which must be forbidden
2025-08-16 14:19:16,328 [INFO] Rule:233 - rule 117617 - U5Cobra4M][GTZC] default value MPCBB3 and MPCBB5 - Not Secured memory - MPCBB1 is applicable
2025-08-16 14:19:16,328 [INFO] Rule:233 - rule 117617 - U5Cobra4M][GTZC] default value MPCBB3 and MPCBB5 - Not Secured memory - MPCBB1 is applicable
2025-08-16 14:19:16,328 [INFO] Rule:233 - rule 117617 - U5Cobra4M][GTZC] default value MPCBB3 and MPCBB5 - Not Secured memory - MPCBB2 is applicable
2025-08-16 14:19:16,328 [INFO] Rule:233 - rule 117617 - U5Cobra4M][GTZC] default value MPCBB3 and MPCBB5 - Not Secured memory - MPCBB2 is applicable
2025-08-16 14:19:16,328 [INFO] Rule:233 - rule 117617 - U5Cobra4M][GTZC] default value MPCBB3 and MPCBB5 - Not Secured memory - MPCBB3 is applicable
2025-08-16 14:19:16,328 [INFO] Rule:233 - rule 117617 - U5Cobra4M][GTZC] default value MPCBB3 and MPCBB5 - Not Secured memory - MPCBB3 is applicable
2025-08-16 14:19:16,328 [INFO] Rule:233 - rule 117617 - U5Cobra4M][GTZC] default value MPCBB3 and MPCBB5 - Not Secured memory - MPCBB4 is applicable
2025-08-16 14:19:16,328 [INFO] Rule:233 - rule 117617 - U5Cobra4M][GTZC] default value MPCBB3 and MPCBB5 - Not Secured memory - MPCBB4 is applicable
2025-08-16 14:19:16,328 [INFO] Rule:233 - rule 117617 - U5Cobra4M][GTZC] default value MPCBB3 and MPCBB5 - Secured memory - MPCBB1 is applicable
2025-08-16 14:19:16,328 [INFO] Rule:233 - rule 117617 - U5Cobra4M][GTZC] default value MPCBB3 and MPCBB5 - Secured memory - MPCBB2 is applicable
2025-08-16 14:19:16,328 [INFO] Rule:233 - rule 117617 - U5Cobra4M][GTZC] default value MPCBB3 and MPCBB5 - Secured memory - MPCBB3 is applicable
2025-08-16 14:19:16,328 [INFO] Rule:233 - rule 117617 - U5Cobra4M][GTZC] default value MPCBB3 and MPCBB5 - Secured memory - MPCBB4 is applicable
2025-08-16 14:19:16,328 [INFO] Rule:233 - rule 117617 - U5Cobra4M][GTZC] default value MPCBB3 and MPCBB5 - Privileged memory - MPCBB1 is applicable
2025-08-16 14:19:16,328 [INFO] Rule:233 - rule 117617 - U5Cobra4M][GTZC] default value MPCBB3 and MPCBB5 - Privileged memory - MPCBB2 is applicable
2025-08-16 14:19:16,328 [INFO] Rule:233 - rule 117617 - U5Cobra4M][GTZC] default value MPCBB3 and MPCBB5 - Privileged memory - MPCBB3 is applicable
2025-08-16 14:19:16,328 [INFO] Rule:233 - rule 117617 - U5Cobra4M][GTZC] default value MPCBB3 and MPCBB5 - Privileged memory - MPCBB4 is applicable
2025-08-16 14:19:16,328 [INFO] Rule:233 - rule 117617 - U5Cobra4M][GTZC] default value MPCBB3 and MPCBB5 - Not Privileged memory - MPCBB1 is applicable
2025-08-16 14:19:16,328 [INFO] Rule:233 - rule 117617 - U5Cobra4M][GTZC] default value MPCBB3 and MPCBB5 - Not Privileged memory - MPCBB2 is applicable
2025-08-16 14:19:16,328 [INFO] Rule:233 - rule 117617 - U5Cobra4M][GTZC] default value MPCBB3 and MPCBB5 - Not Privileged memory - MPCBB3 is applicable
2025-08-16 14:19:16,328 [INFO] Rule:233 - rule 117617 - U5Cobra4M][GTZC] default value MPCBB3 and MPCBB5 - Not Privileged memory - MPCBB4 is applicable
2025-08-16 14:19:16,328 [INFO] Rule:233 - rule 117617 - U5Cobra4M][GTZC] default value MPCBB3 and MPCBB5 - Privileged memory - MPCBB1 is applicable
2025-08-16 14:19:16,328 [INFO] Rule:233 - rule 117617 - U5Cobra4M][GTZC] default value MPCBB3 and MPCBB5 - Privileged memory - MPCBB2 is applicable
2025-08-16 14:19:16,329 [INFO] Rule:233 - rule 117617 - U5Cobra4M][GTZC] default value MPCBB3 and MPCBB5 - Privileged memory - MPCBB3 is applicable
2025-08-16 14:19:16,329 [INFO] Rule:233 - rule 117617 - U5Cobra4M][GTZC] default value MPCBB3 and MPCBB5 - Privileged memory - MPCBB4 is applicable
2025-08-16 14:19:16,329 [INFO] Rule:233 - rule 117617 - U5Cobra4M][GTZC] default value MPCBB3 and MPCBB5 - Privileged memory - MPCBB1 is applicable
2025-08-16 14:19:16,329 [INFO] Rule:233 - rule 117617 - U5Cobra4M][GTZC] default value MPCBB3 and MPCBB5 - Privileged memory - MPCBB2 is applicable
2025-08-16 14:19:16,329 [INFO] Rule:233 - rule 117617 - U5Cobra4M][GTZC] default value MPCBB3 and MPCBB5 - Privileged memory - MPCBB3 is applicable
2025-08-16 14:19:16,329 [INFO] Rule:233 - rule 117617 - U5Cobra4M][GTZC] default value MPCBB3 and MPCBB5 - Privileged memory - MPCBB4 is applicable
2025-08-16 14:19:16,329 [INFO] Rule:233 - rule 117617 - U5Cobra4M][GTZC] default value MPCBB3 and MPCBB5 - Not Privileged memory - MPCBB1 is applicable
2025-08-16 14:19:16,329 [INFO] Rule:233 - rule 117617 - U5Cobra4M][GTZC] default value MPCBB3 and MPCBB5 - Not Privileged memory - MPCBB2 is applicable
2025-08-16 14:19:16,329 [INFO] Rule:233 - rule 117617 - U5Cobra4M][GTZC] default value MPCBB3 and MPCBB5 - Not Privileged memory - MPCBB3 is applicable
2025-08-16 14:19:16,329 [INFO] Rule:233 - rule 117617 - U5Cobra4M][GTZC] default value MPCBB3 and MPCBB5 - Not Privileged memory - MPCBB4 is applicable
2025-08-16 14:19:16,329 [INFO] Rule:233 - rule 117617 - U5Cobra4M][GTZC] default value MPCBB3 and MPCBB5 - Privileged memory - MPCBB1 is applicable
2025-08-16 14:19:16,329 [INFO] Rule:233 - rule 117617 - U5Cobra4M][GTZC] default value MPCBB3 and MPCBB5 - Privileged memory - MPCBB2 is applicable
2025-08-16 14:19:16,329 [INFO] Rule:233 - rule 117617 - U5Cobra4M][GTZC] default value MPCBB3 and MPCBB5 - Privileged memory - MPCBB3 is applicable
2025-08-16 14:19:16,329 [INFO] Rule:233 - rule 117617 - U5Cobra4M][GTZC] default value MPCBB3 and MPCBB5 - Privileged memory - MPCBB4 is applicable
2025-08-16 14:19:16,329 [INFO] Rule:233 - rule Rename SubGHz_Phy SUBGHZ_APPLICATION SUBGHZ_PINGPONG to SUBGHZ_ADV_APPLICATION is applicable
2025-08-16 14:19:16,329 [INFO] Rule:233 - rule Rename Enabled to IBEACON is applicable
2025-08-16 14:19:16,329 [INFO] Rule:233 - rule GTZC_S instance for project manager is applicable
2025-08-16 14:19:16,329 [INFO] Rule:233 - rule GTZC_S instance for context M33S is applicable
2025-08-16 14:19:16,329 [INFO] Rule:233 - rule GTZC_S instance value for IP GTZC is applicable
2025-08-16 14:19:16,329 [INFO] Rule:233 - rule GTZC_S instance for mcu.IP is applicable
2025-08-16 14:19:16,329 [INFO] Rule:233 - rule GTZC_S instance for VP is applicable
2025-08-16 14:19:16,329 [INFO] Rule:233 - rule GTZC_S instance for signal is applicable
2025-08-16 14:19:16,329 [INFO] Rule:233 - rule GTZC_S instance for mcu.Pin is applicable
2025-08-16 14:19:16,329 [INFO] Rule:233 - rule GTZC_S instance for VP is applicable
2025-08-16 14:19:16,329 [INFO] Rule:233 - rule GTZC_S instance for signal is applicable
2025-08-16 14:19:16,329 [INFO] Rule:233 - rule GTZC_S instance for mcu is applicable
2025-08-16 14:19:16,329 [INFO] Rule:233 - rule GTZC_S instance for mcu.Pin is applicable
2025-08-16 14:19:16,329 [INFO] Rule:233 - rule GTZC_S instance value for IP GTZC is applicable
2025-08-16 14:19:16,329 [INFO] Rule:233 - rule GTZC_S instance for project manager is applicable
2025-08-16 14:19:16,329 [INFO] Rule:233 - rule GTZC_S instance for context M33S is applicable
2025-08-16 14:19:16,329 [INFO] Rule:233 - rule GTZC_S instance for VP is applicable
2025-08-16 14:19:16,329 [INFO] Rule:233 - rule GTZC_S instance for signal is applicable
2025-08-16 14:19:16,329 [INFO] Rule:233 - rule SPDIFRX instance for mcu is applicable
2025-08-16 14:19:16,329 [INFO] Rule:233 - rule Rename Tracer Mode is applicable
2025-08-16 14:19:16,329 [INFO] Rule:233 - rule SPDIFRX instance value for IP SPDIFRX is applicable
2025-08-16 14:19:16,329 [INFO] Rule:233 - rule SPDIFRX instance for signal is applicable
2025-08-16 14:19:16,329 [INFO] Rule:233 - rule SPDIFRX instance for project manager is applicable
2025-08-16 14:19:16,329 [INFO] Rule:233 - rule SPDIFRX instance for project manager is applicable
2025-08-16 14:19:16,329 [INFO] Rule:233 - rule ADC Scan  fix with FW F7 is applicable
2025-08-16 14:19:16,330 [INFO] Rule:233 - rule ADC Scan  fix with FW F7 is applicable
2025-08-16 14:19:16,330 [INFO] Rule:233 - rule WakeUp0 Mode is applicable
2025-08-16 14:19:16,330 [INFO] Rule:233 - rule WakeUp0 SIGNAL is applicable
2025-08-16 14:19:16,330 [INFO] Rule:233 - rule WakeUp1 Mode is applicable
2025-08-16 14:19:16,330 [INFO] Rule:233 - rule WakeUp1 SIGNAL is applicable
2025-08-16 14:19:16,330 [INFO] Rule:233 - rule WakeUp2 Mode is applicable
2025-08-16 14:19:16,330 [INFO] Rule:233 - rule WakeUp2 SIGNAL is applicable
2025-08-16 14:19:16,330 [INFO] Rule:233 - rule WakeUp4 Mode is applicable
2025-08-16 14:19:16,330 [INFO] Rule:233 - rule WakeUp4 SIGNAL is applicable
2025-08-16 14:19:16,330 [INFO] Rule:233 - rule WakeUp5 Mode is applicable
2025-08-16 14:19:16,330 [INFO] Rule:233 - rule WakeUp5 SIGNAL is applicable
2025-08-16 14:19:16,330 [INFO] Rule:233 - rule Add RTC Activate Clock Source is applicable
2025-08-16 14:19:16,330 [INFO] Rule:233 - rule Add RTC Activate Calendar 1 is applicable
2025-08-16 14:19:16,330 [INFO] Rule:233 - rule Add RTC Activate Calendar 2 is applicable
2025-08-16 14:19:16,330 [INFO] Rule:233 - rule Add RTC Activate Calendar 3 is applicable
2025-08-16 14:19:16,330 [INFO] Rule:233 - rule UART/USART TX Mode is applicable
2025-08-16 14:19:16,330 [INFO] Rule:233 - rule UART/USART RX Mode is applicable
2025-08-16 14:19:16,330 [INFO] Rule:233 - rule UART/USART RX TX Mode is applicable
2025-08-16 14:19:16,330 [INFO] Rule:233 - rule UART/USART PARITY NONE is applicable
2025-08-16 14:19:16,330 [INFO] Rule:233 - rule UART/USART PARITY EVEN is applicable
2025-08-16 14:19:16,330 [INFO] Rule:233 - rule UART/USART PARITY ODD is applicable
2025-08-16 14:19:16,330 [INFO] Rule:233 - rule USART StopBits 1 is applicable
2025-08-16 14:19:16,330 [INFO] Rule:233 - rule USART StopBits 2 is applicable
2025-08-16 14:19:16,330 [INFO] Rule:233 - rule USART StopBits 1.5 is applicable
2025-08-16 14:19:16,330 [INFO] Rule:233 - rule USART StopBits 0.5 is applicable
2025-08-16 14:19:16,330 [INFO] Rule:233 - rule UART/USART WORD LENGTH 7 is applicable
2025-08-16 14:19:16,330 [INFO] Rule:233 - rule UART/USART WORD LENGTH 8 is applicable
2025-08-16 14:19:16,330 [INFO] Rule:233 - rule UART/USART WORD LENGTH 9 is applicable
2025-08-16 14:19:16,330 [INFO] Rule:233 - rule Rename FMC NAND NCE signal is applicable
2025-08-16 14:19:16,330 [INFO] Rule:233 - rule Rename FMC NAND INT signal is applicable
2025-08-16 14:19:16,330 [INFO] Rule:233 - rule Change Default Value for LSE Drive Capability for WB family is applicable
2025-08-16 14:19:16,330 [INFO] Rule:233 - rule Change Default Value for ADC Clock Prescaler G0 family is applicable
2025-08-16 14:19:16,331 [INFO] Rule:233 - rule Change Default Value for ADC ExternalTrigConv L4 family is applicable
2025-08-16 14:19:16,331 [INFO] Rule:233 - rule Change Default Value for ADC ExternalTrigInjecConv L4 family is applicable
2025-08-16 14:19:16,331 [INFO] Rule:233 - rule Change Default Value for ADC ExternalTrigConv F3 family is applicable
2025-08-16 14:19:16,331 [INFO] Rule:233 - rule Change Default Value for ADC ExternalTrigInjecConv F3 family is applicable
2025-08-16 14:19:16,331 [INFO] Rule:233 - rule Change Default Value for ADC ExternalTrigConv Goldfish serie is applicable
2025-08-16 14:19:16,331 [INFO] Rule:233 - rule Change Default Value for ADC ExternalTrigInjecConv Goldfish serie is applicable
2025-08-16 14:19:16,331 [INFO] Rule:233 - rule Change Default Value for ADC ExternalTrigConv L0 family is applicable
2025-08-16 14:19:16,331 [INFO] Rule:233 - rule Change Default Value for ADC ExternalTrigConv F0 family is applicable
2025-08-16 14:19:16,331 [INFO] Rule:233 - rule Change Default Value for ADC ExternalTrigConvn L1 family is applicable
2025-08-16 14:19:16,331 [INFO] Rule:233 - rule Change Default Value for ADC ExternalTrigInjecConv L1 family is applicable
2025-08-16 14:19:16,331 [INFO] Rule:233 - rule Change Default Value for ADC ExternalTrigConv F1 family is applicable
2025-08-16 14:19:16,331 [INFO] Rule:233 - rule Change Default Value for ADC ExternalTrigInjecConv F1 family is applicable
2025-08-16 14:19:16,331 [INFO] Rule:233 - rule Change Default Value for ADC ExternalTrigConv F7 family is applicable
2025-08-16 14:19:16,331 [INFO] Rule:233 - rule Change Default Value for ADC ExternalTrigInjecConv F7 family is applicable
2025-08-16 14:19:16,331 [INFO] Rule:233 - rule Change Default Value for ADC ExternalTrigConv F4 and F2 family is applicable
2025-08-16 14:19:16,331 [INFO] Rule:233 - rule Change Default Value for ADC ExternalTrigInjecConv F4 and F2 family is applicable
2025-08-16 14:19:16,331 [INFO] Rule:233 - rule ADC SamplingTime fix with FW L0  is applicable
2025-08-16 14:19:16,331 [INFO] Rule:233 - rule ADC SamplingTime fix with FW L0  is applicable
2025-08-16 14:19:16,331 [INFO] Rule:233 - rule ADC SamplingTime fix with FW L0 is applicable
2025-08-16 14:19:16,331 [INFO] Rule:233 - rule ADC SamplingTime fix with FW L0 is applicable
2025-08-16 14:19:16,331 [INFO] Rule:233 - rule ADC SamplingTime fix with FW L0  is applicable
2025-08-16 14:19:16,331 [INFO] Rule:233 - rule ADC SamplingTime fix with FW L0 is applicable
2025-08-16 14:19:16,331 [INFO] Rule:233 - rule Rename USB_OE Signal is applicable
2025-08-16 14:19:16,331 [INFO] Rule:233 - rule Rename Activate_OE Mode is applicable
2025-08-16 14:19:16,331 [INFO] Rule:233 - rule Rename DIE462/DIE415 pin PC14/OSC32_IN -> PC14-OSC32_IN (PC14) is applicable
2025-08-16 14:19:16,331 [INFO] Rule:233 - rule Rename DIE462/DIE415 pin PC15/OSC32_OUT -> PC15-OSC32_OUT (PC15) is applicable
2025-08-16 14:19:16,331 [INFO] Rule:233 - rule Rename DIE462/DIE415 pin PH0/OSC_IN -> PH0-OSC_IN (PH0) is applicable
2025-08-16 14:19:16,331 [INFO] Rule:233 - rule Rename DIE462/DIE415 pin PH1/OSC_OUT -> PH1-OSC_OUT (PH1) is applicable
2025-08-16 14:19:16,331 [INFO] Rule:233 - rule Rename DIE462 pin PA13 -> PA13 (JTMS/SWDIO) is applicable
2025-08-16 14:19:16,331 [INFO] Rule:233 - rule Rename DIE415 pin PA13 -> PA13 (JTMS/SWDIO) is applicable
2025-08-16 14:19:16,331 [INFO] Rule:233 - rule Rename DIE462 pin PA14 -> PA14 (JTCK/SWCLK) is applicable
2025-08-16 14:19:16,331 [INFO] Rule:233 - rule Rename DIE415 pin PA14 -> PA14 (JTCK/SWCLK) is applicable
2025-08-16 14:19:16,331 [INFO] Rule:233 - rule Rename DIE462/DIE415 pin PA15 -> PA15 (JTDI) is applicable
2025-08-16 14:19:16,331 [INFO] Rule:233 - rule Rename DIE462 pin PB3 -> PB3 (JTD0/TRACESWO) is applicable
2025-08-16 14:19:16,331 [INFO] Rule:233 - rule Rename DIE415 pin PB3 -> PB3 (JTD0-TRACESWO) is applicable
2025-08-16 14:19:16,331 [INFO] Rule:233 - rule Rename DIE462/DIE415 pin PB4 -> PB4 (NJTRST) is applicable
2025-08-16 14:19:16,331 [INFO] Rule:233 - rule Rename DIE462 pin PH3/BOOT0 -> PH3-BOOT0 (BOOT0) is applicable
2025-08-16 14:19:16,331 [INFO] Rule:233 - rule Rename CRYP DataEncryptionTypesList to Algorithm is applicable
2025-08-16 14:19:16,332 [INFO] Rule:233 - rule Rename AES DataEncryptionTypesList to Algorithm is applicable
2025-08-16 14:19:16,332 [INFO] Rule:233 - rule Rename TDESECB to CRYP_TDES_ECB is applicable
2025-08-16 14:19:16,332 [INFO] Rule:233 - rule Rename TDESCBC to CRYP_TDES_CBC is applicable
2025-08-16 14:19:16,332 [INFO] Rule:233 - rule Rename DESECB to CRYP_DES_ECB is applicable
2025-08-16 14:19:16,332 [INFO] Rule:233 - rule Rename DESCBC to CRYP_DES_CBC is applicable
2025-08-16 14:19:16,332 [INFO] Rule:233 - rule Rename AESECB to CRYP_AES_ECB is applicable
2025-08-16 14:19:16,332 [INFO] Rule:233 - rule Rename AESCBC to CRYP_AES_CBC is applicable
2025-08-16 14:19:16,332 [INFO] Rule:233 - rule Rename AESCTR to CRYP_AES_CTR is applicable
2025-08-16 14:19:16,332 [INFO] Rule:233 - rule Rename AESGCM to CRYP_AES_GCM is applicable
2025-08-16 14:19:16,332 [INFO] Rule:233 - rule Rename AESCCM to CRYP_AES_CCM is applicable
2025-08-16 14:19:16,332 [INFO] Rule:233 - rule Rename CAN TimeSeg1 to BS1 is applicable
2025-08-16 14:19:16,332 [INFO] Rule:233 - rule Rename CAN TimeSeg2 to BS2 is applicable
2025-08-16 14:19:16,332 [INFO] Rule:233 - rule Rename CAN SyncJumpWidth to SJW is applicable
2025-08-16 14:19:16,332 [INFO] Rule:233 - rule TimeTriggeredMode to TTCM is applicable
2025-08-16 14:19:16,332 [INFO] Rule:233 - rule Rename CAN AutoBusOff to ABOM is applicable
2025-08-16 14:19:16,332 [INFO] Rule:233 - rule Rename CAN AutoWakeUp to AWUM is applicable
2025-08-16 14:19:16,332 [INFO] Rule:233 - rule Rename CAN AutoRetransmission to NART is applicable
2025-08-16 14:19:16,332 [INFO] Rule:233 - rule Rename CAN ReceiveFifoLocked to RFLM is applicable
2025-08-16 14:19:16,332 [INFO] Rule:233 - rule Rename CAN TransmitFifoPriority to TXFP is applicable
2025-08-16 14:19:16,332 [INFO] Rule:233 - rule Rename HRTIMER HRTIM_OUTPUTFAULTLEVEL_HIGH in HRTIMER HRTIM_OUTPUTFAULTLEVEL_HIGHZ is applicable
2025-08-16 14:19:16,333 [INFO] Rule:233 - rule Rename TIMER TIM_CLEARINPUTSOURCE_OCREFCLR in  TIMER TIM_CLEARINPUTSOURCE_NONE for F7 family is applicable
2025-08-16 14:19:16,333 [INFO] Rule:233 - rule FDCAN_R1 - Rename FDCAN mode Master into Classic is applicable
2025-08-16 14:19:16,333 [INFO] Rule:233 - rule FDCAN_R2 - Rename FDCAN mode Slave into Classic is applicable
2025-08-16 14:19:16,333 [INFO] Rule:233 - rule FDCAN1_R3 - if PA10.Mode=FullDuplex, add Pin PA12 is applicable
2025-08-16 14:19:16,333 [INFO] Rule:233 - rule FDCAN1_R3 - if PA9.Mode=FullDuplex, add Pin PA11 is applicable
2025-08-16 14:19:16,333 [INFO] Rule:233 - rule FDCAN1_R3 - Alternatepin_1 - if PE1.Mode=FullDuplex, add Pin PB9 is applicable
2025-08-16 14:19:16,333 [INFO] Rule:233 - rule FDCAN1_R3 - Alternatepin_1 - if PE0.Mode=FullDuplex, add Pin PB8 is applicable
2025-08-16 14:19:16,333 [INFO] Rule:233 - rule FDCAN1_R3 - Alternatepin_2 - if PD5.Mode=FullDuplex, add Pin PD1 is applicable
2025-08-16 14:19:16,333 [INFO] Rule:233 - rule FDCAN1_R3 - Alternatepin_2 - if PD4.Mode=FullDuplex, add Pin PD0 is applicable
2025-08-16 14:19:16,333 [INFO] Rule:233 - rule FDCAN1_R4 - Rename Mode FullDuplex into Enable FDCAN_TXFD for pin PA10 is applicable
2025-08-16 14:19:16,333 [INFO] Rule:233 - rule FDCAN1_R4 - Rename Mode FullDuplex into Enable FDCAN_TXFD for pin PA9 is applicable
2025-08-16 14:19:16,333 [INFO] Rule:233 - rule FDCAN1_R4 - Alternatepin_1 - Rename Mode FullDuplex into Enable FDCAN_TXFD for pin PE1 is applicable
2025-08-16 14:19:16,333 [INFO] Rule:233 - rule FDCAN1_R4 - Alternatepin_1 - Rename Mode FullDuplex into Enable FDCAN_TXFD for pin PE0 is applicable
2025-08-16 14:19:16,333 [INFO] Rule:233 - rule FDCAN1_R4 - Alternatepin_2 - Rename Mode FullDuplex into Enable FDCAN_TXFD for pin PD5 is applicable
2025-08-16 14:19:16,333 [INFO] Rule:233 - rule FDCAN1_R4 - Alternatepin_2 - Rename Mode FullDuplex into Enable FDCAN_TXFD for pin PD4 is applicable
2025-08-16 14:19:16,333 [INFO] Rule:233 - rule FDCAN2_R3 - if PD10.Mode=FullDuplex, add Pin PB13 is applicable
2025-08-16 14:19:16,333 [INFO] Rule:233 - rule FDCAN2_R3 - if PD9.Mode=FullDuplex, add Pin PB12 is applicable
2025-08-16 14:19:16,333 [INFO] Rule:233 - rule FDCAN2_R3 - Alternatepin_1 - if PB7.Mode=FullDuplex, add Pin PB6 is applicable
2025-08-16 14:19:16,333 [INFO] Rule:233 - rule FDCAN2_R3 - Alternatepin_1 - if PD9.Mode=FullDuplex, add Pin PB12 is applicable
2025-08-16 14:19:16,333 [INFO] Rule:233 - rule FDCAN2_R4 - Rename Mode FullDuplex into Enable FDCAN_TXFD for pin PD10 is applicable
2025-08-16 14:19:16,333 [INFO] Rule:233 - rule FDCAN2_R4 - Rename Mode FullDuplex into Enable FDCAN_TXFD for pin PD9 is applicable
2025-08-16 14:19:16,334 [INFO] Rule:233 - rule FDCAN2_R4 - Alternatepin_1 - Rename Mode FullDuplex into Enable FDCAN_TXFD for pin PB7 is applicable
2025-08-16 14:19:16,334 [INFO] Rule:233 - rule FDCAN2_R4 - Alternatepin_1 - Rename Mode FullDuplex into Enable FDCAN_TXFD for pin PD6 is applicable
2025-08-16 14:19:16,334 [INFO] Rule:233 - rule USART TxPinLevelInvertParam Mode is applicable
2025-08-16 14:19:16,334 [INFO] Rule:233 - rule USART RxPinLevelInvertParam Mode is applicable
2025-08-16 14:19:16,334 [INFO] Rule:233 - rule USART DataInvertParam Mode is applicable
2025-08-16 14:19:16,334 [INFO] Rule:233 - rule USART SwapParam Mode is applicable
2025-08-16 14:19:16,334 [INFO] Rule:233 - rule USART OverrunDisableParam Mode is applicable
2025-08-16 14:19:16,334 [INFO] Rule:233 - rule USART DMADisableonRxErrorParam Mode is applicable
2025-08-16 14:19:16,334 [INFO] Rule:233 - rule USART MSBFirstParam Mode is applicable
2025-08-16 14:19:16,334 [INFO] Rule:233 - rule Update MwName for USB_DEVICE is applicable
2025-08-16 14:19:16,334 [INFO] Rule:233 - rule Change PWR_Regulator_Voltage_Scale Default Value for RCC  H7 family is applicable
2025-08-16 14:19:16,334 [INFO] Rule:233 - rule UART/USART IPParameter rename Prescaler parameter to ClockPrescaler is applicable
2025-08-16 14:19:16,334 [INFO] Rule:233 - rule UART/USART Prescaler rename Prescaler parameter to ClockPrescaler is applicable
2025-08-16 14:19:16,334 [INFO] Rule:233 - rule TIM1CLockSelection is applicable
2025-08-16 14:19:16,334 [INFO] Rule:233 - rule TIM15CLockSelection is applicable
2025-08-16 14:19:16,334 [INFO] Rule:233 - rule align RCC SDMMC3CLockSelection default value on MP1 is applicable
2025-08-16 14:19:16,334 [INFO] Rule:233 - rule align RCC SDMMC12CLockSelection default value on MP1 is applicable
2025-08-16 14:19:16,334 [INFO] Rule:233 - rule align RCC QSPICLockSelection default value on MP1 is applicable
2025-08-16 14:19:16,334 [INFO] Rule:233 - rule align RCC QSPICLockSelection default value on MP1 is applicable
2025-08-16 14:19:16,334 [INFO] Rule:233 - rule align RCC SPI6CLockSelection default value on MP1 is applicable
2025-08-16 14:19:16,334 [INFO] Rule:233 - rule align RCC LPTIM23CLockSelection default value on MP1 is applicable
2025-08-16 14:19:16,334 [INFO] Rule:233 - rule align RCC LPTIM1CLockSelection default value on MP1 is applicable
2025-08-16 14:19:16,334 [INFO] Rule:233 - rule align RCC USART1CLockSelection default value on MP1 is applicable
2025-08-16 14:19:16,334 [INFO] Rule:233 - rule align RCC USART24CLockSelection default value on MP1 is applicable
2025-08-16 14:19:16,334 [INFO] Rule:233 - rule align RCC USART6CLockSelection default value on MP1 is applicable
2025-08-16 14:19:16,334 [INFO] Rule:233 - rule align RCC UART78CLockSelection default value on MP1 is applicable
2025-08-16 14:19:16,334 [INFO] Rule:233 - rule align RCC USART35CLockSelection default value on MP1 is applicable
2025-08-16 14:19:16,334 [INFO] Rule:233 - rule align RCC SPI45CLockSelection default value on MP1 is applicable
2025-08-16 14:19:16,334 [INFO] Rule:233 - rule align RCC I2C46CLockSelection BCLK value on MP1 is applicable
2025-08-16 14:19:16,334 [INFO] Rule:233 - rule align RCC SPI45CLockSelection default value on MP1 is applicable
2025-08-16 14:19:16,334 [INFO] Rule:233 - rule align RCC I2C12CLockSelection default value on MP1 is applicable
2025-08-16 14:19:16,334 [INFO] Rule:233 - rule align RCC I2C35CLockSelection default value on MP1 is applicable
2025-08-16 14:19:16,334 [INFO] Rule:233 - rule align RCC LPTIM45CLockSelection default value on MP1 is applicable
2025-08-16 14:19:16,334 [INFO] Rule:233 - rule Rename DCMI PIXCK signal is applicable
2025-08-16 14:19:16,334 [INFO] Rule:233 - rule Change Default Value for I2C46CLockSelection MP1 family is applicable
2025-08-16 14:19:16,334 [INFO] Rule:233 - rule Change Default Value for UART for G4, G0 and WB families is applicable
2025-08-16 14:19:16,334 [INFO] Rule:233 - rule Change Default Value for USART for G4, G0 and WB families is applicable
2025-08-16 14:19:16,334 [INFO] Rule:233 - rule Change Default Value for USART for G4 family is applicable
2025-08-16 14:19:16,335 [INFO] Rule:233 - rule Change USART1CLockSelection refparam name for MP1 is applicable
2025-08-16 14:19:16,335 [INFO] Rule:233 - rule Change USART2CLockSelection refparam name for MP1 is applicable
2025-08-16 14:19:16,335 [INFO] Rule:233 - rule Change USART3CLockSelection refparam name for MP1 is applicable
2025-08-16 14:19:16,335 [INFO] Rule:233 - rule Change UART4CLockSelection refparam name for MP1 is applicable
2025-08-16 14:19:16,335 [INFO] Rule:233 - rule Change UART5CLockSelection refparam name for MP1 is applicable
2025-08-16 14:19:16,335 [INFO] Rule:233 - rule Change LPUART1CLockSelection refparam name for MP1 is applicable
2025-08-16 14:19:16,335 [INFO] Rule:233 - rule Change LPTIM1CLockSelection refparam name for MP1 is applicable
2025-08-16 14:19:16,335 [INFO] Rule:233 - rule Change LPTIM2CLockSelection refparam name for MP1 is applicable
2025-08-16 14:19:16,335 [INFO] Rule:233 - rule Change RCC_MCO1Source refparam name for MP1 is applicable
2025-08-16 14:19:16,335 [INFO] Rule:233 - rule Change LSCOSource1 refparam name for MP1 is applicable
2025-08-16 14:19:16,335 [INFO] Rule:233 - rule Change SMPSCLockSelection refparam name for MP1 is applicable
2025-08-16 14:19:16,335 [INFO] Rule:233 - rule Change LPTIM3CLockSelection refparam name for MP1 is applicable
2025-08-16 14:19:16,335 [INFO] Rule:233 - rule Change MPCBB* Default Template Mode to Parameters is applicable
2025-08-16 14:19:16,335 [INFO] Rule:233 - rule Change MPCWM* or MPCBB* Secure Mode to Parameters is applicable
2025-08-16 14:19:16,335 [INFO] Rule:233 - rule Change MPCWM* or MPCBB* No Secure Mode to Parameters is applicable
2025-08-16 14:19:16,335 [INFO] Rule:233 - rule Change TZSC IP Secure Mode to Parameters is applicable
2025-08-16 14:19:16,335 [INFO] Rule:233 - rule Change TZSC IP No Secure Mode to Parameters is applicable
2025-08-16 14:19:16,335 [INFO] Rule:233 - rule Change TZSC IP Privilege Mode to Parameters is applicable
2025-08-16 14:19:16,335 [INFO] Rule:233 - rule Change TZSC IP No Privilege Mode to Parameters is applicable
2025-08-16 14:19:16,335 [INFO] Rule:233 - rule Change TZIC IT Secure Mode to Parameters is applicable
2025-08-16 14:19:16,335 [INFO] Rule:233 - rule Change TZIC IT No Secure Mode to Parameters is applicable
2025-08-16 14:19:16,335 [INFO] Rule:233 - rule Add MPCBB1_NonSecureArea_Start_Address value with referenced to MPCBB1_NonSecureArea_Start value is applicable
2025-08-16 14:19:16,335 [INFO] Rule:233 - rule Add MPCBB2_NonSecureArea_Start_Address value with referenced to MPCBB2_NonSecureArea_Start value is applicable
2025-08-16 14:19:16,335 [INFO] Rule:233 - rule Add MPCWM1_NonSecureArea*_Start_Address value with referenced to MPCWM1_NonSecureArea*_Start value is applicable
2025-08-16 14:19:16,335 [INFO] Rule:233 - rule Add MPCWM2_NonSecureArea*_Start_Address value with referenced to MPCWM2_NonSecureArea*_Start value is applicable
2025-08-16 14:19:16,335 [INFO] Rule:233 - rule Add MPCWM3_NonSecureArea_Start_Address value with referenced to MPCWM3_NonSecureArea_Start value is applicable
2025-08-16 14:19:16,335 [INFO] Rule:233 - rule Change Default Value for PLL1UserDefinedConfig is applicable
2025-08-16 14:19:16,335 [INFO] Rule:233 - rule Change GPIO_PuPd Default Value for USART in async mode is applicable
2025-08-16 14:19:16,335 [INFO] Rule:233 - rule Change SMPSDivider Default Value is applicable
2025-08-16 14:19:16,335 [INFO] Rule:233 - rule OPAMP is applicable
2025-08-16 14:19:16,335 [INFO] Rule:233 - rule LPUART IPParameter rename Prescaler parameter to ClockPrescaler for STM32H7 is applicable
2025-08-16 14:19:16,335 [INFO] Rule:233 - rule LPUART IPParameter rename Prescaler parameter to ClockPrescaler for STM32H7 is applicable
2025-08-16 14:19:16,335 [INFO] Rule:233 - rule LPUART IPParameter rename Prescaler parameter to ClockPrescaler for STM32WB is applicable
2025-08-16 14:19:16,335 [INFO] Rule:233 - rule LPUART IPParameter rename Prescaler parameter to ClockPrescaler for STM32WB is applicable
2025-08-16 14:19:16,335 [INFO] Rule:233 - rule LPUART IPParameter rename Prescaler parameter to ClockPrescaler for STM32G4 is applicable
2025-08-16 14:19:16,336 [INFO] Rule:233 - rule LPUART IPParameter rename Prescaler parameter to ClockPrescaler for STM32G4 is applicable
2025-08-16 14:19:16,336 [INFO] Rule:233 - rule LPUART IPParameter rename Prescaler parameter to ClockPrescaler for STM32L5 is applicable
2025-08-16 14:19:16,336 [INFO] Rule:233 - rule LPUART IPParameter rename Prescaler parameter to ClockPrescaler for STM32L5 is applicable
2025-08-16 14:19:16,336 [INFO] Rule:233 - rule LPUART IPParameter rename Prescaler parameter to ClockPrescaler for STM32G4 is applicable
2025-08-16 14:19:16,336 [INFO] Rule:233 - rule LPUART IPParameter rename Prescaler parameter to ClockPrescaler for STM32G4 is applicable
2025-08-16 14:19:16,336 [INFO] Rule:233 - rule USB device lib V2.5.3 for L0 rename USBD_SUPPORT_USER_STRING parameter to USBD_SUPPORT_USER_STRING_DESC4 is applicable
2025-08-16 14:19:16,336 [INFO] Rule:233 - rule I2SCLockSelection clock entry align is applicable
2025-08-16 14:19:16,336 [INFO] Rule:233 - rule Assign TIMx context if used as SYS timebase is applicable
2025-08-16 14:19:16,336 [INFO] Rule:233 - rule Change GPIO_Pu Default Value for I2C is applicable
2025-08-16 14:19:16,336 [INFO] Rule:233 - rule Change GPIO_Pu Default Value for SMBus is applicable
2025-08-16 14:19:16,336 [INFO] Rule:233 - rule change FDCAN default value is applicable
2025-08-16 14:19:16,336 [INFO] Rule:233 - rule Change mode sai is applicable
2025-08-16 14:19:16,336 [INFO] Rule:233 - rule **Change sai mode is applicable
2025-08-16 14:19:16,336 [INFO] Rule:233 - rule Rename STM32WPAN CFG_BLE_IRK to CFG_BLE_IR is applicable
2025-08-16 14:19:16,336 [INFO] Rule:233 - rule Rename STM32WPAN CFG_BLE_ERK to CFG_BLE_ER is applicable
2025-08-16 14:19:16,336 [INFO] Rule:233 - rule Rename STM32WPAN CFG_BLE_IRK_HEX to CFG_BLE_IR_HEX is applicable
2025-08-16 14:19:16,336 [INFO] Rule:233 - rule Rename STM32WPAN CFG_BLE_ERK_HEX to CFG_BLE_ER_HEX is applicable
2025-08-16 14:19:16,336 [INFO] Rule:233 - rule Adapt Old IOC before rework replace old CORTEX_M33/CORTEX_M55 attributes by the new one. is applicable
2025-08-16 14:19:16,336 [INFO] Rule:233 - rule Rename parametre of RCC RCC_APBDBG_DIV2 to RCC_TIMPRES_DIV2 is applicable
2025-08-16 14:19:16,336 [INFO] Rule:233 - rule Rename DIE493 pin PA10 [PA12] -> PA10 is applicable
2025-08-16 14:19:16,336 [INFO] Rule:233 - rule Rename DIE493 pin PA9 [PA11] -> PA9 is applicable
2025-08-16 14:19:16,336 [INFO] Rule:233 - rule Rename DIE492 PartNumber CPN STM32WBA5MJGHx -> STM32WBA5MMGHx is applicable
2025-08-16 14:19:16,336 [INFO] Rule:233 - rule Rename DIE492 PartNumber  Name STM32WBA5MJGHx -> STM32WBA5MMGHx is applicable
2025-08-16 14:19:16,336 [INFO] Rule:233 - rule Rename DIE492 PartNumber UserName STM32WBA5MJGHx -> STM32WBA5MMGHx is applicable
2025-08-16 14:19:16,336 [INFO] Rule:233 - rule Rename DIE492 PartNumber DeviceId STM32WBA5MJGHx -> STM32WBA5MMGHx is applicable
2025-08-16 14:19:16,336 [INFO] Rule:233 - rule Adapt Old IOC CSI. is applicable
2025-08-16 14:19:16,336 [INFO] Rule:233 - rule Adapt Old IOC DCMIPP. is applicable
2025-08-16 14:19:16,336 [INFO] Rule:233 - rule Adapt Old IOC DCMIPP Mode Parallel. is applicable
2025-08-16 14:19:16,336 [INFO] Rule:233 - rule Adapt Old IOC LTDC. is applicable
2025-08-16 14:19:16,336 [INFO] Rule:233 - rule Rename STM32MP2 RIF Peripheral LTDC RIF.RISUP.LTDC_L0L1.Privilege -> RIF.RISUP.LTDC_L1L2.Privilege is applicable
2025-08-16 14:19:16,336 [INFO] Rule:233 - rule Rename STM32MP2 RIF Peripheral LTDC RIF.RISUP.LTDC_L0L1.Privilege -> RIF.RISUP.LTDC_L1L2.Privilege is applicable
2025-08-16 14:19:16,336 [INFO] Rule:233 - rule Rename STM32MP2 RIF Peripheral LTDC RIF.RISUP.LTDC_L0L1.Lock -> RIF.RISUP.LTDC_L1L2.Lock is applicable
2025-08-16 14:19:16,336 [INFO] Rule:233 - rule Rename STM32MP2 RIF Peripheral LTDC RIF.RISUP.LTDC_L2.Lock -> RIF.RISUP.LTDC_L3.Lock is applicable
2025-08-16 14:19:16,337 [INFO] Rule:233 - rule Adapt the old IOC example for updating the SYS when it is misconfigured. is applicable
2025-08-16 14:19:16,337 [INFO] Rule:233 - rule Rename STM32C09 Mcu.Package LQFP64 -> LQFP48 is applicable
2025-08-16 14:19:16,337 [INFO] Rule:233 - rule Adapt the old IOC example for updating the SYS when it is misconfigured. is applicable
2025-08-16 14:19:16,337 [INFO] Rule:233 - rule Adapt the old IOC example for updating the SYS when it is misconfigured. is applicable
2025-08-16 14:19:16,348 [INFO] DbConfProperties:307 - Apply Compatibility (53/282 Rules)
2025-08-16 14:19:16,359 [INFO] ImportTextPane:234 - (OptionalMessage_ERROR) Unable to find key (Mcu.ThirdPartyNb) in loaded IOC file
2025-08-16 14:19:16,360 [INFO] ImportTextPane:234 - (OptionalMessage_ERROR) Pin12 (VP_RIF_VS_RIF1) cannot be retrieved for this MCU
2025-08-16 14:19:16,404 [INFO] RtosManager:558 - Registered RTOS mode: class=CMSIS, group=RTOS, mode=CMSIS_V1, owner=FREERTOS
2025-08-16 14:19:16,404 [INFO] RtosManager:558 - Registered RTOS mode: class=CMSIS, group=RTOS2, mode=CMSIS_V2, owner=FREERTOS
2025-08-16 14:19:16,404 [INFO] RtosManager:558 - Registered RTOS mode: class=RTOS, group=Core, mode=CMSIS_V1, owner=FREERTOS
2025-08-16 14:19:16,404 [INFO] RtosManager:558 - Registered RTOS mode: class=RTOS, group=Core, mode=CMSIS_V2, owner=FREERTOS
2025-08-16 14:19:16,404 [WARN] ModelIntegratedComponent:184 - Missing modes for component STMicroelectronics:FreeRTOS:0.0.1:STMicroelectronics:RTOS:FreeRTOS:Core:::10.2.0:
2025-08-16 14:19:16,422 [WARN] ModelIntegratedComponent:63 - No mode defined for component null
2025-08-16 14:19:16,422 [WARN] ModelIntegratedComponent:63 - No mode defined for component null
2025-08-16 14:19:16,422 [WARN] ModelIntegratedComponent:63 - No mode defined for component null
2025-08-16 14:19:16,422 [WARN] ModelIntegratedComponent:63 - No mode defined for component null
2025-08-16 14:19:16,422 [WARN] ModelIntegratedComponent:63 - No mode defined for component null
2025-08-16 14:19:16,422 [WARN] ModelIntegratedComponent:63 - No mode defined for component null
2025-08-16 14:19:16,422 [WARN] ModelIntegratedComponent:63 - No mode defined for component null
2025-08-16 14:19:16,422 [WARN] ModelIntegratedComponent:63 - No mode defined for component null
2025-08-16 14:19:16,422 [WARN] ModelIntegratedComponent:63 - No mode defined for component null
2025-08-16 14:19:16,423 [WARN] ModelIntegratedComponent:63 - No mode defined for component null
2025-08-16 14:19:16,423 [WARN] ModelIntegratedComponent:63 - No mode defined for component null
2025-08-16 14:19:16,423 [WARN] ModelIntegratedComponent:63 - No mode defined for component null
2025-08-16 14:19:16,423 [WARN] ModelIntegratedComponent:63 - No mode defined for component null
2025-08-16 14:19:16,423 [WARN] ModelIntegratedComponent:63 - No mode defined for component null
2025-08-16 14:19:16,423 [WARN] ModelIntegratedComponent:63 - No mode defined for component null
2025-08-16 14:19:16,423 [WARN] ModelIntegratedComponent:63 - No mode defined for component null
2025-08-16 14:19:16,423 [WARN] ModelIntegratedComponent:63 - No mode defined for component null
2025-08-16 14:19:16,423 [WARN] ModelIntegratedComponent:63 - No mode defined for component null
2025-08-16 14:19:16,423 [WARN] ModelIntegratedComponent:63 - No mode defined for component null
2025-08-16 14:19:16,423 [WARN] ModelIntegratedComponent:63 - No mode defined for component null
2025-08-16 14:19:16,423 [WARN] ModelIntegratedComponent:63 - No mode defined for component null
2025-08-16 14:19:16,423 [WARN] ModelIntegratedComponent:63 - No mode defined for component null
2025-08-16 14:19:16,423 [WARN] ModelIntegratedComponent:63 - No mode defined for component null
2025-08-16 14:19:16,423 [WARN] ModelIntegratedComponent:63 - No mode defined for component null
2025-08-16 14:19:16,423 [WARN] ModelIntegratedComponent:63 - No mode defined for component null
2025-08-16 14:19:16,423 [WARN] ModelIntegratedComponent:63 - No mode defined for component null
2025-08-16 14:19:16,423 [WARN] ModelIntegratedComponent:63 - No mode defined for component null
2025-08-16 14:19:16,423 [WARN] ModelIntegratedComponent:63 - No mode defined for component null
2025-08-16 14:19:16,423 [WARN] ModelIntegratedComponent:63 - No mode defined for component null
2025-08-16 14:19:16,423 [WARN] ModelIntegratedComponent:63 - No mode defined for component null
2025-08-16 14:19:16,423 [WARN] ModelIntegratedComponent:63 - No mode defined for component null
2025-08-16 14:19:16,423 [WARN] ModelIntegratedComponent:63 - No mode defined for component null
2025-08-16 14:19:16,423 [WARN] ModelIntegratedComponent:63 - No mode defined for component null
2025-08-16 14:19:16,423 [WARN] ModelIntegratedComponent:63 - No mode defined for component null
2025-08-16 14:19:16,423 [WARN] ModelIntegratedComponent:63 - No mode defined for component null
2025-08-16 14:19:16,423 [WARN] ModelPack:524 - Component already loaded: STMicroelectronics:HAL Drivers:0.0.0:STMicroelectronics:Device:STMicro_Driver:XSPI:HAL::0.0.1:HAL_XSPI
2025-08-16 14:19:16,526 [INFO] ThirdPartyModel:298 - Start build external matchings
2025-08-16 14:19:16,887 [INFO] ThirdPartyModel:316 - End build external matchings
2025-08-16 14:19:16,895 [INFO] ImportTextPane:234 - (OptionalMessage_ERROR) IP (RCC) : Invalid parameter (FamilyName)
2025-08-16 14:19:16,896 [INFO] ImportTextPane:234 - (OptionalMessage_ERROR) IP (RCC) : Parameter (RNGFreq_Value) has invalid value (64000000)
2025-08-16 14:19:16,896 [INFO] ImportTextPane:234 - (OptionalMessage_ERROR) IP (RCC) : Parameter (SDMMCFreq_Value) has invalid value (64000000)
2025-08-16 14:19:16,896 [INFO] ImportTextPane:234 - (OptionalMessage_ERROR) IP (RCC) : Parameter (USBFreq_Value) has invalid value (64000000)
2025-08-16 14:19:17,136 [INFO] UtilMem:75 - End LoadConfig() Used Memory: 397271456 Bytes (772800512)
2025-08-16 14:19:17,160 [WARN] ThirdParty:833 - waiting for thirdparty lock release [change project]
2025-08-16 14:19:17,160 [INFO] ThirdParty:835 - entering critical section [change project]
2025-08-16 14:19:17,160 [INFO] ThirdParty:1030 - CMSIS Pack Vendor :STMicroelectronics X-CUBE-PM33A1 1.0.0
2025-08-16 14:19:17,160 [INFO] ThirdParty:1030 - CMSIS Pack Vendor :STMicroelectronics USBPD 4.1
2025-08-16 14:19:17,160 [INFO] ThirdParty:1030 - CMSIS Pack Vendor :STMicroelectronics X-CUBE-NFC9 1.0.0
2025-08-16 14:19:17,160 [INFO] ThirdParty:1030 - CMSIS Pack Vendor :STMicroelectronics USB_HOST 2.0.0
2025-08-16 14:19:17,160 [INFO] ThirdParty:1030 - CMSIS Pack Vendor :STMicroelectronics FP-SNS-MOTENVWB1 1.4.0
2025-08-16 14:19:17,160 [INFO] ThirdParty:1030 - CMSIS Pack Vendor :STMicroelectronics X-CUBE-AZRTOS-F4 1.1.0
2025-08-16 14:19:17,160 [INFO] ThirdParty:1030 - CMSIS Pack Vendor :STMicroelectronics LIBJPEG 8.0.0
2025-08-16 14:19:17,160 [INFO] ThirdParty:1030 - CMSIS Pack Vendor :STMicroelectronics FP-ATR-ASTRA1 2.0.2
2025-08-16 14:19:17,160 [INFO] ThirdParty:1030 - CMSIS Pack Vendor :wolfSSL I-CUBE-wolfSSL 5.8.2
2025-08-16 14:19:17,160 [INFO] ThirdParty:1030 - CMSIS Pack Vendor :STMicroelectronics X-CUBE-BLE1 7.1.0
2025-08-16 14:19:17,160 [INFO] ThirdParty:1030 - CMSIS Pack Vendor :Avnet-IotConnect X-CUBE-IoTC-DA16k-PMOD 1.0.0
2025-08-16 14:19:17,160 [INFO] ThirdParty:1030 - CMSIS Pack Vendor :STMicroelectronics X-CUBE-SMBUS 2.1.0
2025-08-16 14:19:17,160 [INFO] ThirdParty:1030 - CMSIS Pack Vendor :wolfSSL I-CUBE-wolfMQTT 1.19.2
2025-08-16 14:19:17,161 [INFO] ThirdParty:1030 - CMSIS Pack Vendor :STMicroelectronics USB_DEVICE 3.0.0
2025-08-16 14:19:17,161 [INFO] ThirdParty:1030 - CMSIS Pack Vendor :STMicroelectronics X-CUBE-ISPU 2.1.0
2025-08-16 14:19:17,161 [INFO] ThirdParty:1030 - CMSIS Pack Vendor :STMicroelectronics X-CUBE-EEPRMA1 5.2.0
2025-08-16 14:19:17,161 [INFO] ThirdParty:1030 - CMSIS Pack Vendor :STMicroelectronics X-CUBE-BLEMGR 4.1.0
2025-08-16 14:19:17,161 [INFO] ThirdParty:1030 - CMSIS Pack Vendor :STMicroelectronics X-CUBE-AZRTOS-WB 2.0.0
2025-08-16 14:19:17,161 [INFO] ThirdParty:1030 - CMSIS Pack Vendor :STMicroelectronics X-CUBE-ST60 1.0.0
2025-08-16 14:19:17,161 [INFO] ThirdParty:1030 - CMSIS Pack Vendor :STMicroelectronics X-CUBE-GNSS1 7.0.1
2025-08-16 14:19:17,161 [INFO] ThirdParty:1030 - CMSIS Pack Vendor :STMicroelectronics X-CUBE-NFC12 1.0.0
2025-08-16 14:19:17,161 [INFO] ThirdParty:1030 - CMSIS Pack Vendor :STMicroelectronics X-CUBE-AZRTOS-F7 1.1.0
2025-08-16 14:19:17,161 [INFO] ThirdParty:1030 - CMSIS Pack Vendor :STMicroelectronics X-CUBE-AZRTOS-L5 2.0.0
2025-08-16 14:19:17,161 [INFO] ThirdParty:1030 - CMSIS Pack Vendor :STMicroelectronics X-CUBE-TOUCHGFX 4.25.0
2025-08-16 14:19:17,161 [INFO] ThirdParty:1030 - CMSIS Pack Vendor :STMicroelectronics USB_DEVICE 2.0.0
2025-08-16 14:19:17,161 [INFO] ThirdParty:1030 - CMSIS Pack Vendor :STMicroelectronics X-CUBE-NFC6 3.1.0
2025-08-16 14:19:17,161 [INFO] ThirdParty:1030 - CMSIS Pack Vendor :quantropi X-CUBE-qispace-sdk-base 2.1.0
2025-08-16 14:19:17,161 [INFO] ThirdParty:1030 - CMSIS Pack Vendor :STMicroelectronics FreeRTOS 0.0.1
2025-08-16 14:19:17,161 [INFO] ThirdParty:1030 - CMSIS Pack Vendor :STMicroelectronics X-CUBE-AZRTOS-G0 1.1.0
2025-08-16 14:19:17,161 [INFO] ThirdParty:1030 - CMSIS Pack Vendor :STMicroelectronics X-CUBE-SAFEA1 1.2.2
2025-08-16 14:19:17,161 [INFO] ThirdParty:1030 - CMSIS Pack Vendor :STMicroelectronics X-CUBE-NFC4 3.0.0
2025-08-16 14:19:17,161 [INFO] ThirdParty:1030 - CMSIS Pack Vendor :STMicroelectronics X-CUBE-SUBG2 5.0.0
2025-08-16 14:19:17,161 [INFO] ThirdParty:1030 - CMSIS Pack Vendor :STMicroelectronics X-CUBE-AZRTOS-H7RS 1.1.0
2025-08-16 14:19:17,161 [INFO] ThirdParty:1030 - CMSIS Pack Vendor :STMicroelectronics STM32_WPAN 1.0.0
2025-08-16 14:19:17,161 [INFO] ThirdParty:1030 - CMSIS Pack Vendor :EmbeddedOffice I-CUBE-FS-RTOS 1.0.1
2025-08-16 14:19:17,161 [INFO] ThirdParty:1030 - CMSIS Pack Vendor :STMicroelectronics lwIP 2.0.3
2025-08-16 14:19:17,161 [INFO] ThirdParty:1030 - CMSIS Pack Vendor :Cesanta I-CUBE-Mongoose 7.13.0
2025-08-16 14:19:17,161 [INFO] ThirdParty:1030 - CMSIS Pack Vendor :STMicroelectronics USB_HOST 1.0.0
2025-08-16 14:19:17,161 [INFO] ThirdParty:1030 - CMSIS Pack Vendor :Infineon AIROC-Wi-Fi-Bluetooth-STM32 1.7.1
2025-08-16 14:19:17,161 [INFO] ThirdParty:1030 - CMSIS Pack Vendor :STMicroelectronics X-CUBE-AZRTOS-G4 2.0.0
2025-08-16 14:19:17,161 [INFO] ThirdParty:1030 - CMSIS Pack Vendor :STMicroelectronics X-CUBE-WB05N 2.0.0
2025-08-16 14:19:17,161 [INFO] ThirdParty:1030 - CMSIS Pack Vendor :STMicroelectronics PDM2PCM 3.1.0
2025-08-16 14:19:17,161 [INFO] ThirdParty:1030 - CMSIS Pack Vendor :STMicroelectronics PDM2PCM 3.3.0
2025-08-16 14:19:17,161 [INFO] ThirdParty:1030 - CMSIS Pack Vendor :wolfSSL I-CUBE-wolfTPM 3.8.0
2025-08-16 14:19:17,161 [INFO] ThirdParty:1030 - CMSIS Pack Vendor :STMicroelectronics X-CUBE-AZRTOS-H7 3.4.0
2025-08-16 14:19:17,161 [INFO] ThirdParty:1030 - CMSIS Pack Vendor :STMicroelectronics X-CUBE-DISPLAY 3.0.0
2025-08-16 14:19:17,161 [INFO] ThirdParty:1030 - CMSIS Pack Vendor :wolfSSL I-CUBE-wolfSSH 1.4.20
2025-08-16 14:19:17,161 [INFO] ThirdParty:1030 - CMSIS Pack Vendor :STMicroelectronics X-CUBE-NFC7 2.0.0
2025-08-16 14:19:17,161 [INFO] ThirdParty:1030 - CMSIS Pack Vendor :STMicroelectronics X-CUBE-TCPP 4.2.0
2025-08-16 14:19:17,161 [INFO] ThirdParty:1030 - CMSIS Pack Vendor :RealThread X-CUBE-RT-Thread_Nano 4.1.1
2025-08-16 14:19:17,161 [INFO] ThirdParty:1030 - CMSIS Pack Vendor :STMicroelectronics FP-ATR-SIGFOX1 3.2.0
2025-08-16 14:19:17,161 [INFO] ThirdParty:1030 - CMSIS Pack Vendor :STMicroelectronics X-CUBE-NFC10 1.0.0
2025-08-16 14:19:17,161 [INFO] ThirdParty:1030 - CMSIS Pack Vendor :STMicroelectronics X-CUBE-FREERTOS 1.3.1
2025-08-16 14:19:17,161 [INFO] ThirdParty:1030 - CMSIS Pack Vendor :STMicroelectronics HAL Drivers 0.0.0
2025-08-16 14:19:17,161 [INFO] ThirdParty:1030 - CMSIS Pack Vendor :STMicroelectronics MBEDTLS 2.16.2
2025-08-16 14:19:17,161 [INFO] ThirdParty:1030 - CMSIS Pack Vendor :STMicroelectronics X-CUBE-IPS 3.1.0
2025-08-16 14:19:17,161 [INFO] ThirdParty:1030 - CMSIS Pack Vendor :STMicroelectronics X-CUBE-ALS 1.0.2
2025-08-16 14:19:17,161 [INFO] ThirdParty:1030 - CMSIS Pack Vendor :emotas I-CUBE-CANOPEN 1.3.0
2025-08-16 14:19:17,161 [INFO] ThirdParty:1030 - CMSIS Pack Vendor :STMicroelectronics MBEDTLS 2.14.1
2025-08-16 14:19:17,161 [INFO] ThirdParty:1030 - CMSIS Pack Vendor :ITTIA_DB I-CUBE-ITTIADB 8.9.0
2025-08-16 14:19:17,161 [INFO] ThirdParty:1030 - CMSIS Pack Vendor :portGmbH I-Cube-SoM-uGOAL 1.1.0
2025-08-16 14:19:17,161 [INFO] ThirdParty:1030 - CMSIS Pack Vendor :STMicroelectronics X-CUBE-ST67W61 1.0.0
2025-08-16 14:19:17,161 [INFO] ThirdParty:1030 - CMSIS Pack Vendor :STMicroelectronics FP-SNS-STBOX1 2.1.0
2025-08-16 14:19:17,161 [INFO] ThirdParty:1030 - CMSIS Pack Vendor :STMicroelectronics X-CUBE-AI 10.2.0
2025-08-16 14:19:17,161 [INFO] ThirdParty:1030 - CMSIS Pack Vendor :STMicroelectronics FP-SNS-STAIOTCFT 1.0.0
2025-08-16 14:19:17,161 [INFO] ThirdParty:1030 - CMSIS Pack Vendor :STMicroelectronics ThreadX 1.0.0
2025-08-16 14:19:17,161 [INFO] ThirdParty:1030 - CMSIS Pack Vendor :STMicroelectronics FP-SNS-SMARTAG2 1.2.0
2025-08-16 14:19:17,161 [INFO] ThirdParty:1030 - CMSIS Pack Vendor :STMicroelectronics FP-SNS-FLIGHT1 5.1.0
2025-08-16 14:19:17,161 [INFO] ThirdParty:1030 - CMSIS Pack Vendor :STMicroelectronics X-CUBE-AZRTOS-WL 2.0.0
2025-08-16 14:19:17,161 [INFO] ThirdParty:1030 - CMSIS Pack Vendor :SEGGER I-CUBE-embOS 1.3.1
2025-08-16 14:19:17,161 [INFO] ThirdParty:1030 - CMSIS Pack Vendor :STMicroelectronics X-CUBE-ALGOBUILD 1.4.0
2025-08-16 14:19:17,161 [INFO] ThirdParty:1030 - CMSIS Pack Vendor :STMicroelectronics X-CUBE-DPower 1.3.0
2025-08-16 14:19:17,161 [INFO] ThirdParty:1030 - CMSIS Pack Vendor :STMicroelectronics X-CUBE-MEMS1 11.3.0
2025-08-16 14:19:17,161 [INFO] ThirdParty:1030 - CMSIS Pack Vendor :STMicroelectronics FP-SNS-MOTENV1 5.0.0
2025-08-16 14:19:17,161 [INFO] ThirdParty:1030 - CMSIS Pack Vendor :STMicroelectronics USB_DEVICE 1.0.0
2025-08-16 14:19:17,162 [INFO] ThirdParty:1030 - CMSIS Pack Vendor :STMicroelectronics X-CUBE-AZRTOS-L4 2.0.0
2025-08-16 14:19:17,162 [INFO] ThirdParty:1030 - CMSIS Pack Vendor :STMicroelectronics ThreadX 0.0.2
2025-08-16 14:19:17,162 [INFO] ThirdParty:1030 - CMSIS Pack Vendor :WES I-CUBE-Cesium 1.3.0
2025-08-16 14:19:17,162 [INFO] ThirdParty:1030 - CMSIS Pack Vendor :STMicroelectronics lwIP 2.1.2
2025-08-16 14:19:17,162 [INFO] ThirdParty:1030 - CMSIS Pack Vendor :STMicroelectronics X-CUBE-SFXS2LP1 4.0.0
2025-08-16 14:19:17,162 [INFO] ThirdParty:1030 - CMSIS Pack Vendor :STMicroelectronics X-CUBE-BLE2 3.3.0
2025-08-16 14:19:17,162 [INFO] ThirdParty:1030 - CMSIS Pack Vendor :STMicroelectronics X-CUBE-TOF1 3.4.3
2025-08-16 14:19:17,162 [INFO] ThirdParty:1030 - CMSIS Pack Vendor :STMicroelectronics PDM2PCM 3.2.0
2025-08-16 14:19:17,162 [INFO] ThirdParty:841 - exiting critical section [change project]
2025-08-16 14:19:17,408 [INFO] PinOutPanel:1589 - setPackage(No Configuration,No Configuration)
2025-08-16 14:19:17,409 [INFO] PinOutPanel:1589 - setPackage(STM32L476RGTx,LQFP64)
2025-08-16 14:19:17,738 [INFO] UtilMem:75 - Before build in PCC Used Memory: 366913800 Bytes (772800512)
2025-08-16 14:19:18,099 [INFO] UtilMem:75 - After build in PCC Used Memory: 447654152 Bytes (772800512)
2025-08-16 14:19:18,125 [INFO] IPUIPlugin:80 - create IPUIPlugin
2025-08-16 14:19:18,125 [INFO] IPUIPlugin:80 - create IPUIPlugin
2025-08-16 14:19:18,125 [INFO] IPUIPlugin:80 - create IPUIPlugin
2025-08-16 14:19:18,125 [INFO] IPUIPlugin:80 - create IPUIPlugin
2025-08-16 14:19:18,126 [INFO] IPUIPlugin:80 - create IPUIPlugin
2025-08-16 14:19:18,126 [INFO] IPUIPlugin:80 - create IPUIPlugin
2025-08-16 14:19:18,126 [INFO] IPUIPlugin:80 - create IPUIPlugin
2025-08-16 14:19:18,126 [INFO] IPUIPlugin:80 - create IPUIPlugin
2025-08-16 14:19:18,126 [INFO] IPUIPlugin:80 - create IPUIPlugin
2025-08-16 14:19:18,126 [INFO] IPUIPlugin:80 - create IPUIPlugin
2025-08-16 14:19:18,126 [INFO] IPUIPlugin:80 - create IPUIPlugin
2025-08-16 14:19:18,126 [INFO] IPUIPlugin:80 - create IPUIPlugin
2025-08-16 14:19:18,127 [INFO] IPUIPlugin:80 - create IPUIPlugin
2025-08-16 14:19:18,127 [INFO] IPUIPlugin:80 - create IPUIPlugin
2025-08-16 14:19:18,127 [INFO] IPUIPlugin:80 - create IPUIPlugin
2025-08-16 14:19:18,127 [INFO] IPUIPlugin:80 - create IPUIPlugin
2025-08-16 14:19:18,127 [INFO] IPUIPlugin:80 - create IPUIPlugin
2025-08-16 14:19:18,127 [INFO] IPUIPlugin:80 - create IPUIPlugin
2025-08-16 14:19:18,128 [INFO] IPUIPlugin:80 - create IPUIPlugin
2025-08-16 14:19:18,128 [INFO] IPUIPlugin:80 - create IPUIPlugin
2025-08-16 14:19:18,128 [INFO] IPUIPlugin:80 - create IPUIPlugin
2025-08-16 14:19:18,128 [INFO] IPUIPlugin:80 - create IPUIPlugin
2025-08-16 14:19:18,128 [INFO] IPUIPlugin:80 - create IPUIPlugin
2025-08-16 14:19:18,129 [INFO] IPUIPlugin:80 - create IPUIPlugin
2025-08-16 14:19:18,129 [INFO] IPUIPlugin:80 - create IPUIPlugin
2025-08-16 14:19:18,129 [INFO] IPUIPlugin:80 - create IPUIPlugin
2025-08-16 14:19:18,129 [INFO] IPUIPlugin:80 - create IPUIPlugin
2025-08-16 14:19:18,129 [INFO] IPUIPlugin:80 - create IPUIPlugin
2025-08-16 14:19:18,130 [INFO] IPUIPlugin:80 - create IPUIPlugin
2025-08-16 14:19:18,130 [INFO] IPUIPlugin:80 - create IPUIPlugin
2025-08-16 14:19:18,130 [INFO] IPUIPlugin:80 - create IPUIPlugin
2025-08-16 14:19:18,130 [INFO] IPUIPlugin:80 - create IPUIPlugin
2025-08-16 14:19:18,130 [INFO] IPUIPlugin:80 - create IPUIPlugin
2025-08-16 14:19:18,131 [INFO] IPUIPlugin:80 - create IPUIPlugin
2025-08-16 14:19:18,131 [INFO] IPUIPlugin:80 - create IPUIPlugin
2025-08-16 14:19:18,131 [INFO] IPUIPlugin:80 - create IPUIPlugin
2025-08-16 14:19:18,132 [INFO] IPUIPlugin:80 - create IPUIPlugin
2025-08-16 14:19:18,132 [INFO] IPUIPlugin:80 - create IPUIPlugin
2025-08-16 14:19:18,132 [INFO] IPUIPlugin:80 - create IPUIPlugin
2025-08-16 14:19:18,133 [INFO] IPUIPlugin:80 - create IPUIPlugin
2025-08-16 14:19:18,133 [INFO] IPUIPlugin:80 - create IPUIPlugin
2025-08-16 14:19:18,133 [INFO] IPUIPlugin:80 - create IPUIPlugin
2025-08-16 14:19:18,133 [INFO] IPUIPlugin:80 - create IPUIPlugin
2025-08-16 14:19:18,133 [INFO] IPUIPlugin:80 - create IPUIPlugin
2025-08-16 14:19:18,133 [INFO] IPUIPlugin:80 - create IPUIPlugin
2025-08-16 14:19:18,134 [INFO] IPUIPlugin:80 - create IPUIPlugin
2025-08-16 14:19:18,134 [INFO] IPUIPlugin:80 - create IPUIPlugin
2025-08-16 14:19:18,134 [INFO] IPUIPlugin:80 - create IPUIPlugin
2025-08-16 14:19:18,134 [INFO] IPUIPlugin:80 - create IPUIPlugin
2025-08-16 14:19:18,134 [INFO] IPUIPlugin:80 - create IPUIPlugin
2025-08-16 14:19:18,135 [INFO] IPUIPlugin:80 - create IPUIPlugin
2025-08-16 14:19:18,135 [INFO] IPUIPlugin:80 - create IPUIPlugin
2025-08-16 14:19:18,135 [INFO] IPUIPlugin:80 - create IPUIPlugin
2025-08-16 14:19:18,135 [INFO] IPUIPlugin:80 - create IPUIPlugin
2025-08-16 14:19:18,135 [INFO] IPUIPlugin:80 - create IPUIPlugin
2025-08-16 14:19:18,136 [INFO] IPUIPlugin:80 - create IPUIPlugin
2025-08-16 14:19:18,136 [INFO] IPUIPlugin:80 - create IPUIPlugin
2025-08-16 14:19:18,136 [INFO] IPUIPlugin:80 - create IPUIPlugin
2025-08-16 14:19:18,136 [INFO] IPUIPlugin:80 - create IPUIPlugin
2025-08-16 14:19:18,193 [INFO] CADModel:165 - CPN selected for project levelSTM32L476RGT3
2025-08-16 14:19:18,193 [INFO] CADModel:114 - Register for checkConnection events
2025-08-16 14:19:18,240 [INFO] OpenFileManager:386 - Restore cursor
2025-08-16 14:19:18,630 [INFO] UtilMem:75 - End SaveConfig() Used Memory: 603100144 Bytes (772800512)
2025-08-16 14:20:15,343 [INFO] MainUpdater:2872 - connection check result : 10
2025-08-16 14:20:15,345 [INFO] WebApp:463 - Apply proxy settings
2025-08-16 14:20:15,345 [INFO] WebApp:548 - Chromium requires no authentication
2025-08-16 14:20:15,346 [INFO] WebApp:491 - Direct internet connection detected
2025-08-16 14:20:15,347 [INFO] WebApp:463 - Apply proxy settings
2025-08-16 14:20:15,347 [INFO] WebApp:548 - Chromium requires no authentication
2025-08-16 14:20:15,350 [INFO] WebApp:491 - Direct internet connection detected
2025-08-16 14:20:15,350 [INFO] WebApp:385 - Starting web application
2025-08-16 14:20:15,350 [INFO] WebApp:593 - Web application path used C:\ST\STM32CubeIDE_1.19.0\STM32CubeIDE\plugins\com.st.stm32cube.common.mx_6.15.0.202507011659\db\plugins\mcufinder\reactClient1\index.html
2025-08-16 14:20:15,377 [INFO] UserAuth:487 - Internet connection configuration mode: 1
2025-08-16 14:22:37,056 [INFO] McuFinderGlobals:76 - Set McuFinderConnectedMode to true
2025-08-16 14:22:37,064 [INFO] ApiDb:448 - Save user favorites file C:\Users\Thorin/.stm32cubeide/favorites.mcus.txt: 0 item(s)
2025-08-16 14:22:37,064 [INFO] ApiDb:452 - User favorites MCUs=[]
2025-08-16 14:22:37,065 [INFO] ApiDb:448 - Save user favorites file C:\Users\Thorin/.stm32cubeide/favorites.boards.txt: 0 item(s)
2025-08-16 14:22:37,065 [INFO] ApiDb:452 - User favorites Boards=[]
2025-08-16 14:23:46,586 [INFO] McuFinderGlobals:63 - Set McuFinder mode to 2 (CubeIDE integrated)
2025-08-16 14:23:46,586 [INFO] UserAuth:171 - activating auth plugin
2025-08-16 14:23:46,589 [INFO] UserAuth:487 - Internet connection configuration mode: 1
2025-08-16 14:29:03,310 [INFO] McuFinderGlobals:63 - Set McuFinder mode to 2 (CubeIDE integrated)
2025-08-16 14:29:03,310 [INFO] UserAuth:171 - activating auth plugin
2025-08-16 14:29:03,314 [INFO] UserAuth:487 - Internet connection configuration mode: 1
2025-08-16 14:29:38,803 [INFO] WebApp:650 - userauth.ini created with success
2025-08-16 14:29:49,727 [INFO] ServerAccessManage:452 - Complete download http(s) 200
2025-08-16 14:29:49,730 [INFO] ServerAccessManage:509 - Download File stm32cube_fw_l4_v1180.zip
2025-08-16 14:36:43,841 [WARN] ServerAccessManage:583 - The buffer is closed. Reconnecting to continue the download. Connection reset
2025-08-16 14:36:43,867 [ERROR] ServerAccessManage:1269 - Warning during Server Connection :  Unknown host sw-center.st.com
2025-08-16 14:36:43,867 [ERROR] ServerAccessManage:740 - Unknown host server name. : stm32cube_fw_l4_v1180.zip.
2025-08-16 14:36:46,521 [INFO] WebApp:194 - Connection lost
2025-08-16 14:36:51,141 [INFO] WebApp:191 - Connection restablished
2025-08-16 14:36:53,275 [INFO] WebApp:194 - Connection lost
2025-08-16 14:36:53,384 [INFO] WebApp:191 - Connection restablished
2025-08-16 14:36:55,156 [INFO] LoadServerPackagesThread:196 - End of LoadServerPackages Thread
2025-08-16 14:36:55,341 [INFO] ThirdPartyModel:298 - Start build external matchings
2025-08-16 14:36:55,699 [INFO] ThirdPartyModel:316 - End build external matchings
2025-08-16 14:36:55,704 [INFO] CheckServerUpdateThread:120 - End of CheckServer Thread
2025-08-16 14:36:56,279 [INFO] WebApp:194 - Connection lost
2025-08-16 14:36:56,384 [INFO] WebApp:191 - Connection restablished
2025-08-16 14:37:05,783 [INFO] McuFinderGlobals:63 - Set McuFinder mode to 2 (CubeIDE integrated)
2025-08-16 14:37:05,783 [INFO] UserAuth:487 - Internet connection configuration mode: 1
2025-08-16 14:37:20,449 [INFO] ServerAccessManage:452 - Partial download http(s) 206
2025-08-16 14:37:20,450 [INFO] ServerAccessManage:509 - Download File stm32cube_fw_l4_v1180.zip
2025-08-16 14:37:38,450 [INFO] AnalyticsPlugin:368 - Accepted License(s): [FW.L4.1.18.0]
2025-08-16 14:37:38,451 [INFO] FileExtend:248 - Unzip File : stm32cube_fw_l4_v1180.zip
2025-08-16 14:37:38,452 [INFO] FileExtend:263 - Standard Zip Deflate
2025-08-16 14:38:24,898 [INFO] ServerAccessManage:452 - Complete download http(s) 200
2025-08-16 14:38:24,898 [INFO] ServerAccessManage:509 - Download File stm32cube_fw_l4_v1181.zip
2025-08-16 14:38:42,284 [INFO] WebApp:194 - Connection lost
2025-08-16 14:38:42,548 [INFO] FileExtend:248 - Unzip File : stm32cube_fw_l4_v1181.zip
2025-08-16 14:38:42,549 [INFO] FileExtend:263 - Standard Zip Deflate
2025-08-16 14:38:42,921 [INFO] WebApp:191 - Connection restablished
2025-08-16 14:39:18,373 [INFO] LoadServerPackagesThread:196 - End of LoadServerPackages Thread
2025-08-16 14:39:19,611 [INFO] ThirdPartyModel:298 - Start build external matchings
2025-08-16 14:39:19,703 [INFO] UtilMem:75 - End SaveConfig() Used Memory: 483888280 Bytes (1073741824)
2025-08-16 14:39:20,461 [INFO] ThirdPartyModel:316 - End build external matchings
2025-08-16 14:39:20,493 [INFO] CheckServerUpdateThread:120 - End of CheckServer Thread
2025-08-16 14:39:20,761 [INFO] BlockDiagram:2775 - set Specific Code input for plugin: SYS
2025-08-16 14:39:20,761 [INFO] BlockDiagram:2775 - set Specific Code input for plugin: RCC
2025-08-16 14:39:20,761 [INFO] BlockDiagram:2775 - set Specific Code input for plugin: NVIC
2025-08-16 14:39:20,761 [INFO] BlockDiagram:2775 - set Specific Code input for plugin: USART
2025-08-16 14:39:20,762 [INFO] BlockDiagram:2775 - set Specific Code input for plugin: GPIO
2025-08-16 14:39:20,765 [INFO] CodeGenerator:892 - code generatio: config db path: C:\ST\STM32CubeIDE_1.19.0\STM32CubeIDE\plugins\com.st.stm32cube.common.mx_6.15.0.202507011659\\db\
2025-08-16 14:39:21,176 [INFO] CodeEngine:265 - oldGeneratedFile, C:\Users\Thorin\STM32CubeIDE\workspace_1.19.0\hello_world\MXTmpFiles\license.tmp_save
2025-08-16 14:39:21,736 [INFO] CodeEngine:289 - Generated code: C:\Users\Thorin\STM32CubeIDE\workspace_1.19.0\hello_world\MXTmpFiles\license.tmp
2025-08-16 14:39:21,917 [INFO] CodeEngine:265 - oldGeneratedFile, C:\Users\Thorin\STM32CubeIDE\workspace_1.19.0\hello_world\MXTmpFiles\gpio.tmp_save
2025-08-16 14:39:22,166 [INFO] CodeEngine:289 - Generated code: C:\Users\Thorin\STM32CubeIDE\workspace_1.19.0\hello_world\MXTmpFiles\gpio.tmp
2025-08-16 14:39:22,421 [INFO] CodeEngine:265 - oldGeneratedFile, C:\Users\Thorin\STM32CubeIDE\workspace_1.19.0\hello_world\Core\Src\stm32l4xx_it.c_save
2025-08-16 14:39:22,630 [INFO] CodeEngine:289 - Generated code: C:\Users\Thorin\STM32CubeIDE\workspace_1.19.0\hello_world\Core\Src\stm32l4xx_it.c
2025-08-16 14:39:22,651 [INFO] CodeEngine:265 - oldGeneratedFile, C:\Users\Thorin\STM32CubeIDE\workspace_1.19.0\hello_world\Core\Inc\stm32l4xx_it.h_save
2025-08-16 14:39:22,760 [INFO] CodeEngine:289 - Generated code: C:\Users\Thorin\STM32CubeIDE\workspace_1.19.0\hello_world\Core\Inc\stm32l4xx_it.h
2025-08-16 14:39:22,788 [INFO] CodeEngine:265 - oldGeneratedFile, C:\Users\Thorin\STM32CubeIDE\workspace_1.19.0\hello_world\Core\Src\stm32l4xx_hal_msp.c_save
2025-08-16 14:39:23,003 [INFO] CodeEngine:289 - Generated code: C:\Users\Thorin\STM32CubeIDE\workspace_1.19.0\hello_world\Core\Src\stm32l4xx_hal_msp.c
2025-08-16 14:39:23,019 [INFO] CodeEngine:265 - oldGeneratedFile, C:\Users\Thorin\STM32CubeIDE\workspace_1.19.0\hello_world\MXTmpFiles\system.tmp_save
2025-08-16 14:39:23,100 [INFO] CodeEngine:289 - Generated code: C:\Users\Thorin\STM32CubeIDE\workspace_1.19.0\hello_world\MXTmpFiles\system.tmp
2025-08-16 14:39:23,117 [INFO] CodeEngine:321 - oldGeneratedFile, C:\Users\Thorin\STM32CubeIDE\workspace_1.19.0\hello_world\Core\Inc\stm32l4xx_hal_conf.h_save
2025-08-16 14:39:23,251 [INFO] CodeEngine:345 - Generated code: C:\Users\Thorin\STM32CubeIDE\workspace_1.19.0\hello_world\Core\Inc\stm32l4xx_hal_conf.h
2025-08-16 14:39:23,329 [INFO] ApiDbMcu:532 - Load IP Config File for USART2
2025-08-16 14:39:23,335 [INFO] ApiDbMcu:532 - Load IP Config File for RCC
2025-08-16 14:39:23,349 [INFO] CodeEngine:265 - oldGeneratedFile, C:\Users\Thorin\STM32CubeIDE\workspace_1.19.0\hello_world\Core\Inc\main.h_save
2025-08-16 14:39:23,517 [INFO] CodeEngine:289 - Generated code: C:\Users\Thorin\STM32CubeIDE\workspace_1.19.0\hello_world\Core\Inc\main.h
2025-08-16 14:39:23,534 [INFO] CodeEngine:265 - oldGeneratedFile, C:\Users\Thorin\STM32CubeIDE\workspace_1.19.0\hello_world\Core\Src\main.c_save
2025-08-16 14:39:23,708 [INFO] CodeEngine:289 - Generated code: C:\Users\Thorin\STM32CubeIDE\workspace_1.19.0\hello_world\Core\Src\main.c
2025-08-16 14:39:24,069 [INFO] ProjectBuilder:3606 - Time for Copy HAL[1] : 158mS.
2025-08-16 14:39:24,076 [INFO] ProjectBuilder:5216 - Project Generator version: 4.7.0-B52
2025-08-16 14:39:24,175 [INFO] ConfigFileManager:1595 - The Die is : DIE415
2025-08-16 14:39:24,202 [INFO] ApiDbMcu:532 - Load IP Config File for FATFS
2025-08-16 14:39:24,217 [INFO] ApiDbMcu:532 - Load IP Config File for FREERTOS
2025-08-16 14:39:24,237 [INFO] ApiDbMcu:532 - Load IP Config File for TOUCHSENSING
2025-08-16 14:39:24,252 [INFO] ApiDbMcu:532 - Load IP Config File for USB_DEVICE
2025-08-16 14:39:24,265 [INFO] ApiDbMcu:532 - Load IP Config File for USB_HOST
2025-08-16 14:39:24,991 [INFO] LogOutputStream:77 - [STDOUT_REDIRECT] 
2025-08-16 14:39:28,465 [INFO] ProjectBuilder:5496 - Time for Generating toolchain IDE Files: 4389mS.
2025-08-16 14:39:28,467 [INFO] ProjectBuilder:3463 - Time for Copy CMSIS : 0mS.
2025-08-16 14:39:28,470 [INFO] ProjectBuilder:3463 - Time for Copy CMSIS : 0mS.
2025-08-16 21:43:03,133 [ERROR] LogOutputStream:75 - [STDERR_REDIRECT] 
2025-08-16 21:43:03,133 [ERROR] LogOutputStream:75 - [STDERR_REDIRECT] 
