2025-11-29 13:46:31,385 [INFO] Activator:176 - 


2025-11-29 13:46:31,389 [INFO] Activator:177 - !SESSION log4j initialized
2025-11-29 13:46:36,887 [INFO] LogOutputStream:77 - [STDOUT_REDIRECT] 
2025-11-29 13:46:38,640 [INFO] ApplicationProperties:184 - Using Application install path: C:\ST\STM32CubeIDE_1.19.0\STM32CubeIDE\plugins\com.st.stm32cube.common.mx_6.15.0.202507011659
2025-11-29 13:46:38,658 [INFO] DbMcusXml:78 - Set database path to: C:\ST\STM32CubeIDE_1.19.0\STM32CubeIDE\plugins\com.st.stm32cube.common.mx_6.15.0.202507011659\\db\/mcu/
2025-11-29 13:46:38,658 [INFO] ApiDb:274 - Set plugin database path to: C:\ST\STM32CubeIDE_1.19.0\STM32CubeIDE\plugins\com.st.stm32cube.common.mx_6.15.0.202507011659\\db\/plugins/boardmanager/
2025-11-29 13:46:38,658 [WARN] ApiDb:259 - Overriding images path with different value:  => C:\ST\STM32CubeIDE_1.19.0\STM32CubeIDE\plugins\com.st.stm32cube.common.mx_6.15.0.202507011659\\db\/plugins/mcufinder/images/
2025-11-29 13:46:38,667 [INFO] ApiDb:250 - Set database path to: C:\Users\Thorin\.stmcufinder\plugins\mcufinder//mcu/
2025-11-29 13:46:38,668 [INFO] DbMcusAds:125 - Set database path to: C:\Users\Thorin\.stmcufinder\plugins\mcufinder//mcu/
2025-11-29 13:46:38,671 [INFO] CrossReferenceDbSqlite:203 - Set database path to: C:\Users\Thorin\.stmcufinder\plugins\mcufinder//mcu/cs/
2025-11-29 13:46:38,784 [INFO] RulesReader:64 - Compatibility file has been processed (317 Rules)
2025-11-29 13:46:38,856 [INFO] DbMcusXml:78 - Set database path to: C:\ST\STM32CubeIDE_1.19.0\STM32CubeIDE\plugins\com.st.stm32cube.common.mx_6.15.0.202507011659\\db\/mcu/
2025-11-29 13:46:38,856 [INFO] ApiDb:274 - Set plugin database path to: C:\ST\STM32CubeIDE_1.19.0\STM32CubeIDE\plugins\com.st.stm32cube.common.mx_6.15.0.202507011659\\db\/plugins/boardmanager/
2025-11-29 13:46:38,856 [INFO] ApiDb:261 - Set plugin images path to: C:\ST\STM32CubeIDE_1.19.0\STM32CubeIDE\plugins\com.st.stm32cube.common.mx_6.15.0.202507011659\\db\/plugins/mcufinder/images/
2025-11-29 13:46:38,856 [WARN] DbFile:41 - Overriding database path with different value: C:\Users\Thorin\.stmcufinder\plugins\mcufinder/ => C:\Users\Thorin\.stmcufinder\plugins\mcufinder
2025-11-29 13:46:38,856 [INFO] ApiDb:250 - Set database path to: C:\Users\Thorin\.stmcufinder\plugins\mcufinder//mcu/
2025-11-29 13:46:38,856 [WARN] DbFile:41 - Overriding database path with different value: C:\Users\Thorin\.stmcufinder\plugins\mcufinder/ => C:\Users\Thorin\.stmcufinder\plugins\mcufinder
2025-11-29 13:46:38,856 [INFO] DbMcusAds:125 - Set database path to: C:\Users\Thorin\.stmcufinder\plugins\mcufinder//mcu/
2025-11-29 13:46:38,856 [WARN] DbFile:41 - Overriding database path with different value: C:\Users\Thorin\.stmcufinder\plugins\mcufinder/ => C:\Users\Thorin\.stmcufinder\plugins\mcufinder
2025-11-29 13:46:38,856 [WARN] DbFile:41 - Overriding database path with different value: C:\Users\Thorin\.stmcufinder\plugins\mcufinder/ => C:\Users\Thorin\.stmcufinder\plugins\mcufinder
2025-11-29 13:46:38,856 [INFO] CrossReferenceDbSqlite:203 - Set database path to: C:\Users\Thorin\.stmcufinder\plugins\mcufinder//mcu/cs/
2025-11-29 13:46:38,923 [INFO] MainPanel:274 - HeapMemory: 268435456
2025-11-29 13:46:39,027 [INFO] DbMcusXml:78 - Set database path to: C:\ST\STM32CubeIDE_1.19.0\STM32CubeIDE\plugins\com.st.stm32cube.common.mx_6.15.0.202507011659\\db\/mcu/
2025-11-29 13:46:39,027 [INFO] ApiDb:274 - Set plugin database path to: C:\ST\STM32CubeIDE_1.19.0\STM32CubeIDE\plugins\com.st.stm32cube.common.mx_6.15.0.202507011659\\db\/plugins/boardmanager/
2025-11-29 13:46:39,027 [INFO] ApiDb:261 - Set plugin images path to: C:\ST\STM32CubeIDE_1.19.0\STM32CubeIDE\plugins\com.st.stm32cube.common.mx_6.15.0.202507011659\\db\/plugins/mcufinder/images/
2025-11-29 13:46:39,027 [WARN] DbFile:41 - Overriding database path with different value: C:\Users\Thorin\.stmcufinder\plugins\mcufinder/ => C:\Users\Thorin\.stmcufinder\plugins\mcufinder
2025-11-29 13:46:39,027 [INFO] ApiDb:250 - Set database path to: C:\Users\Thorin\.stmcufinder\plugins\mcufinder//mcu/
2025-11-29 13:46:39,027 [WARN] DbFile:41 - Overriding database path with different value: C:\Users\Thorin\.stmcufinder\plugins\mcufinder/ => C:\Users\Thorin\.stmcufinder\plugins\mcufinder
2025-11-29 13:46:39,028 [INFO] DbMcusAds:125 - Set database path to: C:\Users\Thorin\.stmcufinder\plugins\mcufinder//mcu/
2025-11-29 13:46:39,028 [WARN] DbFile:41 - Overriding database path with different value: C:\Users\Thorin\.stmcufinder\plugins\mcufinder/ => C:\Users\Thorin\.stmcufinder\plugins\mcufinder
2025-11-29 13:46:39,028 [WARN] DbFile:41 - Overriding database path with different value: C:\Users\Thorin\.stmcufinder\plugins\mcufinder/ => C:\Users\Thorin\.stmcufinder\plugins\mcufinder
2025-11-29 13:46:39,028 [INFO] CrossReferenceDbSqlite:203 - Set database path to: C:\Users\Thorin\.stmcufinder\plugins\mcufinder//mcu/cs/
2025-11-29 13:46:39,044 [INFO] ApplicationProperties:184 - Using Application install path: C:\ST\STM32CubeIDE_1.19.0\STM32CubeIDE\plugins\com.st.stm32cube.common.mx_6.15.0.202507011659
2025-11-29 13:46:39,045 [INFO] PluginManage:196 - Search for loadable plugins [exclusion list=, ]
2025-11-29 13:46:39,046 [INFO] PluginManage:310 - Check plugin analytics
2025-11-29 13:46:39,194 [INFO] AnalyticsPlugin:253 - Accepted Software Licenses: 
2025-11-29 13:46:39,194 [INFO] AnalyticsPlugin:255 - Accepted CMSIS Pack Licenses: 
2025-11-29 13:46:39,195 [INFO] AnalyticsPlugin:257 - Accepted Firmware Licenses: FW.L4.1.18.0
2025-11-29 13:46:39,196 [INFO] PluginManage:359 - Loaded plugin analytics (category:tool,tabindex:-1)
2025-11-29 13:46:39,196 [INFO] PluginManage:310 - Check plugin cadmodel
2025-11-29 13:46:39,214 [INFO] CADModel:105 - Init CAD model plugin
2025-11-29 13:46:39,214 [INFO] PluginManage:359 - Loaded plugin cadmodel (category:power,tabindex:5)
2025-11-29 13:46:39,214 [INFO] PluginManage:310 - Check plugin clock
2025-11-29 13:46:39,235 [INFO] PluginManage:359 - Loaded plugin clock (category:base,tabindex:2)
2025-11-29 13:46:39,235 [INFO] PluginManage:310 - Check plugin ddr
2025-11-29 13:46:39,238 [INFO] PluginManage:359 - Loaded plugin ddr (category:tool,tabindex:6)
2025-11-29 13:46:39,238 [INFO] PluginManage:310 - Check plugin filemanager
2025-11-29 13:46:39,392 [INFO] PluginManage:359 - Loaded plugin filemanager (category:base,tabindex:10)
2025-11-29 13:46:39,392 [INFO] PluginManage:310 - Check plugin ipmanager
2025-11-29 13:46:39,399 [INFO] PluginManage:359 - Loaded plugin ipmanager (category:base,tabindex:5)
2025-11-29 13:46:39,399 [INFO] PluginManage:310 - Check plugin lpbam
2025-11-29 13:46:39,427 [INFO] PluginManage:359 - Loaded plugin lpbam (category:base,tabindex:0)
2025-11-29 13:46:39,427 [INFO] PluginManage:310 - Check plugin memorymap
2025-11-29 13:46:39,453 [INFO] PluginManage:359 - Loaded plugin memorymap (category:base,tabindex:4)
2025-11-29 13:46:39,453 [INFO] PluginManage:310 - Check plugin pinoutandconfiguration
2025-11-29 13:46:39,473 [INFO] PluginManage:359 - Loaded plugin pinoutandconfiguration (category:base,tabindex:1)
2025-11-29 13:46:39,474 [INFO] PluginManage:310 - Check plugin pinoutconfig
2025-11-29 13:46:39,563 [WARN] SupportedApi:132 - Cannot load RTOS API schema: s4s-elt-must-match.1: The content of 'definitions' must match (annotation?, (simpleType | complexType)?, (unique | key | keyref)*)). A problem was found starting at: attribute.
2025-11-29 13:46:39,690 [INFO] PluginManage:359 - Loaded plugin pinoutconfig (category:base,tabindex:0)
2025-11-29 13:46:39,690 [INFO] PluginManage:310 - Check plugin power
2025-11-29 13:46:39,712 [INFO] PluginManage:359 - Loaded plugin power (category:power,tabindex:4)
2025-11-29 13:46:39,712 [INFO] PluginManage:310 - Check plugin projectmanager
2025-11-29 13:46:39,728 [INFO] PluginManage:359 - Loaded plugin projectmanager (category:projectmanager,tabindex:4)
2025-11-29 13:46:39,728 [INFO] PluginManage:310 - Check plugin rif
2025-11-29 13:46:39,748 [INFO] PluginManage:359 - Loaded plugin rif (category:base,tabindex:3)
2025-11-29 13:46:39,748 [INFO] PluginManage:310 - Check plugin thirdparty
2025-11-29 13:46:40,048 [INFO] PluginManage:359 - Loaded plugin thirdparty (category:base,tabindex:-1)
2025-11-29 13:46:40,048 [WARN] IntegrityCheckThread:84 - waiting for thirdparty lock release [integrity check]
2025-11-29 13:46:40,048 [INFO] PluginManage:310 - Check plugin tools
2025-11-29 13:46:40,048 [INFO] IntegrityCheckThread:86 - entering critical section [integrity check]
2025-11-29 13:46:40,048 [INFO] ThirdPartyUpdaterWithRetryManager:70 - Updater plugin not ready yet. [1/15]
2025-11-29 13:46:40,086 [INFO] PluginManage:359 - Loaded plugin tools (category:base,tabindex:7)
2025-11-29 13:46:40,086 [INFO] PluginManage:310 - Check plugin tutovideos
2025-11-29 13:46:40,298 [INFO] PluginManage:359 - Loaded plugin tutovideos (category:base,tabindex:-1)
2025-11-29 13:46:40,298 [INFO] PluginManage:310 - Check plugin updater
2025-11-29 13:46:40,316 [INFO] PluginManage:359 - Loaded plugin updater (category:base,tabindex:12)
2025-11-29 13:46:40,316 [INFO] PluginManage:310 - Check plugin userauth
2025-11-29 13:46:40,320 [INFO] UserAuth:118 - Init User Auth plugin
2025-11-29 13:46:40,320 [INFO] PluginManage:359 - Loaded plugin userauth (category:base,tabindex:14)
2025-11-29 13:46:40,320 [INFO] PluginManage:283 - PluginManage : Loaded plugins [18]
2025-11-29 13:46:40,505 [INFO] PinOutPanel:1589 - setPackage(No Configuration,No Configuration)
2025-11-29 13:46:40,579 [INFO] CADModel:165 - CPN selected for project level
2025-11-29 13:46:40,579 [INFO] CADModel:114 - Register for checkConnection events
2025-11-29 13:46:40,608 [INFO] IPUIPlugin:80 - create IPUIPlugin
2025-11-29 13:46:40,608 [INFO] PluginManager:220 - loadIPPluginJar : add adc
2025-11-29 13:46:40,651 [INFO] IPUIPlugin:80 - create IPUIPlugin
2025-11-29 13:46:40,651 [INFO] PluginManager:220 - loadIPPluginJar : add aes
2025-11-29 13:46:40,700 [INFO] IPUIPlugin:80 - create IPUIPlugin
2025-11-29 13:46:40,700 [INFO] PluginManager:220 - loadIPPluginJar : add can
2025-11-29 13:46:40,730 [INFO] IPUIPlugin:80 - create IPUIPlugin
2025-11-29 13:46:40,730 [INFO] PluginManager:220 - loadIPPluginJar : add comp
2025-11-29 13:46:40,763 [INFO] IPUIPlugin:80 - create IPUIPlugin
2025-11-29 13:46:40,764 [INFO] PluginManager:220 - loadIPPluginJar : add cryp
2025-11-29 13:46:40,778 [INFO] IPUIPlugin:80 - create IPUIPlugin
2025-11-29 13:46:40,778 [INFO] PluginManager:220 - loadIPPluginJar : add ddr_ctrl_phy
2025-11-29 13:46:40,810 [INFO] IPUIPlugin:80 - create IPUIPlugin
2025-11-29 13:46:40,810 [INFO] PluginManager:220 - loadIPPluginJar : add dfsdm
2025-11-29 13:46:40,826 [INFO] IPUIPlugin:80 - create IPUIPlugin
2025-11-29 13:46:40,826 [INFO] PluginManager:220 - loadIPPluginJar : add dma
2025-11-29 13:46:40,871 [INFO] IPUIPlugin:80 - create IPUIPlugin
2025-11-29 13:46:40,872 [INFO] PluginManager:220 - loadIPPluginJar : add dma3
2025-11-29 13:46:40,919 [INFO] IPUIPlugin:80 - create IPUIPlugin
2025-11-29 13:46:40,919 [INFO] PluginManager:220 - loadIPPluginJar : add extmemmanager
2025-11-29 13:46:40,945 [INFO] IPUIPlugin:80 - create IPUIPlugin
2025-11-29 13:46:40,946 [INFO] PluginManager:220 - loadIPPluginJar : add fatfs
2025-11-29 13:46:41,001 [INFO] IPUIPlugin:80 - create IPUIPlugin
2025-11-29 13:46:41,001 [INFO] PluginManager:220 - loadIPPluginJar : add fmc
2025-11-29 13:46:41,020 [INFO] IPUIPlugin:80 - create IPUIPlugin
2025-11-29 13:46:41,020 [INFO] PluginManager:220 - loadIPPluginJar : add freertos
2025-11-29 13:46:41,043 [INFO] IPUIPlugin:80 - create IPUIPlugin
2025-11-29 13:46:41,043 [INFO] PluginManager:220 - loadIPPluginJar : add genericplugin
2025-11-29 13:46:41,136 [INFO] IPUIPlugin:80 - create IPUIPlugin
2025-11-29 13:46:41,136 [INFO] PluginManager:220 - loadIPPluginJar : add gfxmmu
2025-11-29 13:46:41,273 [INFO] IPUIPlugin:80 - create IPUIPlugin
2025-11-29 13:46:41,273 [INFO] PluginManager:220 - loadIPPluginJar : add gic
2025-11-29 13:46:41,292 [INFO] IPUIPlugin:80 - create IPUIPlugin
2025-11-29 13:46:41,292 [INFO] PluginManager:220 - loadIPPluginJar : add gpio
2025-11-29 13:46:41,383 [INFO] IPUIPlugin:80 - create IPUIPlugin
2025-11-29 13:46:41,384 [INFO] PluginManager:220 - loadIPPluginJar : add gtzc
2025-11-29 13:46:41,422 [INFO] IPUIPlugin:80 - create IPUIPlugin
2025-11-29 13:46:41,423 [INFO] PluginManager:220 - loadIPPluginJar : add hash
2025-11-29 13:46:41,478 [INFO] IPUIPlugin:80 - create IPUIPlugin
2025-11-29 13:46:41,478 [INFO] PluginManager:220 - loadIPPluginJar : add i2c
2025-11-29 13:46:41,521 [INFO] IPUIPlugin:80 - create IPUIPlugin
2025-11-29 13:46:41,522 [INFO] PluginManager:220 - loadIPPluginJar : add i2s
2025-11-29 13:46:41,565 [INFO] IPUIPlugin:80 - create IPUIPlugin
2025-11-29 13:46:41,565 [INFO] PluginManager:220 - loadIPPluginJar : add i3c
2025-11-29 13:46:41,663 [INFO] IPUIPlugin:80 - create IPUIPlugin
2025-11-29 13:46:41,663 [INFO] PluginManager:220 - loadIPPluginJar : add ipddr
2025-11-29 13:46:41,764 [INFO] IPUIPlugin:80 - create IPUIPlugin
2025-11-29 13:46:41,764 [INFO] PluginManager:220 - loadIPPluginJar : add linkedlist
2025-11-29 13:46:41,805 [INFO] IPUIPlugin:80 - create IPUIPlugin
2025-11-29 13:46:41,805 [INFO] PluginManager:220 - loadIPPluginJar : add lorawan
2025-11-29 13:46:41,852 [INFO] IPUIPlugin:80 - create IPUIPlugin
2025-11-29 13:46:41,852 [INFO] PluginManager:220 - loadIPPluginJar : add ltdc
2025-11-29 13:46:41,871 [INFO] IPUIPlugin:80 - create IPUIPlugin
2025-11-29 13:46:41,871 [INFO] PluginManager:220 - loadIPPluginJar : add mdma
2025-11-29 13:46:41,885 [INFO] IPUIPlugin:80 - create IPUIPlugin
2025-11-29 13:46:41,885 [INFO] PluginManager:220 - loadIPPluginJar : add nvic
2025-11-29 13:46:41,928 [INFO] IPUIPlugin:80 - create IPUIPlugin
2025-11-29 13:46:41,928 [INFO] PluginManager:220 - loadIPPluginJar : add opamp
2025-11-29 13:46:41,995 [INFO] IPUIPlugin:80 - create IPUIPlugin
2025-11-29 13:46:41,995 [INFO] PluginManager:220 - loadIPPluginJar : add openamp
2025-11-29 13:46:42,043 [INFO] IPUIPlugin:80 - create IPUIPlugin
2025-11-29 13:46:42,043 [INFO] PluginManager:220 - loadIPPluginJar : add pdm2pcm
2025-11-29 13:46:42,061 [INFO] IPUIPlugin:80 - create IPUIPlugin
2025-11-29 13:46:42,064 [INFO] PluginManager:220 - loadIPPluginJar : add plateformsettings
2025-11-29 13:46:42,091 [INFO] IPUIPlugin:80 - create IPUIPlugin
2025-11-29 13:46:42,091 [INFO] PluginManager:220 - loadIPPluginJar : add quadspi
2025-11-29 13:46:42,120 [INFO] IPUIPlugin:80 - create IPUIPlugin
2025-11-29 13:46:42,120 [INFO] PluginManager:220 - loadIPPluginJar : add radio
2025-11-29 13:46:42,135 [INFO] IPUIPlugin:80 - create IPUIPlugin
2025-11-29 13:46:42,135 [INFO] PluginManager:220 - loadIPPluginJar : add resmgrutility
2025-11-29 13:46:42,182 [INFO] IPUIPlugin:80 - create IPUIPlugin
2025-11-29 13:46:42,182 [INFO] PluginManager:220 - loadIPPluginJar : add sai
2025-11-29 13:46:42,220 [INFO] IPUIPlugin:80 - create IPUIPlugin
2025-11-29 13:46:42,221 [INFO] PluginManager:220 - loadIPPluginJar : add spi
2025-11-29 13:46:42,297 [INFO] IPUIPlugin:80 - create IPUIPlugin
2025-11-29 13:46:42,297 [INFO] PluginManager:220 - loadIPPluginJar : add stm32_wpan
2025-11-29 13:46:42,323 [INFO] IPUIPlugin:80 - create IPUIPlugin
2025-11-29 13:46:42,323 [INFO] PluginManager:220 - loadIPPluginJar : add tim
2025-11-29 13:46:42,383 [INFO] IPUIPlugin:80 - create IPUIPlugin
2025-11-29 13:46:42,383 [INFO] PluginManager:220 - loadIPPluginJar : add touchsensing
2025-11-29 13:46:42,407 [INFO] IPUIPlugin:80 - create IPUIPlugin
2025-11-29 13:46:42,407 [INFO] PluginManager:220 - loadIPPluginJar : add tracer_emb
2025-11-29 13:46:42,432 [INFO] IPUIPlugin:80 - create IPUIPlugin
2025-11-29 13:46:42,433 [INFO] PluginManager:220 - loadIPPluginJar : add ts
2025-11-29 13:46:42,457 [INFO] IPUIPlugin:80 - create IPUIPlugin
2025-11-29 13:46:42,457 [INFO] PluginManager:220 - loadIPPluginJar : add tsc
2025-11-29 13:46:42,481 [INFO] IPUIPlugin:80 - create IPUIPlugin
2025-11-29 13:46:42,481 [INFO] PluginManager:220 - loadIPPluginJar : add ucpd
2025-11-29 13:46:42,527 [INFO] IPUIPlugin:80 - create IPUIPlugin
2025-11-29 13:46:42,527 [INFO] PluginManager:220 - loadIPPluginJar : add usart
2025-11-29 13:46:42,571 [INFO] IPUIPlugin:80 - create IPUIPlugin
2025-11-29 13:46:42,571 [INFO] PluginManager:220 - loadIPPluginJar : add usbx
2025-11-29 13:46:42,686 [FATAL] Updater:351 - Updater called before beeing initialized
2025-11-29 13:46:42,712 [INFO] RulesReader:64 - Compatibility file has been processed (317 Rules)
2025-11-29 13:46:42,719 [INFO] RulesReader:64 - Compatibility file has been processed (317 Rules)
2025-11-29 13:46:42,726 [INFO] CADModel:165 - CPN selected for project level
2025-11-29 13:46:42,726 [INFO] CADModel:114 - Register for checkConnection events
2025-11-29 13:46:42,726 [FATAL] Updater:351 - Updater called before beeing initialized
2025-11-29 13:46:42,726 [ERROR] CADModel:125 - Updater not yet initialized, retry later 
2025-11-29 13:46:42,848 [FATAL] Updater:351 - Updater called before beeing initialized
2025-11-29 13:46:42,850 [INFO] CADModel:165 - CPN selected for project level
2025-11-29 13:46:42,850 [INFO] CADModel:114 - Register for checkConnection events
2025-11-29 13:46:42,850 [FATAL] Updater:351 - Updater called before beeing initialized
2025-11-29 13:46:42,850 [ERROR] CADModel:125 - Updater not yet initialized, retry later 
2025-11-29 13:46:42,853 [FATAL] Updater:351 - Updater called before beeing initialized
2025-11-29 13:46:42,942 [FATAL] Updater:351 - Updater called before beeing initialized
2025-11-29 13:46:42,953 [INFO] DbMcusAds:53 - JSON generation date=Tue Jul 08 02:14:23 MDT 2025 (1751962463582)
2025-11-29 13:46:42,953 [FATAL] Updater:351 - Updater called before beeing initialized
2025-11-29 13:46:42,988 [WARN] DetailPanel:346 - Failed to get advertising image, set to default
2025-11-29 13:46:43,048 [INFO] ThirdPartyUpdaterWithRetryManager:70 - Updater plugin not ready yet. [2/15]
2025-11-29 13:46:43,075 [FATAL] Updater:351 - Updater called before beeing initialized
2025-11-29 13:46:43,094 [FATAL] Updater:351 - Updater called before beeing initialized
2025-11-29 13:46:43,095 [FATAL] Updater:351 - Updater called before beeing initialized
2025-11-29 13:46:43,095 [WARN] DetailPanel:346 - Failed to get advertising image, set to default
2025-11-29 13:46:43,096 [FATAL] Updater:351 - Updater called before beeing initialized
2025-11-29 13:46:43,160 [ERROR] Updater:1198 - MainUpdater not yet initialized. External WinMGr cannot be set.
2025-11-29 13:46:43,172 [INFO] Updater:1134 - Updater Version found : 6.15.0
2025-11-29 13:46:43,185 [INFO] ApplicationProperties:184 - Using Application install path: C:\ST\STM32CubeIDE_1.19.0\STM32CubeIDE\plugins\com.st.stm32cube.common.mx_6.15.0.202507011659
2025-11-29 13:46:44,770 [ERROR] LogOutputStream:75 - [STDERR_REDIRECT] Nov 29, 2025 1:46:44 PM java.util.prefs.WindowsPreferences <init>
2025-11-29 13:46:44,772 [ERROR] LogOutputStream:75 - [STDERR_REDIRECT] WARNING: Could not open/create prefs root node Software\JavaSoft\Prefs at root 0xffffffff80000002. Windows RegCreateKeyEx(...) returned error code 5.
2025-11-29 13:46:44,772 [ERROR] LogOutputStream:75 - [STDERR_REDIRECT] 
2025-11-29 13:46:45,158 [INFO] MainUpdater:2872 - connection check result : 10
2025-11-29 13:46:45,158 [INFO] MainUpdater:3604 - Updater definition file requires update
2025-11-29 13:46:45,160 [INFO] MainUpdater:289 - Updater Check For Update Now.
2025-11-29 13:46:45,160 [INFO] MicroXplorer:498 - Change Database Version : DB.6.0.150
2025-11-29 13:46:45,180 [INFO] McuFinderGlobals:63 - Set McuFinder mode to 2 (CubeIDE integrated)
2025-11-29 13:46:45,186 [INFO] UserAuth:487 - Internet connection configuration mode: 1
2025-11-29 13:46:45,214 [INFO] JxBrowserEngine:152 - Initiate JxBrowser Engine with user profile folder
2025-11-29 13:46:45,245 [INFO] ServerAccessManage:452 - Complete download http(s) 200
2025-11-29 13:46:45,246 [INFO] ServerAccessManage:509 - Download File updaters.zip
2025-11-29 13:46:45,449 [INFO] FileExtend:248 - Unzip File : updaters.zip
2025-11-29 13:46:45,449 [INFO] FileExtend:263 - Standard Zip Deflate
2025-11-29 13:46:46,016 [INFO] ServerAccessManage:452 - Complete download http(s) 200
2025-11-29 13:46:46,016 [INFO] ServerAccessManage:509 - Download File PacksControlFlags.xml
2025-11-29 13:46:46,049 [WARN] MainUpdater:1193 - Updater busy. Cannot search thirdparties
2025-11-29 13:46:46,049 [INFO] ThirdPartyUpdaterWithRetryManager:96 - Updater plugin is busy. [1/15]
2025-11-29 13:46:46,186 [INFO] ServerAccessManage:452 - Complete download http(s) 200
2025-11-29 13:46:46,186 [INFO] ServerAccessManage:509 - Download File cubemx.pidx
2025-11-29 13:46:47,531 [INFO] WebApp:169 - Instantiating new browser for Auth
2025-11-29 13:46:47,569 [INFO] ServerAccessManage:452 - Complete download http(s) 200
2025-11-29 13:46:47,569 [INFO] ServerAccessManage:509 - Download File STMicroelectronics.X-CUBE-MEMS1.pdsc
2025-11-29 13:46:48,192 [INFO] WebApp:463 - Apply proxy settings
2025-11-29 13:46:48,193 [INFO] WebApp:548 - Chromium requires no authentication
2025-11-29 13:46:48,203 [INFO] WebApp:491 - Direct internet connection detected
2025-11-29 13:46:48,225 [INFO] WebApp:900 - Register for checkConnection events
2025-11-29 13:46:48,225 [INFO] WebApp:463 - Apply proxy settings
2025-11-29 13:46:48,225 [INFO] WebApp:548 - Chromium requires no authentication
2025-11-29 13:46:48,226 [INFO] WebApp:491 - Direct internet connection detected
2025-11-29 13:46:48,374 [INFO] WebApp:191 - Connection restablished
2025-11-29 13:46:48,399 [INFO] WebApp:225 - Starting web application
2025-11-29 13:46:48,400 [INFO] WebApp:593 - Web application path used C:\ST\STM32CubeIDE_1.19.0\STM32CubeIDE\plugins\com.st.stm32cube.common.mx_6.15.0.202507011659\db\plugins\mcufinder\reactClient1\index.html
2025-11-29 13:46:48,565 [INFO] UserAuth:487 - Internet connection configuration mode: 1
2025-11-29 13:46:49,051 [WARN] MainUpdater:1193 - Updater busy. Cannot search thirdparties
2025-11-29 13:46:49,051 [INFO] ThirdPartyUpdaterWithRetryManager:96 - Updater plugin is busy. [2/15]
2025-11-29 13:46:52,053 [WARN] MainUpdater:1193 - Updater busy. Cannot search thirdparties
2025-11-29 13:46:52,053 [INFO] ThirdPartyUpdaterWithRetryManager:96 - Updater plugin is busy. [3/15]
2025-11-29 13:46:52,100 [WARN] PackLoader:240 - Cannot read IP mode file for STMicroelectronics.X-CUBE-MEMS1.12.0.0
2025-11-29 13:46:52,176 [INFO] CheckServerUpdateThread:120 - End of CheckServer Thread
2025-11-29 13:46:52,195 [INFO] PopulateThirdPartyThread:66 - Ending populate Thread
2025-11-29 13:46:52,196 [INFO] ThirdParty:1030 - CMSIS Pack Vendor :STMicroelectronics X-CUBE-MEMS1 12.0.0
2025-11-29 13:46:52,196 [INFO] LoadServerUpdatesThread:375 - End of LoadServerUpdate Thread
2025-11-29 13:46:55,473 [WARN] PackLoader:240 - Cannot read IP mode file for STMicroelectronics.FP-SNS-MOTENVWB1.1.4.0
2025-11-29 13:46:55,483 [WARN] PackLoader:240 - Cannot read IP mode file for STMicroelectronics.FP-ATR-ASTRA1.2.0.2
2025-11-29 13:46:55,520 [WARN] PackLoader:240 - Cannot read IP mode file for STMicroelectronics.X-CUBE-SMBUS.2.1.0
2025-11-29 13:46:55,549 [WARN] PackLoader:240 - Cannot read IP mode file for STMicroelectronics.X-CUBE-ST60.1.0.0
2025-11-29 13:46:55,614 [WARN] PackLoader:240 - Cannot read IP mode file for STMicroelectronics.X-CUBE-AZRTOS-F7.1.1.0
2025-11-29 13:46:55,649 [WARN] PackLoader:240 - Cannot read IP mode file for STMicroelectronics.FP-SNS-MOTENV1.5.1.0
2025-11-29 13:46:55,710 [WARN] PackLoader:240 - Cannot read IP mode file for Infineon.AIROC-Wi-Fi-Bluetooth-STM32.1.7.1
2025-11-29 13:46:55,759 [WARN] PackLoader:240 - Cannot read IP mode file for STMicroelectronics.X-CUBE-AZRTOS-H7.3.4.0
2025-11-29 13:46:55,786 [WARN] PackLoader:240 - Cannot read IP mode file for STMicroelectronics.X-CUBE-DISPLAY.3.0.0
2025-11-29 13:46:55,822 [WARN] PackLoader:240 - Cannot read IP mode file for STMicroelectronics.X-CUBE-NFC10.1.0.0
2025-11-29 13:46:55,857 [WARN] PackLoader:240 - Cannot read IP mode file for STMicroelectronics.X-CUBE-ST60.1.1.0
2025-11-29 13:46:55,895 [WARN] PackLoader:240 - Cannot read IP mode file for emotas.I-CUBE-CANOPEN.1.3.0
2025-11-29 13:46:55,928 [WARN] PackLoader:240 - Cannot read IP mode file for STMicroelectronics.X-CUBE-GNSS1.7.1.0
2025-11-29 13:46:55,962 [WARN] PackLoader:240 - Cannot read IP mode file for STMicroelectronics.FP-SNS-STBOX1.2.1.0
2025-11-29 13:46:56,002 [WARN] PackLoader:240 - Cannot read IP mode file for STMicroelectronics.FP-SNS-SMARTAG2.1.2.0
2025-11-29 13:46:56,010 [WARN] PackLoader:240 - Cannot read IP mode file for STMicroelectronics.FP-SNS-FLIGHT1.5.1.0
2025-11-29 13:46:56,053 [INFO] LogOutputStream:77 - [STDOUT_REDIRECT] 1 : Invalid condition id : UX_CORESTACK_Condition cause : null
2025-11-29 13:46:56,054 [INFO] LogOutputStream:77 - [STDOUT_REDIRECT] 1 : Invalid condition id : UX_CORESTACK_Condition cause : null
2025-11-29 13:46:56,057 [INFO] LogOutputStream:77 - [STDOUT_REDIRECT] 1 : Invalid condition id : UX_CORESTACK_Condition cause : null
2025-11-29 13:46:56,059 [INFO] LogOutputStream:77 - [STDOUT_REDIRECT] 1 : Invalid condition id : UX_CORESTACK_Condition cause : null
2025-11-29 13:46:56,061 [INFO] LogOutputStream:77 - [STDOUT_REDIRECT] 1 : Invalid condition id : UX_CORESTACK_Condition cause : null
2025-11-29 13:46:56,064 [WARN] PackLoader:240 - Cannot read IP mode file for STMicroelectronics.X-CUBE-AZRTOS-WL.2.0.0
2025-11-29 13:46:56,098 [WARN] PackLoader:240 - Cannot read IP mode file for STMicroelectronics.FP-SNS-MOTENV1.5.0.0
2025-11-29 13:46:56,181 [WARN] PackLoader:240 - Cannot read IP mode file for STMicroelectronics.X-CUBE-AZRTOS-H7RS.1.2.0
2025-11-29 13:46:56,214 [WARN] PackLoader:240 - Cannot read IP mode file for WES.I-CUBE-Cesium.1.3.0
2025-11-29 13:46:56,234 [WARN] PackLoader:240 - Cannot read IP mode file for STMicroelectronics.X-CUBE-BLE2.3.3.0
2025-11-29 13:46:56,297 [WARN] PackLoader:240 - Cannot read IP mode file for STMicroelectronics.X-CUBE-NFC9.1.0.0
2025-11-29 13:46:56,326 [WARN] PackLoader:240 - Cannot read IP mode file for wolfSSL.I-CUBE-wolfSSL.5.8.2
2025-11-29 13:46:56,345 [WARN] PackLoader:240 - Cannot read IP mode file for STMicroelectronics.X-CUBE-BLE1.7.1.0
2025-11-29 13:46:56,352 [WARN] PackLoader:240 - Cannot read IP mode file for wolfSSL.I-CUBE-wolfMQTT.1.19.2
2025-11-29 13:46:56,380 [WARN] PackLoader:240 - Cannot read IP mode file for STMicroelectronics.X-CUBE-FREERTOS.1.4.0
2025-11-29 13:46:56,417 [WARN] PackLoader:240 - Cannot read IP mode file for STMicroelectronics.X-CUBE-EEPRMA1.5.2.0
2025-11-29 13:46:56,448 [WARN] PackLoader:240 - Cannot read IP mode file for STMicroelectronics.X-CUBE-ST67W61.1.1.0
2025-11-29 13:46:56,517 [WARN] PackLoader:240 - Cannot read IP mode file for STMicroelectronics.X-CUBE-MEMS1.12.0.0
2025-11-29 13:46:56,692 [WARN] PackLoader:240 - Cannot read IP mode file for STMicroelectronics.X-CUBE-AZRTOS-G0.1.1.0
2025-11-29 13:46:56,732 [WARN] PackLoader:240 - Cannot read IP mode file for STMicroelectronics.X-CUBE-SAFEA1.1.2.2
2025-11-29 13:46:56,762 [WARN] PackLoader:240 - Cannot read IP mode file for STMicroelectronics.X-CUBE-NFC4.3.0.0
2025-11-29 13:46:56,803 [WARN] PackLoader:240 - Cannot read IP mode file for EmbeddedOffice.I-CUBE-FS-RTOS.1.0.1
2025-11-29 13:46:56,838 [WARN] PackLoader:240 - Cannot read IP mode file for STMicroelectronics.X-CUBE-WB05N.2.0.0
2025-11-29 13:46:56,847 [WARN] PackLoader:240 - Cannot read IP mode file for wolfSSL.I-CUBE-wolfTPM.3.8.0
2025-11-29 13:46:56,885 [WARN] PackLoader:240 - Cannot read IP mode file for STMicroelectronics.X-CUBE-TCPP.4.2.0
2025-11-29 13:46:56,911 [WARN] PackLoader:240 - Cannot read IP mode file for RealThread.X-CUBE-RT-Thread_Nano.4.1.1
2025-11-29 13:46:56,918 [WARN] PackLoader:240 - Cannot read IP mode file for STMicroelectronics.FP-ATR-SIGFOX1.3.2.0
2025-11-29 13:46:56,955 [WARN] PackLoader:240 - Cannot read IP mode file for ITTIA_DB.I-CUBE-ITTIADB.8.9.0
2025-11-29 13:46:56,982 [WARN] PackLoader:240 - Cannot read IP mode file for STMicroelectronics.X-CUBE-ST67W61.1.0.0
2025-11-29 13:46:57,014 [WARN] PackLoader:240 - Cannot read IP mode file for STMicroelectronics.X-CUBE-AI.10.2.0
2025-11-29 13:46:57,067 [WARN] PackLoader:240 - Cannot read IP mode file for SEGGER.I-CUBE-embOS.1.3.1
2025-11-29 13:46:57,141 [WARN] PackLoader:240 - Cannot read IP mode file for STMicroelectronics.X-CUBE-ALGOBUILD.1.4.0
2025-11-29 13:46:57,247 [WARN] PackLoader:240 - Cannot read IP mode file for STMicroelectronics.X-CUBE-MEMS1.11.3.0
2025-11-29 13:46:57,452 [WARN] PackLoader:240 - Cannot read IP mode file for STMicroelectronics.X-CUBE-PM33A1.1.0.0
2025-11-29 13:46:57,507 [WARN] PackLoader:240 - Cannot read IP mode file for STMicroelectronics.X-CUBE-AZRTOS-F4.1.1.0
2025-11-29 13:46:57,544 [WARN] PackLoader:240 - Cannot read IP mode file for Avnet-IotConnect.X-CUBE-IoTC-DA16k-PMOD.1.0.0
2025-11-29 13:46:57,577 [WARN] PackLoader:240 - Cannot read IP mode file for STMicroelectronics.X-CUBE-ISPU.2.1.0
2025-11-29 13:46:57,618 [WARN] PackLoader:240 - Cannot read IP mode file for STMicroelectronics.X-CUBE-IPS.3.2.0
2025-11-29 13:46:57,668 [WARN] PackLoader:240 - Cannot read IP mode file for STMicroelectronics.X-CUBE-NFC12.1.0.0
2025-11-29 13:46:57,731 [WARN] PackLoader:240 - Cannot read IP mode file for STMicroelectronics.X-CUBE-AZRTOS-L5.2.0.0
2025-11-29 13:46:57,770 [WARN] PackLoader:240 - Cannot read IP mode file for STMicroelectronics.X-CUBE-NFC6.3.1.0
2025-11-29 13:46:57,807 [WARN] PackLoader:240 - Cannot read IP mode file for STMicroelectronics.X-CUBE-FREERTOS.1.3.1
2025-11-29 13:46:57,834 [WARN] PackLoader:240 - Cannot read IP mode file for STMicroelectronics.X-CUBE-TOUCHGFX.4.26.0
2025-11-29 13:46:57,853 [WARN] PackLoader:240 - Cannot read IP mode file for STMicroelectronics.FP-SNS-STAIOTCFT.1.0.0
2025-11-29 13:46:57,884 [WARN] PackLoader:240 - Cannot read IP mode file for STMicroelectronics.X-CUBE-DPower.1.3.0
2025-11-29 13:46:57,946 [WARN] ConditionMgr:438 - getConditionDescription Invalid condition id : LAN8742 Phy interface Condition cause : null
2025-11-29 13:46:57,947 [WARN] PackLoader:240 - Cannot read IP mode file for STMicroelectronics.X-CUBE-AZRTOS-L4.2.0.0
2025-11-29 13:46:57,948 [WARN] ConditionMgr:1044 - genDependencies : Invalid condition id : LAN8742 Phy interface Condition cause : null
2025-11-29 13:46:57,950 [WARN] ConditionMgr:1044 - genDependencies : Invalid condition id : LAN8742 Phy interface Condition cause : null
2025-11-29 13:46:57,950 [WARN] ConditionMgr:1044 - genDependencies : Invalid condition id : LAN8742 Phy interface Condition cause : null
2025-11-29 13:46:57,985 [WARN] PackLoader:240 - Cannot read IP mode file for STMicroelectronics.X-CUBE-SFXS2LP1.4.0.0
2025-11-29 13:46:58,027 [WARN] PackLoader:240 - Cannot read IP mode file for STMicroelectronics.X-CUBE-BLEMGR.4.1.0
2025-11-29 13:46:58,084 [WARN] ConditionMgr:438 - getConditionDescription Invalid condition id : UX DEVICE CLASS RTOS Condition cause : null
2025-11-29 13:46:58,084 [WARN] ConditionMgr:438 - getConditionDescription Invalid condition id : UX DEVICE CLASS RTOS Condition cause : null
2025-11-29 13:46:58,088 [WARN] PackLoader:240 - Cannot read IP mode file for STMicroelectronics.X-CUBE-AZRTOS-WB.2.0.0
2025-11-29 13:46:58,090 [WARN] ConditionMgr:1044 - genDependencies : Invalid condition id : UX DEVICE CLASS RTOS Condition cause : null
2025-11-29 13:46:58,090 [WARN] ConditionMgr:1044 - genDependencies : Invalid condition id : UX DEVICE CLASS RTOS Condition cause : null
2025-11-29 13:46:58,090 [WARN] ConditionMgr:1044 - genDependencies : Invalid condition id : UX DEVICE CLASS RTOS Condition cause : null
2025-11-29 13:46:58,091 [WARN] ConditionMgr:1044 - genDependencies : Invalid condition id : UX DEVICE CLASS RTOS Condition cause : null
2025-11-29 13:46:58,091 [WARN] ConditionMgr:1044 - genDependencies : Invalid condition id : UX DEVICE CLASS RTOS Condition cause : null
2025-11-29 13:46:58,122 [WARN] PackLoader:240 - Cannot read IP mode file for STMicroelectronics.X-CUBE-GNSS1.7.0.1
2025-11-29 13:46:58,156 [WARN] PackLoader:240 - Cannot read IP mode file for STMicroelectronics.X-CUBE-TOUCHGFX.4.25.0
2025-11-29 13:46:58,164 [WARN] ConditionMgr:438 - getConditionDescription Invalid condition id : Cortex-A Device cause : null
2025-11-29 13:46:58,196 [WARN] ConditionMgr:1044 - genDependencies : Invalid condition id : Cortex-A Device cause : null
2025-11-29 13:46:58,196 [WARN] ConditionMgr:1044 - genDependencies : Invalid condition id : Cortex-A Device cause : null
2025-11-29 13:46:58,196 [WARN] ConditionMgr:1044 - genDependencies : Invalid condition id : Cortex-A Device cause : null
2025-11-29 13:46:58,230 [WARN] PackLoader:240 - Cannot read IP mode file for STMicroelectronics.X-CUBE-SUBG2.5.0.0
2025-11-29 13:46:58,297 [WARN] PackLoader:240 - Cannot read IP mode file for STMicroelectronics.X-CUBE-AZRTOS-H7RS.1.1.0
2025-11-29 13:46:58,312 [WARN] PackLoader:240 - Cannot read IP mode file for Cesanta.I-CUBE-Mongoose.7.13.0
2025-11-29 13:46:58,362 [WARN] PackLoader:240 - Cannot read IP mode file for STMicroelectronics.X-CUBE-AZRTOS-G4.2.0.0
2025-11-29 13:46:58,371 [WARN] PackLoader:240 - Cannot read IP mode file for wolfSSL.I-CUBE-wolfSSH.1.4.20
2025-11-29 13:46:58,404 [WARN] PackLoader:240 - Cannot read IP mode file for STMicroelectronics.X-CUBE-NFC7.2.0.0
2025-11-29 13:46:58,446 [WARN] PackLoader:240 - Cannot read IP mode file for STMicroelectronics.X-CUBE-IPS.3.1.0
2025-11-29 13:46:58,486 [WARN] PackLoader:240 - Cannot read IP mode file for STMicroelectronics.X-CUBE-ALS.1.0.2
2025-11-29 13:46:58,523 [WARN] PackLoader:240 - Cannot read IP mode file for STMicroelectronics.X-CUBE-STSE01.1.0.0
2025-11-29 13:46:58,551 [WARN] PackLoader:240 - Cannot read IP mode file for portGmbH.I-Cube-SoM-uGOAL.1.1.0
2025-11-29 13:46:58,595 [WARN] PackLoader:240 - Cannot read IP mode file for STMicroelectronics.X-CUBE-TOF1.3.4.3
2025-11-29 13:46:58,608 [INFO] ThirdParty:978 - Integrity check success = true
2025-11-29 13:46:58,608 [INFO] IntegrityCheckThread:100 - exiting critical section [integrity check]
2025-11-29 13:46:58,608 [INFO] IntegrityCheckThread:103 - End integrity checks thread
2025-11-29 13:47:32,287 [INFO] McuFinderGlobals:63 - Set McuFinder mode to 2 (CubeIDE integrated)
2025-11-29 13:47:32,315 [INFO] MainUpdater:2872 - connection check result : 10
2025-11-29 13:47:32,340 [INFO] McuFinderGlobals:76 - Set McuFinderConnectedMode to true
2025-11-29 13:47:32,716 [INFO] ServerAccessManage:452 - Complete download http(s) 200
2025-11-29 13:47:32,717 [INFO] ServerAccessManage:509 - Download File mcusAds.json._tmp_
2025-11-29 13:47:32,833 [INFO] LoadUrlFilesThread:156 - End of LoadUrlFiles Thread
2025-11-29 13:47:33,233 [INFO] ServerAccessManage:452 - Complete download http(s) 200
2025-11-29 13:47:33,234 [INFO] ServerAccessManage:509 - Download File cube-finder-db.zip
2025-11-29 13:47:34,520 [INFO] FileExtend:248 - Unzip File : cube-finder-db.zip
2025-11-29 13:47:34,520 [INFO] FileExtend:263 - Standard Zip Deflate
2025-11-29 13:47:35,252 [INFO] LoadUrlFilesThread:156 - End of LoadUrlFiles Thread
2025-11-29 13:47:36,194 [INFO] ServerAccessManage:452 - Complete download http(s) 200
2025-11-29 13:47:36,194 [INFO] ServerAccessManage:509 - Download File crdb.zip
2025-11-29 13:47:36,991 [INFO] FileExtend:248 - Unzip File : crdb.zip
2025-11-29 13:47:36,991 [INFO] FileExtend:263 - Standard Zip Deflate
2025-11-29 13:47:37,128 [INFO] LoadUrlFilesThread:156 - End of LoadUrlFiles Thread
2025-11-29 13:47:37,300 [INFO] ServerAccessManage:452 - Complete download http(s) 200
2025-11-29 13:47:37,300 [INFO] ServerAccessManage:509 - Download File tutoVideoDB.zip
2025-11-29 13:47:37,305 [INFO] FileExtend:248 - Unzip File : tutoVideoDB.zip
2025-11-29 13:47:37,305 [INFO] FileExtend:263 - Standard Zip Deflate
2025-11-29 13:47:37,429 [INFO] LoadUrlFilesThread:156 - End of LoadUrlFiles Thread
2025-11-29 13:47:37,432 [WARN] DbFile:41 - Overriding database path with different value: C:\Users\Thorin\.stmcufinder\plugins\mcufinder/ => C:\Users\Thorin\.stmcufinder\plugins\mcufinder
2025-11-29 13:47:37,609 [INFO] ServerAccessManage:452 - Complete download http(s) 200
2025-11-29 13:47:37,610 [INFO] ServerAccessManage:509 - Download File api_config.json
2025-11-29 13:47:37,725 [INFO] LoadUrlFilesThread:156 - End of LoadUrlFiles Thread
2025-11-29 13:47:37,726 [INFO] DbMcusAds:53 - JSON generation date=Tue Nov 25 07:08:32 MST 2025 (1764079712835)
2025-11-29 13:47:37,859 [INFO] ServerAccessManage:452 - Complete download http(s) 200
2025-11-29 13:47:37,859 [INFO] ServerAccessManage:509 - Download File 
2025-11-29 13:47:37,908 [INFO] LoadUrlFilesThread:185 - End of LoadServerUrlFiles without Thread
2025-11-29 13:47:37,908 [INFO] TargetSelectorAdapter:259 - Refresh data is successful
2025-11-29 13:47:38,064 [INFO] ApiDb:581 - Connected to CubeFinder SQLite database (C:\Users\Thorin\.stmcufinder\plugins\mcufinder\mcu\cube-finder-db.db)
2025-11-29 13:47:38,116 [INFO] ApiDb:668 - CubeFinder database Data Model version=2.1
2025-11-29 13:47:38,116 [INFO] ApiDb:669 - CubeFinder database Configuration version=3.0.39
2025-11-29 13:47:38,117 [INFO] ApiDb:670 - CubeFinder database generation date=2025-11-05 (1762334721)
2025-11-29 13:47:38,117 [INFO] ApiDb:671 - CubeFinder database FW Pack versions=[FP-ATR-ASTRA1_V2.0.0, FP-SNS-FLIGHT1_V5.1.0, FP-SNS-MOTENV1_V5.1.0, FP-SNS-MOTENVWB1_V1.4.0, FP-SNS-SMARTAG2_V1.2.0, FP-SNS-STBOX1_V2.1.0, STM32Cube_FW_C0_V1.4.0, STM32Cube_FW_F4_V1.28.3, STM32Cube_FW_F7_V1.17.4, STM32Cube_FW_G0_V1.6.2, STM32Cube_FW_G4_V1.6.1, STM32Cube_FW_H5_V1.5.1, STM32Cube_FW_H7RS_V1.3.0, STM32Cube_FW_H7_V1.12.1, STM32Cube_FW_L0_V1.12.2, STM32Cube_FW_L4_V1.18.1, STM32Cube_FW_L5_V1.6.0, STM32Cube_FW_N6_V1.3.0, STM32Cube_FW_U0_V1.3.0, STM32Cube_FW_U3_V1.2.1, STM32Cube_FW_U5_V1.8.0, STM32Cube_FW_WB0_V1.4.0, STM32Cube_FW_WBA_V1.8.0, STM32Cube_FW_WB_V1.24.0, STM32Cube_FW_WL3_V1.3.0, STM32Cube_FW_WL_V1.4.0, X-CUBE-ALGOBUILD_V1.4.0, X-CUBE-ALS_V1.0.2, X-CUBE-AZRTOS-F4_V1.1.0, X-CUBE-AZRTOS-F7_V1.1.0, X-CUBE-AZRTOS-G0_V1.1.0, X-CUBE-AZRTOS-G4_V2.0.0, X-CUBE-AZRTOS-H7RS_V1.1.0, X-CUBE-AZRTOS-H7_V3.4.0, X-CUBE-AZRTOS-L4_V2.0.0, X-CUBE-AZRTOS-L5_V2.0.0, X-CUBE-AZRTOS-WB_V2.0.0, X-CUBE-AZRTOS-WL_V2.0.0, X-CUBE-BLE1_V7.1.0, X-CUBE-BLE2_V3.3.0, X-CUBE-BLEMGR_V4.1.0, X-CUBE-EEPRMA1_V5.2.0, X-CUBE-FREERTOS_V1.3.1, X-CUBE-GNSS1_V6.0.0, X-CUBE-MEMS1_V11.3.0, X-CUBE-NFC4_V3.0.0, X-CUBE-NFC7_V2.0.0, X-CUBE-SFXS2LP1_V4.0.0, X-CUBE-ST67W61_V1.1.0, X-CUBE-SUBG2_V5.0.0, X-CUBE-TOF1_V3.4.3]
2025-11-29 13:47:39,656 [INFO] ApiDb:240 - Found 880 in-development CPN: [B-G473E-ZEST1S, B-WB1M-WPAN1, B-WBA5M-WPAN, B-WL5M-SUBG1, NUCLEO-C031C6, NUCLEO-C051C8, NUCLEO-C071RB, NUCLEO-C092RC, NUCLEO-H503RB, NUCLEO-H533RE, NUCLEO-H563ZI, NUCLEO-H7S3L8, NUCLEO-N657X0-Q, NUCLEO-U031R8, NUCLEO-U083RC, NUCLEO-U385RG-Q, NUCLEO-U545RE-Q, NUCLEO-U5A5ZJ-Q, NUCLEO-WB05KZ, NUCLEO-WB07CC, NUCLEO-WB09KE, NUCLEO-WBA52CG, NUCLEO-WBA55CG, NUCLEO-WL33CC1, NUCLEO-WL33CC2, STEVAL-PROTEUS1, STEVAL-SMARTAG2, STEVAL-STWINBX1, STM320518-EVAL, STM32C0116-DK, STM32C011D6Y3TR, STM32C011D6Y6TR, STM32C011F4P3, STM32C011F4P6, STM32C011F4U3, STM32C011F4U6TR, STM32C011F6P3, STM32C011F6P6, STM32C011F6U3, STM32C011F6U6TR, STM32C011J4M3, STM32C011J4M6, STM32C011J6M3, STM32C011J6M6, STM32C0316-DK, STM32C031C4T3, STM32C031C4T6, STM32C031C4U3, STM32C031C4U6, STM32C031C6T3, STM32C031C6T6, STM32C031C6U3, STM32C031C6U6, STM32C031F4P3, STM32C031F4P6, STM32C031F6P3, STM32C031F6P6, STM32C031G4U3, STM32C031G4U6, STM32C031G6U3, STM32C031G6U6, STM32C031K4T3, STM32C031K4T6, STM32C031K4U3, STM32C031K4U6, STM32C031K6T3, STM32C031K6T6, STM32C031K6U3, STM32C031K6U6, STM32C051C6T6, STM32C051C6U6, STM32C051C8T6, STM32C051C8U6, STM32C051D8Y6TR, STM32C051F6P6, STM32C051F8P6, STM32C051G6U6, STM32C051G8U6, STM32C051K6T6, STM32C051K6U6, STM32C051K8T6, STM32C071C8T6, STM32C071C8T6N, STM32C071C8U6, STM32C071C8U6N, STM32C071CBT6, STM32C071CBT6N, STM32C071CBU6, STM32C071CBU6N, STM32C071F8P6, STM32C071F8P6N, STM32C071FBP6, STM32C071FBP6N, STM32C071FBY6TR, STM32C071G8U6, STM32C071G8U6N, STM32C071GBU6, STM32C071GBU6N, STM32C071K8T6, STM32C071K8T6N, STM32C071K8U6, STM32C071K8U6N, STM32C071KBT6, STM32C071KBT6N, STM32C071KBU6, STM32C071KBU6N, STM32C071R8T6, STM32C071R8T6N, STM32C071RBI6N, STM32C071RBT6, STM32C071RBT6N, STM32C091CBT6, STM32C091CBU6, STM32C091CCT6, STM32C091CCU6, STM32C091ECY6TR, STM32C091FBP6, STM32C091FCP6, STM32C091GBU6, STM32C091GCU6, STM32C091KBT6, STM32C091KBU6, STM32C091KCT6, STM32C091KCU6, STM32C091RBT6, STM32C091RCI6, STM32C091RCT6, STM32C092CBT6, STM32C092CBU6, STM32C092CCT6, STM32C092CCU6, STM32C092ECY6TR, STM32C092FBP6, STM32C092FCP6, STM32C092GBU6, STM32C092GCU6, STM32C092KBT6, STM32C092KBU6, STM32C092KCT6, STM32C092KCU6, STM32C092RBT6, STM32C092RCI6, STM32C092RCT6, STM32G071K8TXN, STM32G071K8UXN, STM32G081GBU6N, STM32G081KBT6N, STM32G081KBUXN, STM32G0B1CCT6N, STM32G0B1KCT6, STM32G0B1NEY6TR, STM32G0B1RCT6N, STM32G0C1CCT6, STM32G0C1CCT6N, STM32G0C1CCU6N, STM32G0C1CET6N, STM32G0C1CEU6N, STM32G0C1KCT6, STM32G0C1NEY6TR, STM32G0C1RCI6N, STM32G0C1RCT6N, STM32G0C1REI6N, STM32G0C1RET6N, STM32G0C1VCI6, STM32G0C1VEI6, STM32G411C6T3, STM32G411C6T6, STM32G411C6U3, STM32G411C6U6, STM32G411C8T3, STM32G411C8T6, STM32G411C8U3, STM32G411C8U6, STM32G411CBT3, STM32G411CBT6, STM32G411CBU3, STM32G411CBU6, STM32G411K6T3, STM32G411K6T6, STM32G411K6U3, STM32G411K6U6, STM32G411K8T3, STM32G411K8T6, STM32G411K8U3, STM32G411K8U6, STM32G411KBT3, STM32G411KBT6, STM32G411KBU3, STM32G411KBU6, STM32G411M6T3, STM32G411M6T6, STM32G411M8T3, STM32G411M8T6, STM32G411MBT3, STM32G411MBT6, STM32G411R6T3, STM32G411R6T6, STM32G411R8T3, STM32G411R8T6, STM32G411RBT3, STM32G411RBT6, STM32G414CBT3, STM32G414CBT6, STM32G414CBU3, STM32G414CBU6, STM32G414CCT3, STM32G414CCT6, STM32G414CCU3, STM32G414CCU6, STM32G414MBT3, STM32G414MBT6, STM32G414MCT3, STM32G414MCT6, STM32G414RBT3, STM32G414RBT6, STM32G414RCT3, STM32G414RCT6, STM32G414VBT3, STM32G414VBT6, STM32G414VCT3, STM32G414VCT6, STM32G431CBT3Z, STM32G431RBT3Z, STM32G471CCT6, STM32G471CCU6, STM32G471CET3, STM32G471CET6, STM32G471CEU3, STM32G471CEU6, STM32G471MCT6, STM32G471MET3, STM32G471MET6, STM32G471MEY6TR, STM32G471QCT6, STM32G471QET3, STM32G471RCT6, STM32G471RET3, STM32G471RET6, STM32G471VCH6, STM32G471VCI6, STM32G471VCT6, STM32G471VEH3, STM32G471VEH6, STM32G471VEI3, STM32G471VEI6, STM32G471VET3, STM32G471VET6, STM32G473QET3Z, STM32G473RET3Z, STM32G474CCT6, STM32G491RET3Z, STM32H503CBT6, STM32H503CBU6, STM32H503EBY6TR, STM32H503KBU6, STM32H503RBT6, STM32H523CCT6, STM32H523CCU6, STM32H523CET6, STM32H523CEU6, STM32H523HEY6TR, STM32H523RCT6, STM32H523RET6, STM32H523VCI6, STM32H523VCT6, STM32H523VEI6, STM32H523VET6, STM32H523ZCJ6, STM32H523ZCT6, STM32H523ZEJ6, STM32H523ZET6, STM32H533CET6, STM32H533CEU6, STM32H533HEY6TR, STM32H533RET6, STM32H533VEI6, STM32H533VET6, STM32H533ZEJ6, STM32H533ZET6, STM32H562AGI6, STM32H562AII6, STM32H562IGK6, STM32H562IGT6, STM32H562IIK6, STM32H562IIT6, STM32H562RGT6, STM32H562RGV6, STM32H562RIT6, STM32H562RIV6, STM32H562VGT6, STM32H562VIT6, STM32H562ZGT6, STM32H562ZIT6, STM32H563AGI6, STM32H563AII3Q, STM32H563AII6, STM32H563IGK6, STM32H563IGT6, STM32H563IIK3Q, STM32H563IIK6, STM32H563IIT3Q, STM32H563IIT6, STM32H563MIY3QTR, STM32H563RGT6, STM32H563RGV6, STM32H563RIT6, STM32H563RIV6, STM32H563VGT6, STM32H563VIT3Q, STM32H563VIT6, STM32H563ZGT6, STM32H563ZIT3Q, STM32H563ZIT6, STM32H573AII3Q, STM32H573AII6, STM32H573I-DK, STM32H573IIK3Q, STM32H573IIK6, STM32H573IIT3Q, STM32H573IIT6, STM32H573MIY3QTR, STM32H573RIT6, STM32H573RIV6, STM32H573VIT3Q, STM32H573VIT6, STM32H573ZIT3Q, STM32H573ZIT6, STM32H7R3A8I6, STM32H7R3I8K6, STM32H7R3I8T6, STM32H7R3L8H6, STM32H7R3L8H6H, STM32H7R3R8V6, STM32H7R3V8H6, STM32H7R3V8T6, STM32H7R3V8Y6TR, STM32H7R3Z8J6, STM32H7R3Z8T6, STM32H7R7A8I6, STM32H7R7I8K6, STM32H7R7I8T6, STM32H7R7L8H6, STM32H7R7L8H6H, STM32H7R7Z8J6, STM32H7S3A8I6, STM32H7S3I8K6, STM32H7S3I8T6, STM32H7S3L8H6, STM32H7S3L8H6H, STM32H7S3R8V6, STM32H7S3V8H6, STM32H7S3V8T6, STM32H7S3V8Y6TR, STM32H7S3Z8J6, STM32H7S3Z8T6, STM32H7S78-DK, STM32H7S7A8I6, STM32H7S7I8K6, STM32H7S7I8T6, STM32H7S7L8H6, STM32H7S7L8H6H, STM32H7S7Z8J6, STM32L4R5QGI6STR, STM32MP131AAE3, STM32MP131AAF3, STM32MP131AAG3, STM32MP131CAE3, STM32MP131CAF3, STM32MP131CAG3, STM32MP131DAE7, STM32MP131DAF7, STM32MP131DAG7, STM32MP131FAE7, STM32MP131FAF7, STM32MP131FAG7, STM32MP133AAE3, STM32MP133AAF3, STM32MP133AAG3, STM32MP133CAE3, STM32MP133CAF3, STM32MP133CAG3, STM32MP133DAE7, STM32MP133DAF7, STM32MP133DAG7, STM32MP133FAE7, STM32MP133FAF7, STM32MP133FAG7, STM32MP135AAE3, STM32MP135AAF3, STM32MP135AAG3, STM32MP135CAE3, STM32MP135CAF3, STM32MP135CAG3, STM32MP135DAE7, STM32MP135DAF7, STM32MP135DAG7, STM32MP135F-DK, STM32MP135FAE7, STM32MP135FAF7, STM32MP135FAF7T, STM32MP135FAF7U, STM32MP135FAG7, STM32MP211AAL3, STM32MP211AAM3, STM32MP211AAN3, STM32MP211AAO3, STM32MP211CAL3, STM32MP211CAM3, STM32MP211CAN3, STM32MP211CAO3, STM32MP211DAL3, STM32MP211DAM3, STM32MP211DAN3, STM32MP211DAO3, STM32MP211FAL3, STM32MP211FAM3, STM32MP211FAN3, STM32MP211FAO3, STM32MP213AAL3, STM32MP213AAM3, STM32MP213AAN3, STM32MP213AAO3, STM32MP213CAL3, STM32MP213CAM3, STM32MP213CAN3, STM32MP213CAO3, STM32MP213DAL3, STM32MP213DAM3, STM32MP213DAN3, STM32MP213DAO3, STM32MP213FAL3, STM32MP213FAM3, STM32MP213FAN3, STM32MP213FAO3, STM32MP215AAL3, STM32MP215AAM3, STM32MP215AAN3, STM32MP215AAO3, STM32MP215CAL3, STM32MP215CAM3, STM32MP215CAN3, STM32MP215CAO3, STM32MP215DAL3, STM32MP215DAM3, STM32MP215DAN3, STM32MP215DAO3, STM32MP215F-DK, STM32MP215FAL3, STM32MP215FAM3, STM32MP215FAN3, STM32MP215FAO3, STM32MP231AAJ3, STM32MP231AAK3, STM32MP231AAL3, STM32MP231CAJ3, STM32MP231CAK3, STM32MP231CAL3, STM32MP231DAJ3, STM32MP231DAK3, STM32MP231DAL3, STM32MP231FAJ3, STM32MP231FAK3, STM32MP231FAL3, STM32MP233AAJ3, STM32MP233AAK3, STM32MP233AAL3, STM32MP233CAJ3, STM32MP233CAK3, STM32MP233CAL3, STM32MP233DAJ3, STM32MP233DAK3, STM32MP233DAL3, STM32MP233FAJ3, STM32MP233FAK3, STM32MP233FAL3, STM32MP235AAJ3, STM32MP235AAK3, STM32MP235AAL3, STM32MP235CAJ3, STM32MP235CAK3, STM32MP235CAL3, STM32MP235DAJ3, STM32MP235DAK3, STM32MP235DAL3, STM32MP235FAJ3, STM32MP235FAK3, STM32MP235FAL3, STM32MP251AAI3, STM32MP251AAK3, STM32MP251AAL3, STM32MP251CAI3, STM32MP251CAK3, STM32MP251CAL3, STM32MP251DAI3, STM32MP251DAK3, STM32MP251DAL3, STM32MP251FAI3, STM32MP251FAK3, STM32MP251FAL3, STM32MP253AAI3, STM32MP253AAK3, STM32MP253AAL3, STM32MP253CAI3, STM32MP253CAK3, STM32MP253CAL3, STM32MP253DAI3, STM32MP253DAK3, STM32MP253DAL3, STM32MP253FAI3, STM32MP253FAK3, STM32MP253FAL3, STM32MP255AAI3, STM32MP255AAK3, STM32MP255AAL3, STM32MP255CAI3, STM32MP255CAK3, STM32MP255CAL3, STM32MP255DAI3, STM32MP255DAK3, STM32MP255DAL3, STM32MP255FAI3, STM32MP255FAK3, STM32MP255FAL3, STM32MP257AAI3, STM32MP257AAK3, STM32MP257AAL3, STM32MP257CAI3, STM32MP257CAK3, STM32MP257CAL3, STM32MP257DAI3, STM32MP257DAK3, STM32MP257DAL3, STM32MP257F-DK, STM32MP257F-EV1, STM32MP257FAI3, STM32MP257FAK3, STM32MP257FAL3, STM32N645A0H3Q, STM32N645B0H3Q, STM32N645I0H3Q, STM32N645L0H3Q, STM32N645X0H3Q, STM32N645Z0H3Q, STM32N647A0H3Q, STM32N647B0H3Q, STM32N647I0H3Q, STM32N647L0H3Q, STM32N647X0H3Q, STM32N647Z0H3Q, STM32N655A0H3Q, STM32N655B0H3Q, STM32N655I0H3Q, STM32N655L0H3Q, STM32N655X0H3Q, STM32N655Z0H3Q, STM32N6570-DK, STM32N657A0H3Q, STM32N657B0H3Q, STM32N657I0H3Q, STM32N657L0H3Q, STM32N657X0H3Q, STM32N657Z0H3Q, STM32U031C6T6, STM32U031C6U6, STM32U031C8T6, STM32U031C8U6, STM32U031F4P6, STM32U031F6P6, STM32U031F8P6, STM32U031G6Y6TR, STM32U031G8Y6TR, STM32U031K4U6, STM32U031K6U6, STM32U031K8U6, STM32U031R6I6, STM32U031R6T6, STM32U031R8I6, STM32U031R8T6, STM32U073C8T6, STM32U073C8U6, STM32U073CBT6, STM32U073CBU6, STM32U073CCT6, STM32U073CCU6, STM32U073H8Y6TR, STM32U073HBY6TR, STM32U073HCY6TR, STM32U073K8U6, STM32U073KBU6, STM32U073KCU6, STM32U073M8I6, STM32U073M8T6, STM32U073MBI6, STM32U073MBT6, STM32U073MCI6, STM32U073MCT6, STM32U073R8I6, STM32U073R8T6, STM32U073RBI6, STM32U073RBT6, STM32U073RCI6, STM32U073RCT6, STM32U083C-DK, STM32U083CCT6, STM32U083CCU6, STM32U083HCY6TR, STM32U083KCU6, STM32U083MCI6, STM32U083MCT6, STM32U083RCI6, STM32U083RCT6, STM32U375CET6, STM32U375CET6Q, STM32U375CEU6, STM32U375CEU6Q, STM32U375CEY6QTR, STM32U375CGT6, STM32U375CGT6Q, STM32U375CGU6, STM32U375CGU6Q, STM32U375CGY6QTR, STM32U375KEU6, STM32U375KGU6, STM32U375REI6, STM32U375REI6Q, STM32U375RET6, STM32U375RET6Q, STM32U375REY6GTR, STM32U375REY6QTR, STM32U375RGI6, STM32U375RGI6Q, STM32U375RGT6, STM32U375RGT6Q, STM32U375RGY6GTR, STM32U375RGY6QTR, STM32U375VEI6, STM32U375VEI6Q, STM32U375VET6, STM32U375VET6Q, STM32U375VGI6, STM32U375VGI6Q, STM32U375VGT6, STM32U375VGT6Q, STM32U385CGT6, STM32U385CGT6Q, STM32U385CGU6, STM32U385CGU6Q, STM32U385CGY6QTR, STM32U385KGU6, STM32U385RGI6, STM32U385RGI6Q, STM32U385RGT6, STM32U385RGT6Q, STM32U385RGY6GTR, STM32U385RGY6QTR, STM32U385VGI6, STM32U385VGI6Q, STM32U385VGT6, STM32U385VGT6Q, STM32U535CBT6, STM32U535CBT6Q, STM32U535CBU6, STM32U535CBU6Q, STM32U535CCT6, STM32U535CCT6Q, STM32U535CCU6, STM32U535CCU6Q, STM32U535CET6, STM32U535CET6Q, STM32U535CEU6, STM32U535CEU6Q, STM32U535JEY6QTR, STM32U535NCY6QTR, STM32U535NEY6QTR, STM32U535RBI6, STM32U535RBI6Q, STM32U535RBT6, STM32U535RBT6Q, STM32U535RCI6, STM32U535RCI6Q, STM32U535RCT6, STM32U535RCT6Q, STM32U535REI6, STM32U535REI6Q, STM32U535RET6, STM32U535RET6Q, STM32U535VCI6, STM32U535VCI6Q, STM32U535VCT6, STM32U535VCT6Q, STM32U535VEI6, STM32U535VEI6Q, STM32U535VET6, STM32U535VET6Q, STM32U545CET6, STM32U545CET6Q, STM32U545CEU6, STM32U545CEU6Q, STM32U545JEY6QTR, STM32U545NEY6QTR, STM32U545REI6, STM32U545REI6Q, STM32U545RET6, STM32U545RET6Q, STM32U545VEI6, STM32U545VEI6Q, STM32U545VET6, STM32U545VET6Q, STM32U595AIH6, STM32U595AIH6Q, STM32U595AJH6, STM32U595AJH6Q, STM32U595QII6, STM32U595QII6Q, STM32U595QJI6, STM32U595QJI6Q, STM32U595RIT6, STM32U595RIT6Q, STM32U595RJT6, STM32U595RJT6Q, STM32U595VIT6, STM32U595VIT6Q, STM32U595VJT6, STM32U595VJT6Q, STM32U595ZIT6, STM32U595ZIT6Q, STM32U595ZIY6QTR, STM32U595ZJT6, STM32U595ZJT6Q, STM32U595ZJY6QTR, STM32U599BJY6QTR, STM32U599NIH6Q, STM32U599NJH6Q, STM32U599VIT6Q, STM32U599VJT6, STM32U599VJT6Q, STM32U599ZIT6Q, STM32U599ZIY6QTR, STM32U599ZJT6Q, STM32U599ZJY6QTR, STM32U5A5AJH6, STM32U5A5AJH6Q, STM32U5A5QII3Q , STM32U5A5QJI6, STM32U5A5QJI6Q, STM32U5A5RJT6, STM32U5A5RJT6Q, STM32U5A5VJT6, STM32U5A5VJT6Q, STM32U5A5ZJT6, STM32U5A5ZJT6Q, STM32U5A5ZJY6QTR, STM32U5A9BJY6QTR, STM32U5A9J-DK, STM32U5A9NJH6Q, STM32U5A9VJT6Q, STM32U5A9ZJT6Q, STM32U5A9ZJY6QTR, STM32U5F7VIT6, STM32U5F7VIT6Q, STM32U5F7VJT6, STM32U5F7VJT6Q, STM32U5F9BJY6QTR, STM32U5F9NJH6Q, STM32U5F9VIT6Q, STM32U5F9VJT6Q, STM32U5F9ZIJ6QTR, STM32U5F9ZIT6Q, STM32U5F9ZJJ6QTR, STM32U5F9ZJT6Q, STM32U5G7VJT6, STM32U5G7VJT6Q, STM32U5G9BJY6QTR, STM32U5G9J-DK1, STM32U5G9J-DK2, STM32U5G9NJH6Q, STM32U5G9VJT6Q, STM32U5G9ZJJ6QTR, STM32U5G9ZJT6Q, STM32WB05KZV6TR, STM32WB05KZV7TR, STM32WB05TZF6TR, STM32WB05TZF7TR, STM32WB06CCF6TR, STM32WB06CCF7TR, STM32WB06CCV6TR, STM32WB06CCV7TR, STM32WB06KCV6TR, STM32WB06KCV7TR, STM32WB07CCF6TR, STM32WB07CCF7TR, STM32WB07CCV6TR, STM32WB07CCV7TR, STM32WB07KCV6TR, STM32WB07KCV7TR, STM32WB09KEV6TR, STM32WB09KEV7TR, STM32WB09TEF6TR, STM32WB09TEF7TR, STM32WB1MMCH6, STM32WBA50KGU6, STM32WBA50KGU6TR, STM32WBA52CEU6, STM32WBA52CEU6TR, STM32WBA52CEU7, STM32WBA52CEU7TR, STM32WBA52CGU6, STM32WBA52CGU6TR, STM32WBA52CGU6U, STM32WBA52CGU7, STM32WBA52CGU7TR, STM32WBA52KEU6, STM32WBA52KEU6TR, STM32WBA52KGU6, STM32WBA52KGU6TR, STM32WBA54CEU6, STM32WBA54CEU6TR, STM32WBA54CEU7, STM32WBA54CEU7TR, STM32WBA54CGU6, STM32WBA54CGU6TR, STM32WBA54CGU7, STM32WBA54CGU7TR, STM32WBA54KEU6, STM32WBA54KEU6TR, STM32WBA54KEU7, STM32WBA54KEU7TR, STM32WBA54KGU6, STM32WBA54KGU6TR, STM32WBA54KGU7, STM32WBA54KGU7TR, STM32WBA55CEU6, STM32WBA55CEU6TR, STM32WBA55CEU7, STM32WBA55CEU7TR, STM32WBA55CGU6, STM32WBA55CGU6TR, STM32WBA55CGU6U, STM32WBA55CGU7, STM32WBA55CGU7TR, STM32WBA55G-DK1, STM32WBA55HEF6, STM32WBA55HEF7, STM32WBA55HGF6, STM32WBA55HGF7, STM32WBA55UEI6, STM32WBA55UEI6TR, STM32WBA55UEI7, STM32WBA55UEI7TR, STM32WBA55UGI6, STM32WBA55UGI6TR, STM32WBA55UGI7, STM32WBA55UGI7TR, STM32WBA5MMGH6TR, STM32WBA62MGF6, STM32WBA62MIF6, STM32WBA65MGF7, STM32WBA65MIF6, STM32WBA65MIF7, STM32WL30K8V6, STM32WL30KBV6, STM32WL31C8V6, STM32WL31CBV6, STM32WL31K8V6, STM32WL31KBV6, STM32WL33C8V6, STM32WL33C8V6X, STM32WL33CBV6, STM32WL33CBV6X, STM32WL33CCV6, STM32WL33CCV6A, STM32WL33CCV6X, STM32WL33K8V7, STM32WL33K8V7X, STM32WL33KBV7 , STM32WL33KBV7X, STM32WL33KCV7, STM32WL33KCV7X, STM32WL5MOCH6, STM32WL5MOCH6TR]
2025-11-29 13:47:39,662 [INFO] DbMcus:218 - Found 4876 MCUs, 4876 are supported
2025-11-29 13:47:39,663 [INFO] ApiDb:423 - Load user favorites file C:\Users\Thorin/.stm32cubeide/favorites.mcus.txt: 0 item(s)
2025-11-29 13:47:39,663 [INFO] ApiDb:427 - User favorites MCUs=[]
2025-11-29 13:47:39,663 [INFO] DbMcus:224 - Set 0 / 0 favorites MCUs
2025-11-29 13:47:40,007 [INFO] ApiDb:668 - CubeFinder database Data Model version=2.1
2025-11-29 13:47:40,007 [INFO] ApiDb:669 - CubeFinder database Configuration version=3.0.39
2025-11-29 13:47:40,007 [INFO] ApiDb:670 - CubeFinder database generation date=2025-11-05 (1762334721)
2025-11-29 13:47:40,007 [INFO] ApiDb:671 - CubeFinder database FW Pack versions=[FP-ATR-ASTRA1_V2.0.0, FP-SNS-FLIGHT1_V5.1.0, FP-SNS-MOTENV1_V5.1.0, FP-SNS-MOTENVWB1_V1.4.0, FP-SNS-SMARTAG2_V1.2.0, FP-SNS-STBOX1_V2.1.0, STM32Cube_FW_C0_V1.4.0, STM32Cube_FW_F4_V1.28.3, STM32Cube_FW_F7_V1.17.4, STM32Cube_FW_G0_V1.6.2, STM32Cube_FW_G4_V1.6.1, STM32Cube_FW_H5_V1.5.1, STM32Cube_FW_H7RS_V1.3.0, STM32Cube_FW_H7_V1.12.1, STM32Cube_FW_L0_V1.12.2, STM32Cube_FW_L4_V1.18.1, STM32Cube_FW_L5_V1.6.0, STM32Cube_FW_N6_V1.3.0, STM32Cube_FW_U0_V1.3.0, STM32Cube_FW_U3_V1.2.1, STM32Cube_FW_U5_V1.8.0, STM32Cube_FW_WB0_V1.4.0, STM32Cube_FW_WBA_V1.8.0, STM32Cube_FW_WB_V1.24.0, STM32Cube_FW_WL3_V1.3.0, STM32Cube_FW_WL_V1.4.0, X-CUBE-ALGOBUILD_V1.4.0, X-CUBE-ALS_V1.0.2, X-CUBE-AZRTOS-F4_V1.1.0, X-CUBE-AZRTOS-F7_V1.1.0, X-CUBE-AZRTOS-G0_V1.1.0, X-CUBE-AZRTOS-G4_V2.0.0, X-CUBE-AZRTOS-H7RS_V1.1.0, X-CUBE-AZRTOS-H7_V3.4.0, X-CUBE-AZRTOS-L4_V2.0.0, X-CUBE-AZRTOS-L5_V2.0.0, X-CUBE-AZRTOS-WB_V2.0.0, X-CUBE-AZRTOS-WL_V2.0.0, X-CUBE-BLE1_V7.1.0, X-CUBE-BLE2_V3.3.0, X-CUBE-BLEMGR_V4.1.0, X-CUBE-EEPRMA1_V5.2.0, X-CUBE-FREERTOS_V1.3.1, X-CUBE-GNSS1_V6.0.0, X-CUBE-MEMS1_V11.3.0, X-CUBE-NFC4_V3.0.0, X-CUBE-NFC7_V2.0.0, X-CUBE-SFXS2LP1_V4.0.0, X-CUBE-ST67W61_V1.1.0, X-CUBE-SUBG2_V5.0.0, X-CUBE-TOF1_V3.4.3]
2025-11-29 13:47:40,043 [INFO] DbBoardsSqlite:226 - include board P-NUCLEO-WB55-NUCLEO as a kit item of type 'Nucleo-64'
2025-11-29 13:47:40,044 [INFO] DbBoardsSqlite:226 - include board P-NUCLEO-WB55-USBDONGLE as a kit item of type 'Nucleo USB Dongle'
2025-11-29 13:47:40,044 [INFO] DbBoardsSqlite:226 - include board STEVAL-IDP005V1 as a kit item of type 'Evaluation Board'
2025-11-29 13:47:40,044 [INFO] DbBoardsSqlite:226 - include board STEVAL-IDP005V2 as a kit item of type 'Evaluation Board'
2025-11-29 13:47:40,095 [INFO] ApiDb:240 - Found 880 in-development CPN: [B-G473E-ZEST1S, B-WB1M-WPAN1, B-WBA5M-WPAN, B-WL5M-SUBG1, NUCLEO-C031C6, NUCLEO-C051C8, NUCLEO-C071RB, NUCLEO-C092RC, NUCLEO-H503RB, NUCLEO-H533RE, NUCLEO-H563ZI, NUCLEO-H7S3L8, NUCLEO-N657X0-Q, NUCLEO-U031R8, NUCLEO-U083RC, NUCLEO-U385RG-Q, NUCLEO-U545RE-Q, NUCLEO-U5A5ZJ-Q, NUCLEO-WB05KZ, NUCLEO-WB07CC, NUCLEO-WB09KE, NUCLEO-WBA52CG, NUCLEO-WBA55CG, NUCLEO-WL33CC1, NUCLEO-WL33CC2, STEVAL-PROTEUS1, STEVAL-SMARTAG2, STEVAL-STWINBX1, STM320518-EVAL, STM32C0116-DK, STM32C011D6Y3TR, STM32C011D6Y6TR, STM32C011F4P3, STM32C011F4P6, STM32C011F4U3, STM32C011F4U6TR, STM32C011F6P3, STM32C011F6P6, STM32C011F6U3, STM32C011F6U6TR, STM32C011J4M3, STM32C011J4M6, STM32C011J6M3, STM32C011J6M6, STM32C0316-DK, STM32C031C4T3, STM32C031C4T6, STM32C031C4U3, STM32C031C4U6, STM32C031C6T3, STM32C031C6T6, STM32C031C6U3, STM32C031C6U6, STM32C031F4P3, STM32C031F4P6, STM32C031F6P3, STM32C031F6P6, STM32C031G4U3, STM32C031G4U6, STM32C031G6U3, STM32C031G6U6, STM32C031K4T3, STM32C031K4T6, STM32C031K4U3, STM32C031K4U6, STM32C031K6T3, STM32C031K6T6, STM32C031K6U3, STM32C031K6U6, STM32C051C6T6, STM32C051C6U6, STM32C051C8T6, STM32C051C8U6, STM32C051D8Y6TR, STM32C051F6P6, STM32C051F8P6, STM32C051G6U6, STM32C051G8U6, STM32C051K6T6, STM32C051K6U6, STM32C051K8T6, STM32C071C8T6, STM32C071C8T6N, STM32C071C8U6, STM32C071C8U6N, STM32C071CBT6, STM32C071CBT6N, STM32C071CBU6, STM32C071CBU6N, STM32C071F8P6, STM32C071F8P6N, STM32C071FBP6, STM32C071FBP6N, STM32C071FBY6TR, STM32C071G8U6, STM32C071G8U6N, STM32C071GBU6, STM32C071GBU6N, STM32C071K8T6, STM32C071K8T6N, STM32C071K8U6, STM32C071K8U6N, STM32C071KBT6, STM32C071KBT6N, STM32C071KBU6, STM32C071KBU6N, STM32C071R8T6, STM32C071R8T6N, STM32C071RBI6N, STM32C071RBT6, STM32C071RBT6N, STM32C091CBT6, STM32C091CBU6, STM32C091CCT6, STM32C091CCU6, STM32C091ECY6TR, STM32C091FBP6, STM32C091FCP6, STM32C091GBU6, STM32C091GCU6, STM32C091KBT6, STM32C091KBU6, STM32C091KCT6, STM32C091KCU6, STM32C091RBT6, STM32C091RCI6, STM32C091RCT6, STM32C092CBT6, STM32C092CBU6, STM32C092CCT6, STM32C092CCU6, STM32C092ECY6TR, STM32C092FBP6, STM32C092FCP6, STM32C092GBU6, STM32C092GCU6, STM32C092KBT6, STM32C092KBU6, STM32C092KCT6, STM32C092KCU6, STM32C092RBT6, STM32C092RCI6, STM32C092RCT6, STM32G071K8TXN, STM32G071K8UXN, STM32G081GBU6N, STM32G081KBT6N, STM32G081KBUXN, STM32G0B1CCT6N, STM32G0B1KCT6, STM32G0B1NEY6TR, STM32G0B1RCT6N, STM32G0C1CCT6, STM32G0C1CCT6N, STM32G0C1CCU6N, STM32G0C1CET6N, STM32G0C1CEU6N, STM32G0C1KCT6, STM32G0C1NEY6TR, STM32G0C1RCI6N, STM32G0C1RCT6N, STM32G0C1REI6N, STM32G0C1RET6N, STM32G0C1VCI6, STM32G0C1VEI6, STM32G411C6T3, STM32G411C6T6, STM32G411C6U3, STM32G411C6U6, STM32G411C8T3, STM32G411C8T6, STM32G411C8U3, STM32G411C8U6, STM32G411CBT3, STM32G411CBT6, STM32G411CBU3, STM32G411CBU6, STM32G411K6T3, STM32G411K6T6, STM32G411K6U3, STM32G411K6U6, STM32G411K8T3, STM32G411K8T6, STM32G411K8U3, STM32G411K8U6, STM32G411KBT3, STM32G411KBT6, STM32G411KBU3, STM32G411KBU6, STM32G411M6T3, STM32G411M6T6, STM32G411M8T3, STM32G411M8T6, STM32G411MBT3, STM32G411MBT6, STM32G411R6T3, STM32G411R6T6, STM32G411R8T3, STM32G411R8T6, STM32G411RBT3, STM32G411RBT6, STM32G414CBT3, STM32G414CBT6, STM32G414CBU3, STM32G414CBU6, STM32G414CCT3, STM32G414CCT6, STM32G414CCU3, STM32G414CCU6, STM32G414MBT3, STM32G414MBT6, STM32G414MCT3, STM32G414MCT6, STM32G414RBT3, STM32G414RBT6, STM32G414RCT3, STM32G414RCT6, STM32G414VBT3, STM32G414VBT6, STM32G414VCT3, STM32G414VCT6, STM32G431CBT3Z, STM32G431RBT3Z, STM32G471CCT6, STM32G471CCU6, STM32G471CET3, STM32G471CET6, STM32G471CEU3, STM32G471CEU6, STM32G471MCT6, STM32G471MET3, STM32G471MET6, STM32G471MEY6TR, STM32G471QCT6, STM32G471QET3, STM32G471RCT6, STM32G471RET3, STM32G471RET6, STM32G471VCH6, STM32G471VCI6, STM32G471VCT6, STM32G471VEH3, STM32G471VEH6, STM32G471VEI3, STM32G471VEI6, STM32G471VET3, STM32G471VET6, STM32G473QET3Z, STM32G473RET3Z, STM32G474CCT6, STM32G491RET3Z, STM32H503CBT6, STM32H503CBU6, STM32H503EBY6TR, STM32H503KBU6, STM32H503RBT6, STM32H523CCT6, STM32H523CCU6, STM32H523CET6, STM32H523CEU6, STM32H523HEY6TR, STM32H523RCT6, STM32H523RET6, STM32H523VCI6, STM32H523VCT6, STM32H523VEI6, STM32H523VET6, STM32H523ZCJ6, STM32H523ZCT6, STM32H523ZEJ6, STM32H523ZET6, STM32H533CET6, STM32H533CEU6, STM32H533HEY6TR, STM32H533RET6, STM32H533VEI6, STM32H533VET6, STM32H533ZEJ6, STM32H533ZET6, STM32H562AGI6, STM32H562AII6, STM32H562IGK6, STM32H562IGT6, STM32H562IIK6, STM32H562IIT6, STM32H562RGT6, STM32H562RGV6, STM32H562RIT6, STM32H562RIV6, STM32H562VGT6, STM32H562VIT6, STM32H562ZGT6, STM32H562ZIT6, STM32H563AGI6, STM32H563AII3Q, STM32H563AII6, STM32H563IGK6, STM32H563IGT6, STM32H563IIK3Q, STM32H563IIK6, STM32H563IIT3Q, STM32H563IIT6, STM32H563MIY3QTR, STM32H563RGT6, STM32H563RGV6, STM32H563RIT6, STM32H563RIV6, STM32H563VGT6, STM32H563VIT3Q, STM32H563VIT6, STM32H563ZGT6, STM32H563ZIT3Q, STM32H563ZIT6, STM32H573AII3Q, STM32H573AII6, STM32H573I-DK, STM32H573IIK3Q, STM32H573IIK6, STM32H573IIT3Q, STM32H573IIT6, STM32H573MIY3QTR, STM32H573RIT6, STM32H573RIV6, STM32H573VIT3Q, STM32H573VIT6, STM32H573ZIT3Q, STM32H573ZIT6, STM32H7R3A8I6, STM32H7R3I8K6, STM32H7R3I8T6, STM32H7R3L8H6, STM32H7R3L8H6H, STM32H7R3R8V6, STM32H7R3V8H6, STM32H7R3V8T6, STM32H7R3V8Y6TR, STM32H7R3Z8J6, STM32H7R3Z8T6, STM32H7R7A8I6, STM32H7R7I8K6, STM32H7R7I8T6, STM32H7R7L8H6, STM32H7R7L8H6H, STM32H7R7Z8J6, STM32H7S3A8I6, STM32H7S3I8K6, STM32H7S3I8T6, STM32H7S3L8H6, STM32H7S3L8H6H, STM32H7S3R8V6, STM32H7S3V8H6, STM32H7S3V8T6, STM32H7S3V8Y6TR, STM32H7S3Z8J6, STM32H7S3Z8T6, STM32H7S78-DK, STM32H7S7A8I6, STM32H7S7I8K6, STM32H7S7I8T6, STM32H7S7L8H6, STM32H7S7L8H6H, STM32H7S7Z8J6, STM32L4R5QGI6STR, STM32MP131AAE3, STM32MP131AAF3, STM32MP131AAG3, STM32MP131CAE3, STM32MP131CAF3, STM32MP131CAG3, STM32MP131DAE7, STM32MP131DAF7, STM32MP131DAG7, STM32MP131FAE7, STM32MP131FAF7, STM32MP131FAG7, STM32MP133AAE3, STM32MP133AAF3, STM32MP133AAG3, STM32MP133CAE3, STM32MP133CAF3, STM32MP133CAG3, STM32MP133DAE7, STM32MP133DAF7, STM32MP133DAG7, STM32MP133FAE7, STM32MP133FAF7, STM32MP133FAG7, STM32MP135AAE3, STM32MP135AAF3, STM32MP135AAG3, STM32MP135CAE3, STM32MP135CAF3, STM32MP135CAG3, STM32MP135DAE7, STM32MP135DAF7, STM32MP135DAG7, STM32MP135F-DK, STM32MP135FAE7, STM32MP135FAF7, STM32MP135FAF7T, STM32MP135FAF7U, STM32MP135FAG7, STM32MP211AAL3, STM32MP211AAM3, STM32MP211AAN3, STM32MP211AAO3, STM32MP211CAL3, STM32MP211CAM3, STM32MP211CAN3, STM32MP211CAO3, STM32MP211DAL3, STM32MP211DAM3, STM32MP211DAN3, STM32MP211DAO3, STM32MP211FAL3, STM32MP211FAM3, STM32MP211FAN3, STM32MP211FAO3, STM32MP213AAL3, STM32MP213AAM3, STM32MP213AAN3, STM32MP213AAO3, STM32MP213CAL3, STM32MP213CAM3, STM32MP213CAN3, STM32MP213CAO3, STM32MP213DAL3, STM32MP213DAM3, STM32MP213DAN3, STM32MP213DAO3, STM32MP213FAL3, STM32MP213FAM3, STM32MP213FAN3, STM32MP213FAO3, STM32MP215AAL3, STM32MP215AAM3, STM32MP215AAN3, STM32MP215AAO3, STM32MP215CAL3, STM32MP215CAM3, STM32MP215CAN3, STM32MP215CAO3, STM32MP215DAL3, STM32MP215DAM3, STM32MP215DAN3, STM32MP215DAO3, STM32MP215F-DK, STM32MP215FAL3, STM32MP215FAM3, STM32MP215FAN3, STM32MP215FAO3, STM32MP231AAJ3, STM32MP231AAK3, STM32MP231AAL3, STM32MP231CAJ3, STM32MP231CAK3, STM32MP231CAL3, STM32MP231DAJ3, STM32MP231DAK3, STM32MP231DAL3, STM32MP231FAJ3, STM32MP231FAK3, STM32MP231FAL3, STM32MP233AAJ3, STM32MP233AAK3, STM32MP233AAL3, STM32MP233CAJ3, STM32MP233CAK3, STM32MP233CAL3, STM32MP233DAJ3, STM32MP233DAK3, STM32MP233DAL3, STM32MP233FAJ3, STM32MP233FAK3, STM32MP233FAL3, STM32MP235AAJ3, STM32MP235AAK3, STM32MP235AAL3, STM32MP235CAJ3, STM32MP235CAK3, STM32MP235CAL3, STM32MP235DAJ3, STM32MP235DAK3, STM32MP235DAL3, STM32MP235FAJ3, STM32MP235FAK3, STM32MP235FAL3, STM32MP251AAI3, STM32MP251AAK3, STM32MP251AAL3, STM32MP251CAI3, STM32MP251CAK3, STM32MP251CAL3, STM32MP251DAI3, STM32MP251DAK3, STM32MP251DAL3, STM32MP251FAI3, STM32MP251FAK3, STM32MP251FAL3, STM32MP253AAI3, STM32MP253AAK3, STM32MP253AAL3, STM32MP253CAI3, STM32MP253CAK3, STM32MP253CAL3, STM32MP253DAI3, STM32MP253DAK3, STM32MP253DAL3, STM32MP253FAI3, STM32MP253FAK3, STM32MP253FAL3, STM32MP255AAI3, STM32MP255AAK3, STM32MP255AAL3, STM32MP255CAI3, STM32MP255CAK3, STM32MP255CAL3, STM32MP255DAI3, STM32MP255DAK3, STM32MP255DAL3, STM32MP255FAI3, STM32MP255FAK3, STM32MP255FAL3, STM32MP257AAI3, STM32MP257AAK3, STM32MP257AAL3, STM32MP257CAI3, STM32MP257CAK3, STM32MP257CAL3, STM32MP257DAI3, STM32MP257DAK3, STM32MP257DAL3, STM32MP257F-DK, STM32MP257F-EV1, STM32MP257FAI3, STM32MP257FAK3, STM32MP257FAL3, STM32N645A0H3Q, STM32N645B0H3Q, STM32N645I0H3Q, STM32N645L0H3Q, STM32N645X0H3Q, STM32N645Z0H3Q, STM32N647A0H3Q, STM32N647B0H3Q, STM32N647I0H3Q, STM32N647L0H3Q, STM32N647X0H3Q, STM32N647Z0H3Q, STM32N655A0H3Q, STM32N655B0H3Q, STM32N655I0H3Q, STM32N655L0H3Q, STM32N655X0H3Q, STM32N655Z0H3Q, STM32N6570-DK, STM32N657A0H3Q, STM32N657B0H3Q, STM32N657I0H3Q, STM32N657L0H3Q, STM32N657X0H3Q, STM32N657Z0H3Q, STM32U031C6T6, STM32U031C6U6, STM32U031C8T6, STM32U031C8U6, STM32U031F4P6, STM32U031F6P6, STM32U031F8P6, STM32U031G6Y6TR, STM32U031G8Y6TR, STM32U031K4U6, STM32U031K6U6, STM32U031K8U6, STM32U031R6I6, STM32U031R6T6, STM32U031R8I6, STM32U031R8T6, STM32U073C8T6, STM32U073C8U6, STM32U073CBT6, STM32U073CBU6, STM32U073CCT6, STM32U073CCU6, STM32U073H8Y6TR, STM32U073HBY6TR, STM32U073HCY6TR, STM32U073K8U6, STM32U073KBU6, STM32U073KCU6, STM32U073M8I6, STM32U073M8T6, STM32U073MBI6, STM32U073MBT6, STM32U073MCI6, STM32U073MCT6, STM32U073R8I6, STM32U073R8T6, STM32U073RBI6, STM32U073RBT6, STM32U073RCI6, STM32U073RCT6, STM32U083C-DK, STM32U083CCT6, STM32U083CCU6, STM32U083HCY6TR, STM32U083KCU6, STM32U083MCI6, STM32U083MCT6, STM32U083RCI6, STM32U083RCT6, STM32U375CET6, STM32U375CET6Q, STM32U375CEU6, STM32U375CEU6Q, STM32U375CEY6QTR, STM32U375CGT6, STM32U375CGT6Q, STM32U375CGU6, STM32U375CGU6Q, STM32U375CGY6QTR, STM32U375KEU6, STM32U375KGU6, STM32U375REI6, STM32U375REI6Q, STM32U375RET6, STM32U375RET6Q, STM32U375REY6GTR, STM32U375REY6QTR, STM32U375RGI6, STM32U375RGI6Q, STM32U375RGT6, STM32U375RGT6Q, STM32U375RGY6GTR, STM32U375RGY6QTR, STM32U375VEI6, STM32U375VEI6Q, STM32U375VET6, STM32U375VET6Q, STM32U375VGI6, STM32U375VGI6Q, STM32U375VGT6, STM32U375VGT6Q, STM32U385CGT6, STM32U385CGT6Q, STM32U385CGU6, STM32U385CGU6Q, STM32U385CGY6QTR, STM32U385KGU6, STM32U385RGI6, STM32U385RGI6Q, STM32U385RGT6, STM32U385RGT6Q, STM32U385RGY6GTR, STM32U385RGY6QTR, STM32U385VGI6, STM32U385VGI6Q, STM32U385VGT6, STM32U385VGT6Q, STM32U535CBT6, STM32U535CBT6Q, STM32U535CBU6, STM32U535CBU6Q, STM32U535CCT6, STM32U535CCT6Q, STM32U535CCU6, STM32U535CCU6Q, STM32U535CET6, STM32U535CET6Q, STM32U535CEU6, STM32U535CEU6Q, STM32U535JEY6QTR, STM32U535NCY6QTR, STM32U535NEY6QTR, STM32U535RBI6, STM32U535RBI6Q, STM32U535RBT6, STM32U535RBT6Q, STM32U535RCI6, STM32U535RCI6Q, STM32U535RCT6, STM32U535RCT6Q, STM32U535REI6, STM32U535REI6Q, STM32U535RET6, STM32U535RET6Q, STM32U535VCI6, STM32U535VCI6Q, STM32U535VCT6, STM32U535VCT6Q, STM32U535VEI6, STM32U535VEI6Q, STM32U535VET6, STM32U535VET6Q, STM32U545CET6, STM32U545CET6Q, STM32U545CEU6, STM32U545CEU6Q, STM32U545JEY6QTR, STM32U545NEY6QTR, STM32U545REI6, STM32U545REI6Q, STM32U545RET6, STM32U545RET6Q, STM32U545VEI6, STM32U545VEI6Q, STM32U545VET6, STM32U545VET6Q, STM32U595AIH6, STM32U595AIH6Q, STM32U595AJH6, STM32U595AJH6Q, STM32U595QII6, STM32U595QII6Q, STM32U595QJI6, STM32U595QJI6Q, STM32U595RIT6, STM32U595RIT6Q, STM32U595RJT6, STM32U595RJT6Q, STM32U595VIT6, STM32U595VIT6Q, STM32U595VJT6, STM32U595VJT6Q, STM32U595ZIT6, STM32U595ZIT6Q, STM32U595ZIY6QTR, STM32U595ZJT6, STM32U595ZJT6Q, STM32U595ZJY6QTR, STM32U599BJY6QTR, STM32U599NIH6Q, STM32U599NJH6Q, STM32U599VIT6Q, STM32U599VJT6, STM32U599VJT6Q, STM32U599ZIT6Q, STM32U599ZIY6QTR, STM32U599ZJT6Q, STM32U599ZJY6QTR, STM32U5A5AJH6, STM32U5A5AJH6Q, STM32U5A5QII3Q , STM32U5A5QJI6, STM32U5A5QJI6Q, STM32U5A5RJT6, STM32U5A5RJT6Q, STM32U5A5VJT6, STM32U5A5VJT6Q, STM32U5A5ZJT6, STM32U5A5ZJT6Q, STM32U5A5ZJY6QTR, STM32U5A9BJY6QTR, STM32U5A9J-DK, STM32U5A9NJH6Q, STM32U5A9VJT6Q, STM32U5A9ZJT6Q, STM32U5A9ZJY6QTR, STM32U5F7VIT6, STM32U5F7VIT6Q, STM32U5F7VJT6, STM32U5F7VJT6Q, STM32U5F9BJY6QTR, STM32U5F9NJH6Q, STM32U5F9VIT6Q, STM32U5F9VJT6Q, STM32U5F9ZIJ6QTR, STM32U5F9ZIT6Q, STM32U5F9ZJJ6QTR, STM32U5F9ZJT6Q, STM32U5G7VJT6, STM32U5G7VJT6Q, STM32U5G9BJY6QTR, STM32U5G9J-DK1, STM32U5G9J-DK2, STM32U5G9NJH6Q, STM32U5G9VJT6Q, STM32U5G9ZJJ6QTR, STM32U5G9ZJT6Q, STM32WB05KZV6TR, STM32WB05KZV7TR, STM32WB05TZF6TR, STM32WB05TZF7TR, STM32WB06CCF6TR, STM32WB06CCF7TR, STM32WB06CCV6TR, STM32WB06CCV7TR, STM32WB06KCV6TR, STM32WB06KCV7TR, STM32WB07CCF6TR, STM32WB07CCF7TR, STM32WB07CCV6TR, STM32WB07CCV7TR, STM32WB07KCV6TR, STM32WB07KCV7TR, STM32WB09KEV6TR, STM32WB09KEV7TR, STM32WB09TEF6TR, STM32WB09TEF7TR, STM32WB1MMCH6, STM32WBA50KGU6, STM32WBA50KGU6TR, STM32WBA52CEU6, STM32WBA52CEU6TR, STM32WBA52CEU7, STM32WBA52CEU7TR, STM32WBA52CGU6, STM32WBA52CGU6TR, STM32WBA52CGU6U, STM32WBA52CGU7, STM32WBA52CGU7TR, STM32WBA52KEU6, STM32WBA52KEU6TR, STM32WBA52KGU6, STM32WBA52KGU6TR, STM32WBA54CEU6, STM32WBA54CEU6TR, STM32WBA54CEU7, STM32WBA54CEU7TR, STM32WBA54CGU6, STM32WBA54CGU6TR, STM32WBA54CGU7, STM32WBA54CGU7TR, STM32WBA54KEU6, STM32WBA54KEU6TR, STM32WBA54KEU7, STM32WBA54KEU7TR, STM32WBA54KGU6, STM32WBA54KGU6TR, STM32WBA54KGU7, STM32WBA54KGU7TR, STM32WBA55CEU6, STM32WBA55CEU6TR, STM32WBA55CEU7, STM32WBA55CEU7TR, STM32WBA55CGU6, STM32WBA55CGU6TR, STM32WBA55CGU6U, STM32WBA55CGU7, STM32WBA55CGU7TR, STM32WBA55G-DK1, STM32WBA55HEF6, STM32WBA55HEF7, STM32WBA55HGF6, STM32WBA55HGF7, STM32WBA55UEI6, STM32WBA55UEI6TR, STM32WBA55UEI7, STM32WBA55UEI7TR, STM32WBA55UGI6, STM32WBA55UGI6TR, STM32WBA55UGI7, STM32WBA55UGI7TR, STM32WBA5MMGH6TR, STM32WBA62MGF6, STM32WBA62MIF6, STM32WBA65MGF7, STM32WBA65MIF6, STM32WBA65MIF7, STM32WL30K8V6, STM32WL30KBV6, STM32WL31C8V6, STM32WL31CBV6, STM32WL31K8V6, STM32WL31KBV6, STM32WL33C8V6, STM32WL33C8V6X, STM32WL33CBV6, STM32WL33CBV6X, STM32WL33CCV6, STM32WL33CCV6A, STM32WL33CCV6X, STM32WL33K8V7, STM32WL33K8V7X, STM32WL33KBV7 , STM32WL33KBV7X, STM32WL33KCV7, STM32WL33KCV7X, STM32WL5MOCH6, STM32WL5MOCH6TR]
2025-11-29 13:47:40,306 [INFO] BoardInfo:889 - No configuration file found for board P-NUCLEO-WB55
2025-11-29 13:47:40,307 [INFO] DbBoards:161 - Kit is not supported: P-NUCLEO-WB55
2025-11-29 13:47:40,312 [INFO] BoardInfo:889 - No configuration file found for board STEVAL-BFA001V1B
2025-11-29 13:47:40,313 [INFO] DbBoards:161 - Kit is not supported: STEVAL-BFA001V1B
2025-11-29 13:47:40,314 [INFO] BoardInfo:889 - No configuration file found for board STEVAL-BFA001V2B
2025-11-29 13:47:40,316 [INFO] DbBoards:161 - Kit is not supported: STEVAL-BFA001V2B
2025-11-29 13:47:40,497 [INFO] DbBoards:168 - Found 212 boards, 209 are supported
2025-11-29 13:47:40,497 [INFO] DbBoards:169 - Found 212 boards, 43 of them is supported for  Bsp
2025-11-29 13:47:40,499 [INFO] ApiDb:423 - Load user favorites file C:\Users\Thorin/.stm32cubeide/favorites.boards.txt: 0 item(s)
2025-11-29 13:47:40,499 [INFO] ApiDb:427 - User favorites Boards=[]
2025-11-29 13:47:40,499 [INFO] DbBoards:198 - Set 0 / 0 favorites Boards
2025-11-29 13:47:40,501 [INFO] ApiDb:668 - CubeFinder database Data Model version=2.1
2025-11-29 13:47:40,501 [INFO] ApiDb:669 - CubeFinder database Configuration version=3.0.39
2025-11-29 13:47:40,501 [INFO] ApiDb:670 - CubeFinder database generation date=2025-11-05 (1762334721)
2025-11-29 13:47:40,502 [INFO] ApiDb:671 - CubeFinder database FW Pack versions=[FP-ATR-ASTRA1_V2.0.0, FP-SNS-FLIGHT1_V5.1.0, FP-SNS-MOTENV1_V5.1.0, FP-SNS-MOTENVWB1_V1.4.0, FP-SNS-SMARTAG2_V1.2.0, FP-SNS-STBOX1_V2.1.0, STM32Cube_FW_C0_V1.4.0, STM32Cube_FW_F4_V1.28.3, STM32Cube_FW_F7_V1.17.4, STM32Cube_FW_G0_V1.6.2, STM32Cube_FW_G4_V1.6.1, STM32Cube_FW_H5_V1.5.1, STM32Cube_FW_H7RS_V1.3.0, STM32Cube_FW_H7_V1.12.1, STM32Cube_FW_L0_V1.12.2, STM32Cube_FW_L4_V1.18.1, STM32Cube_FW_L5_V1.6.0, STM32Cube_FW_N6_V1.3.0, STM32Cube_FW_U0_V1.3.0, STM32Cube_FW_U3_V1.2.1, STM32Cube_FW_U5_V1.8.0, STM32Cube_FW_WB0_V1.4.0, STM32Cube_FW_WBA_V1.8.0, STM32Cube_FW_WB_V1.24.0, STM32Cube_FW_WL3_V1.3.0, STM32Cube_FW_WL_V1.4.0, X-CUBE-ALGOBUILD_V1.4.0, X-CUBE-ALS_V1.0.2, X-CUBE-AZRTOS-F4_V1.1.0, X-CUBE-AZRTOS-F7_V1.1.0, X-CUBE-AZRTOS-G0_V1.1.0, X-CUBE-AZRTOS-G4_V2.0.0, X-CUBE-AZRTOS-H7RS_V1.1.0, X-CUBE-AZRTOS-H7_V3.4.0, X-CUBE-AZRTOS-L4_V2.0.0, X-CUBE-AZRTOS-L5_V2.0.0, X-CUBE-AZRTOS-WB_V2.0.0, X-CUBE-AZRTOS-WL_V2.0.0, X-CUBE-BLE1_V7.1.0, X-CUBE-BLE2_V3.3.0, X-CUBE-BLEMGR_V4.1.0, X-CUBE-EEPRMA1_V5.2.0, X-CUBE-FREERTOS_V1.3.1, X-CUBE-GNSS1_V6.0.0, X-CUBE-MEMS1_V11.3.0, X-CUBE-NFC4_V3.0.0, X-CUBE-NFC7_V2.0.0, X-CUBE-SFXS2LP1_V4.0.0, X-CUBE-ST67W61_V1.1.0, X-CUBE-SUBG2_V5.0.0, X-CUBE-TOF1_V3.4.3]
2025-11-29 13:47:40,963 [ERROR] DbExamplesSqlite:437 - Missing JSON key: board_cpn
2025-11-29 13:47:40,964 [ERROR] DbExamplesSqlite:437 - Missing JSON key: board_cpn
2025-11-29 13:47:40,964 [ERROR] DbExamplesSqlite:437 - Missing JSON key: board_cpn
2025-11-29 13:47:40,964 [ERROR] DbExamplesSqlite:437 - Missing JSON key: board_cpn
2025-11-29 13:47:41,182 [ERROR] DbExamplesSqlite:437 - Missing JSON key: board_cpn
2025-11-29 13:47:41,182 [ERROR] DbExamplesSqlite:437 - Missing JSON key: board_cpn
2025-11-29 13:47:41,188 [INFO] DbExamplesSqlite:395 - Ignored 42 examples not supported by CubeIDE
2025-11-29 13:47:41,188 [INFO] DbExamplesSqlite:396 - Found 10883 examples active
2025-11-29 13:47:41,188 [INFO] DbExamplesSqlite:397 - Found 0 examples obsolete
2025-11-29 13:47:41,188 [INFO] DbExamplesSqlite:398 - Found 0 examples under development
2025-11-29 13:47:41,188 [INFO] DbExamplesSqlite:399 - Found 85 examples not building
2025-11-29 13:47:41,189 [INFO] DbExamples:125 - Found 10926 examples
2025-11-29 13:47:41,224 [ERROR] DbExamples:208 - Found 73 examples with invalid data (board or MCU)
2025-11-29 13:47:41,224 [INFO] DbExamples:222 - Found 134 boards with related examples
2025-11-29 13:47:41,224 [INFO] DbExamples:235 - Found 111 MCUs with related examples
2025-11-29 13:47:41,243 [INFO] ApiDb:423 - Load user favorites file C:\Users\Thorin/.stm32cubeide/favorites.examples.txt: 0 item(s)
2025-11-29 13:47:41,244 [INFO] ApiDb:427 - User favorites Examples=[]
2025-11-29 13:47:41,244 [INFO] DbExamples:250 - Set 0 / 0 favorites Examples
2025-11-29 13:47:41,552 [INFO] McuFinderGlobals:76 - Set McuFinderConnectedMode to true
2025-11-29 13:47:41,558 [INFO] MultiScanPanel:200 - Auto-refresh data requested => check proxy status ongoing
2025-11-29 13:47:41,562 [INFO] FinderPluginLoader:96 - Searching for filters in installed packs
2025-11-29 13:47:42,809 [INFO] LoadUrlFilesThread:185 - End of LoadServerUrlFiles without Thread
2025-11-29 13:47:42,858 [INFO] DetailPanel:341 - Set advertising image to C:/Users/Thorin/STM32Cube/Repository/\en.mcu-finder-preevent.jpg
2025-11-29 13:50:24,609 [INFO] MainUpdater:2872 - connection check result : 10
2025-11-29 13:50:24,609 [INFO] MainUpdater:2872 - connection check result : 10
2025-11-29 13:50:24,642 [INFO] MicroXplorer:468 - Change Database Path : 
2025-11-29 13:50:24,642 [INFO] MicroXplorer:498 - Change Database Version : DB.6.0.150
2025-11-29 13:50:24,647 [WARN] ThirdParty:871 - waiting for thirdparty lock release [close project]
2025-11-29 13:50:24,647 [INFO] ThirdParty:873 - entering critical section [close project]
2025-11-29 13:50:24,647 [INFO] ThirdParty:883 - exiting critical section [close project]
2025-11-29 13:50:24,649 [INFO] PinOutPanel:1589 - setPackage(No Configuration,No Configuration)
2025-11-29 13:50:24,650 [INFO] UtilMem:75 - Begin LoadConfig() Used Memory: 718080024 Bytes (1073741824)
2025-11-29 13:50:24,650 [INFO] MicroXplorer:468 - Change Database Path : 
2025-11-29 13:50:24,651 [INFO] MicroXplorer:498 - Change Database Version : DB.6.0.150
2025-11-29 13:50:24,651 [INFO] OpenFileManager:355 - Change cursor
2025-11-29 13:50:24,807 [INFO] Mcu:2029 - Initializing MCU STM32L476RGTx STM32L476RGTx STM32L476RGT6
2025-11-29 13:50:26,701 [INFO] Context:786 - Trying to add GPIOservice into a context  which must be forbidden
2025-11-29 13:50:27,189 [INFO] ImportTextPane:234 - (OptionalMessage_ERROR) Unable to find key (Mcu.ThirdPartyNb) in loaded IOC file
2025-11-29 13:50:27,189 [INFO] ImportTextPane:234 - (OptionalMessage_ERROR) Unable to find key (Mcu.PinsNb) in loaded IOC file
2025-11-29 13:50:27,189 [INFO] ImportTextPane:234 - (OptionalMessage_ERROR) Pin0 (VP_RIF_VS_RIF1) cannot be retrieved for this MCU
2025-11-29 13:50:27,189 [INFO] ImportTextPane:234 - (OptionalMessage_ERROR) Unable to find key (Mcu.IPNb) in loaded IOC file
2025-11-29 13:50:27,326 [INFO] RtosManager:558 - Registered RTOS mode: class=CMSIS, group=RTOS, mode=CMSIS_V1, owner=FREERTOS
2025-11-29 13:50:27,327 [INFO] RtosManager:558 - Registered RTOS mode: class=CMSIS, group=RTOS2, mode=CMSIS_V2, owner=FREERTOS
2025-11-29 13:50:27,327 [INFO] RtosManager:558 - Registered RTOS mode: class=RTOS, group=Core, mode=CMSIS_V1, owner=FREERTOS
2025-11-29 13:50:27,327 [INFO] RtosManager:558 - Registered RTOS mode: class=RTOS, group=Core, mode=CMSIS_V2, owner=FREERTOS
2025-11-29 13:50:27,327 [WARN] ModelIntegratedComponent:184 - Missing modes for component STMicroelectronics:FreeRTOS:0.0.1:STMicroelectronics:RTOS:FreeRTOS:Core:::10.2.0:
2025-11-29 13:50:27,351 [WARN] ModelIntegratedComponent:63 - No mode defined for component null
2025-11-29 13:50:27,351 [WARN] ModelIntegratedComponent:63 - No mode defined for component null
2025-11-29 13:50:27,351 [WARN] ModelIntegratedComponent:63 - No mode defined for component null
2025-11-29 13:50:27,351 [WARN] ModelIntegratedComponent:63 - No mode defined for component null
2025-11-29 13:50:27,351 [WARN] ModelIntegratedComponent:63 - No mode defined for component null
2025-11-29 13:50:27,351 [WARN] ModelIntegratedComponent:63 - No mode defined for component null
2025-11-29 13:50:27,351 [WARN] ModelIntegratedComponent:63 - No mode defined for component null
2025-11-29 13:50:27,351 [WARN] ModelIntegratedComponent:63 - No mode defined for component null
2025-11-29 13:50:27,351 [WARN] ModelIntegratedComponent:63 - No mode defined for component null
2025-11-29 13:50:27,351 [WARN] ModelIntegratedComponent:63 - No mode defined for component null
2025-11-29 13:50:27,351 [WARN] ModelIntegratedComponent:63 - No mode defined for component null
2025-11-29 13:50:27,351 [WARN] ModelIntegratedComponent:63 - No mode defined for component null
2025-11-29 13:50:27,351 [WARN] ModelIntegratedComponent:63 - No mode defined for component null
2025-11-29 13:50:27,352 [WARN] ModelIntegratedComponent:63 - No mode defined for component null
2025-11-29 13:50:27,352 [WARN] ModelIntegratedComponent:63 - No mode defined for component null
2025-11-29 13:50:27,352 [WARN] ModelIntegratedComponent:63 - No mode defined for component null
2025-11-29 13:50:27,352 [WARN] ModelIntegratedComponent:63 - No mode defined for component null
2025-11-29 13:50:27,352 [WARN] ModelIntegratedComponent:63 - No mode defined for component null
2025-11-29 13:50:27,352 [WARN] ModelIntegratedComponent:63 - No mode defined for component null
2025-11-29 13:50:27,352 [WARN] ModelIntegratedComponent:63 - No mode defined for component null
2025-11-29 13:50:27,352 [WARN] ModelIntegratedComponent:63 - No mode defined for component null
2025-11-29 13:50:27,352 [WARN] ModelIntegratedComponent:63 - No mode defined for component null
2025-11-29 13:50:27,352 [WARN] ModelIntegratedComponent:63 - No mode defined for component null
2025-11-29 13:50:27,352 [WARN] ModelIntegratedComponent:63 - No mode defined for component null
2025-11-29 13:50:27,352 [WARN] ModelIntegratedComponent:63 - No mode defined for component null
2025-11-29 13:50:27,352 [WARN] ModelIntegratedComponent:63 - No mode defined for component null
2025-11-29 13:50:27,352 [WARN] ModelIntegratedComponent:63 - No mode defined for component null
2025-11-29 13:50:27,352 [WARN] ModelIntegratedComponent:63 - No mode defined for component null
2025-11-29 13:50:27,352 [WARN] ModelIntegratedComponent:63 - No mode defined for component null
2025-11-29 13:50:27,352 [WARN] ModelIntegratedComponent:63 - No mode defined for component null
2025-11-29 13:50:27,352 [WARN] ModelIntegratedComponent:63 - No mode defined for component null
2025-11-29 13:50:27,352 [WARN] ModelIntegratedComponent:63 - No mode defined for component null
2025-11-29 13:50:27,352 [WARN] ModelIntegratedComponent:63 - No mode defined for component null
2025-11-29 13:50:27,352 [WARN] ModelIntegratedComponent:63 - No mode defined for component null
2025-11-29 13:50:27,352 [WARN] ModelIntegratedComponent:63 - No mode defined for component null
2025-11-29 13:50:27,352 [WARN] ModelPack:524 - Component already loaded: STMicroelectronics:HAL Drivers:0.0.0:STMicroelectronics:Device:STMicro_Driver:XSPI:HAL::0.0.1:HAL_XSPI
2025-11-29 13:50:27,443 [INFO] ThirdPartyModel:298 - Start build external matchings
2025-11-29 13:50:28,096 [INFO] ThirdPartyModel:316 - End build external matchings
2025-11-29 13:50:28,424 [INFO] UtilMem:75 - End LoadConfig() Used Memory: 773205824 Bytes (1073741824)
2025-11-29 13:50:28,545 [WARN] ThirdParty:833 - waiting for thirdparty lock release [change project]
2025-11-29 13:50:28,545 [INFO] ThirdParty:835 - entering critical section [change project]
2025-11-29 13:50:28,545 [INFO] ThirdParty:1030 - CMSIS Pack Vendor :STMicroelectronics X-CUBE-PM33A1 1.0.0
2025-11-29 13:50:28,545 [INFO] ThirdParty:1030 - CMSIS Pack Vendor :STMicroelectronics USBPD 4.1
2025-11-29 13:50:28,545 [INFO] ThirdParty:1030 - CMSIS Pack Vendor :STMicroelectronics X-CUBE-NFC9 1.0.0
2025-11-29 13:50:28,545 [INFO] ThirdParty:1030 - CMSIS Pack Vendor :STMicroelectronics USB_HOST 2.0.0
2025-11-29 13:50:28,545 [INFO] ThirdParty:1030 - CMSIS Pack Vendor :STMicroelectronics FP-SNS-MOTENVWB1 1.4.0
2025-11-29 13:50:28,545 [INFO] ThirdParty:1030 - CMSIS Pack Vendor :STMicroelectronics X-CUBE-AZRTOS-F4 1.1.0
2025-11-29 13:50:28,545 [INFO] ThirdParty:1030 - CMSIS Pack Vendor :STMicroelectronics LIBJPEG 8.0.0
2025-11-29 13:50:28,545 [INFO] ThirdParty:1030 - CMSIS Pack Vendor :STMicroelectronics FP-ATR-ASTRA1 2.0.2
2025-11-29 13:50:28,545 [INFO] ThirdParty:1030 - CMSIS Pack Vendor :wolfSSL I-CUBE-wolfSSL 5.8.2
2025-11-29 13:50:28,545 [INFO] ThirdParty:1030 - CMSIS Pack Vendor :STMicroelectronics X-CUBE-BLE1 7.1.0
2025-11-29 13:50:28,545 [INFO] ThirdParty:1030 - CMSIS Pack Vendor :Avnet-IotConnect X-CUBE-IoTC-DA16k-PMOD 1.0.0
2025-11-29 13:50:28,545 [INFO] ThirdParty:1030 - CMSIS Pack Vendor :STMicroelectronics X-CUBE-SMBUS 2.1.0
2025-11-29 13:50:28,545 [INFO] ThirdParty:1030 - CMSIS Pack Vendor :wolfSSL I-CUBE-wolfMQTT 1.19.2
2025-11-29 13:50:28,545 [INFO] ThirdParty:1030 - CMSIS Pack Vendor :STMicroelectronics USB_DEVICE 3.0.0
2025-11-29 13:50:28,545 [INFO] ThirdParty:1030 - CMSIS Pack Vendor :STMicroelectronics X-CUBE-ISPU 2.1.0
2025-11-29 13:50:28,545 [INFO] ThirdParty:1030 - CMSIS Pack Vendor :STMicroelectronics X-CUBE-FREERTOS 1.4.0
2025-11-29 13:50:28,545 [INFO] ThirdParty:1030 - CMSIS Pack Vendor :STMicroelectronics X-CUBE-EEPRMA1 5.2.0
2025-11-29 13:50:28,545 [INFO] ThirdParty:1030 - CMSIS Pack Vendor :STMicroelectronics X-CUBE-IPS 3.2.0
2025-11-29 13:50:28,546 [INFO] ThirdParty:1030 - CMSIS Pack Vendor :STMicroelectronics X-CUBE-BLEMGR 4.1.0
2025-11-29 13:50:28,546 [INFO] ThirdParty:1030 - CMSIS Pack Vendor :STMicroelectronics X-CUBE-AZRTOS-WB 2.0.0
2025-11-29 13:50:28,546 [INFO] ThirdParty:1030 - CMSIS Pack Vendor :STMicroelectronics X-CUBE-ST60 1.0.0
2025-11-29 13:50:28,546 [INFO] ThirdParty:1030 - CMSIS Pack Vendor :STMicroelectronics X-CUBE-GNSS1 7.0.1
2025-11-29 13:50:28,546 [INFO] ThirdParty:1030 - CMSIS Pack Vendor :STMicroelectronics X-CUBE-NFC12 1.0.0
2025-11-29 13:50:28,546 [INFO] ThirdParty:1030 - CMSIS Pack Vendor :STMicroelectronics X-CUBE-AZRTOS-F7 1.1.0
2025-11-29 13:50:28,546 [INFO] ThirdParty:1030 - CMSIS Pack Vendor :STMicroelectronics X-CUBE-AZRTOS-L5 2.0.0
2025-11-29 13:50:28,546 [INFO] ThirdParty:1030 - CMSIS Pack Vendor :STMicroelectronics X-CUBE-TOUCHGFX 4.25.0
2025-11-29 13:50:28,546 [INFO] ThirdParty:1030 - CMSIS Pack Vendor :STMicroelectronics USB_DEVICE 2.0.0
2025-11-29 13:50:28,546 [INFO] ThirdParty:1030 - CMSIS Pack Vendor :STMicroelectronics X-CUBE-NFC6 3.1.0
2025-11-29 13:50:28,546 [INFO] ThirdParty:1030 - CMSIS Pack Vendor :STMicroelectronics X-CUBE-ST67W61 1.1.0
2025-11-29 13:50:28,546 [INFO] ThirdParty:1030 - CMSIS Pack Vendor :quantropi X-CUBE-qispace-sdk-base 2.1.0
2025-11-29 13:50:28,546 [INFO] ThirdParty:1030 - CMSIS Pack Vendor :STMicroelectronics X-CUBE-MEMS1 12.0.0
2025-11-29 13:50:28,546 [INFO] ThirdParty:1030 - CMSIS Pack Vendor :STMicroelectronics FP-SNS-MOTENV1 5.1.0
2025-11-29 13:50:28,546 [INFO] ThirdParty:1030 - CMSIS Pack Vendor :STMicroelectronics FreeRTOS 0.0.1
2025-11-29 13:50:28,546 [INFO] ThirdParty:1030 - CMSIS Pack Vendor :STMicroelectronics X-CUBE-AZRTOS-G0 1.1.0
2025-11-29 13:50:28,546 [INFO] ThirdParty:1030 - CMSIS Pack Vendor :STMicroelectronics X-CUBE-SAFEA1 1.2.2
2025-11-29 13:50:28,546 [INFO] ThirdParty:1030 - CMSIS Pack Vendor :STMicroelectronics X-CUBE-NFC4 3.0.0
2025-11-29 13:50:28,546 [INFO] ThirdParty:1030 - CMSIS Pack Vendor :STMicroelectronics X-CUBE-SUBG2 5.0.0
2025-11-29 13:50:28,546 [INFO] ThirdParty:1030 - CMSIS Pack Vendor :STMicroelectronics X-CUBE-AZRTOS-H7RS 1.1.0
2025-11-29 13:50:28,546 [INFO] ThirdParty:1030 - CMSIS Pack Vendor :STMicroelectronics STM32_WPAN 1.0.0
2025-11-29 13:50:28,546 [INFO] ThirdParty:1030 - CMSIS Pack Vendor :EmbeddedOffice I-CUBE-FS-RTOS 1.0.1
2025-11-29 13:50:28,546 [INFO] ThirdParty:1030 - CMSIS Pack Vendor :STMicroelectronics lwIP 2.0.3
2025-11-29 13:50:28,546 [INFO] ThirdParty:1030 - CMSIS Pack Vendor :Cesanta I-CUBE-Mongoose 7.13.0
2025-11-29 13:50:28,546 [INFO] ThirdParty:1030 - CMSIS Pack Vendor :STMicroelectronics USB_HOST 1.0.0
2025-11-29 13:50:28,546 [INFO] ThirdParty:1030 - CMSIS Pack Vendor :Infineon AIROC-Wi-Fi-Bluetooth-STM32 1.7.1
2025-11-29 13:50:28,546 [INFO] ThirdParty:1030 - CMSIS Pack Vendor :STMicroelectronics X-CUBE-AZRTOS-G4 2.0.0
2025-11-29 13:50:28,546 [INFO] ThirdParty:1030 - CMSIS Pack Vendor :STMicroelectronics X-CUBE-WB05N 2.0.0
2025-11-29 13:50:28,546 [INFO] ThirdParty:1030 - CMSIS Pack Vendor :STMicroelectronics PDM2PCM 3.1.0
2025-11-29 13:50:28,546 [INFO] ThirdParty:1030 - CMSIS Pack Vendor :STMicroelectronics PDM2PCM 3.3.0
2025-11-29 13:50:28,546 [INFO] ThirdParty:1030 - CMSIS Pack Vendor :wolfSSL I-CUBE-wolfTPM 3.8.0
2025-11-29 13:50:28,546 [INFO] ThirdParty:1030 - CMSIS Pack Vendor :STMicroelectronics X-CUBE-AZRTOS-H7 3.4.0
2025-11-29 13:50:28,547 [INFO] ThirdParty:1030 - CMSIS Pack Vendor :STMicroelectronics X-CUBE-DISPLAY 3.0.0
2025-11-29 13:50:28,547 [INFO] ThirdParty:1030 - CMSIS Pack Vendor :wolfSSL I-CUBE-wolfSSH 1.4.20
2025-11-29 13:50:28,547 [INFO] ThirdParty:1030 - CMSIS Pack Vendor :STMicroelectronics X-CUBE-NFC7 2.0.0
2025-11-29 13:50:28,547 [INFO] ThirdParty:1030 - CMSIS Pack Vendor :STMicroelectronics X-CUBE-TCPP 4.2.0
2025-11-29 13:50:28,547 [INFO] ThirdParty:1030 - CMSIS Pack Vendor :RealThread X-CUBE-RT-Thread_Nano 4.1.1
2025-11-29 13:50:28,547 [INFO] ThirdParty:1030 - CMSIS Pack Vendor :STMicroelectronics FP-ATR-SIGFOX1 3.2.0
2025-11-29 13:50:28,547 [INFO] ThirdParty:1030 - CMSIS Pack Vendor :STMicroelectronics X-CUBE-NFC10 1.0.0
2025-11-29 13:50:28,547 [INFO] ThirdParty:1030 - CMSIS Pack Vendor :STMicroelectronics X-CUBE-FREERTOS 1.3.1
2025-11-29 13:50:28,547 [INFO] ThirdParty:1030 - CMSIS Pack Vendor :STMicroelectronics HAL Drivers 0.0.0
2025-11-29 13:50:28,547 [INFO] ThirdParty:1030 - CMSIS Pack Vendor :STMicroelectronics MBEDTLS 2.16.2
2025-11-29 13:50:28,547 [INFO] ThirdParty:1030 - CMSIS Pack Vendor :STMicroelectronics X-CUBE-ST60 1.1.0
2025-11-29 13:50:28,547 [INFO] ThirdParty:1030 - CMSIS Pack Vendor :STMicroelectronics X-CUBE-IPS 3.1.0
2025-11-29 13:50:28,547 [INFO] ThirdParty:1030 - CMSIS Pack Vendor :STMicroelectronics X-CUBE-ALS 1.0.2
2025-11-29 13:50:28,547 [INFO] ThirdParty:1030 - CMSIS Pack Vendor :emotas I-CUBE-CANOPEN 1.3.0
2025-11-29 13:50:28,547 [INFO] ThirdParty:1030 - CMSIS Pack Vendor :STMicroelectronics MBEDTLS 2.14.1
2025-11-29 13:50:28,547 [INFO] ThirdParty:1030 - CMSIS Pack Vendor :STMicroelectronics X-CUBE-GNSS1 7.1.0
2025-11-29 13:50:28,547 [INFO] ThirdParty:1030 - CMSIS Pack Vendor :ITTIA_DB I-CUBE-ITTIADB 8.9.0
2025-11-29 13:50:28,547 [INFO] ThirdParty:1030 - CMSIS Pack Vendor :STMicroelectronics X-CUBE-TOUCHGFX 4.26.0
2025-11-29 13:50:28,547 [INFO] ThirdParty:1030 - CMSIS Pack Vendor :STMicroelectronics X-CUBE-STSE01 1.0.0
2025-11-29 13:50:28,547 [INFO] ThirdParty:1030 - CMSIS Pack Vendor :portGmbH I-Cube-SoM-uGOAL 1.1.0
2025-11-29 13:50:28,547 [INFO] ThirdParty:1030 - CMSIS Pack Vendor :STMicroelectronics X-CUBE-ST67W61 1.0.0
2025-11-29 13:50:28,547 [INFO] ThirdParty:1030 - CMSIS Pack Vendor :STMicroelectronics FP-SNS-STBOX1 2.1.0
2025-11-29 13:50:28,547 [INFO] ThirdParty:1030 - CMSIS Pack Vendor :STMicroelectronics X-CUBE-AI 10.2.0
2025-11-29 13:50:28,547 [INFO] ThirdParty:1030 - CMSIS Pack Vendor :STMicroelectronics FP-SNS-STAIOTCFT 1.0.0
2025-11-29 13:50:28,547 [INFO] ThirdParty:1030 - CMSIS Pack Vendor :STMicroelectronics ThreadX 1.0.0
2025-11-29 13:50:28,547 [INFO] ThirdParty:1030 - CMSIS Pack Vendor :STMicroelectronics FP-SNS-SMARTAG2 1.2.0
2025-11-29 13:50:28,547 [INFO] ThirdParty:1030 - CMSIS Pack Vendor :STMicroelectronics FP-SNS-FLIGHT1 5.1.0
2025-11-29 13:50:28,547 [INFO] ThirdParty:1030 - CMSIS Pack Vendor :STMicroelectronics X-CUBE-AZRTOS-WL 2.0.0
2025-11-29 13:50:28,547 [INFO] ThirdParty:1030 - CMSIS Pack Vendor :SEGGER I-CUBE-embOS 1.3.1
2025-11-29 13:50:28,547 [INFO] ThirdParty:1030 - CMSIS Pack Vendor :STMicroelectronics X-CUBE-ALGOBUILD 1.4.0
2025-11-29 13:50:28,547 [INFO] ThirdParty:1030 - CMSIS Pack Vendor :STMicroelectronics X-CUBE-DPower 1.3.0
2025-11-29 13:50:28,547 [INFO] ThirdParty:1030 - CMSIS Pack Vendor :STMicroelectronics X-CUBE-MEMS1 11.3.0
2025-11-29 13:50:28,547 [INFO] ThirdParty:1030 - CMSIS Pack Vendor :STMicroelectronics FP-SNS-MOTENV1 5.0.0
2025-11-29 13:50:28,547 [INFO] ThirdParty:1030 - CMSIS Pack Vendor :STMicroelectronics USB_DEVICE 1.0.0
2025-11-29 13:50:28,547 [INFO] ThirdParty:1030 - CMSIS Pack Vendor :STMicroelectronics X-CUBE-AZRTOS-H7RS 1.2.0
2025-11-29 13:50:28,547 [INFO] ThirdParty:1030 - CMSIS Pack Vendor :STMicroelectronics X-CUBE-AZRTOS-L4 2.0.0
2025-11-29 13:50:28,547 [INFO] ThirdParty:1030 - CMSIS Pack Vendor :STMicroelectronics ThreadX 0.0.2
2025-11-29 13:50:28,547 [INFO] ThirdParty:1030 - CMSIS Pack Vendor :WES I-CUBE-Cesium 1.3.0
2025-11-29 13:50:28,547 [INFO] ThirdParty:1030 - CMSIS Pack Vendor :STMicroelectronics lwIP 2.1.2
2025-11-29 13:50:28,547 [INFO] ThirdParty:1030 - CMSIS Pack Vendor :STMicroelectronics X-CUBE-SFXS2LP1 4.0.0
2025-11-29 13:50:28,547 [INFO] ThirdParty:1030 - CMSIS Pack Vendor :STMicroelectronics X-CUBE-BLE2 3.3.0
2025-11-29 13:50:28,548 [INFO] ThirdParty:1030 - CMSIS Pack Vendor :Avnet-IOTCONNECT X-CUBE-iotc-st67-sdk 1.0.0
2025-11-29 13:50:28,548 [INFO] ThirdParty:1030 - CMSIS Pack Vendor :STMicroelectronics X-CUBE-TOF1 3.4.3
2025-11-29 13:50:28,548 [INFO] ThirdParty:1030 - CMSIS Pack Vendor :STMicroelectronics PDM2PCM 3.2.0
2025-11-29 13:50:28,548 [INFO] ThirdParty:841 - exiting critical section [change project]
2025-11-29 13:50:28,910 [INFO] PinOutPanel:1589 - setPackage(No Configuration,No Configuration)
2025-11-29 13:50:28,910 [INFO] PinOutPanel:1589 - setPackage(STM32L476RGTx,LQFP64)
2025-11-29 13:50:29,422 [INFO] UtilMem:75 - Before build in PCC Used Memory: 705796712 Bytes (1073741824)
2025-11-29 13:50:30,348 [INFO] UtilMem:75 - After build in PCC Used Memory: 805884192 Bytes (1073741824)
2025-11-29 13:50:30,376 [INFO] IPUIPlugin:80 - create IPUIPlugin
2025-11-29 13:50:30,376 [INFO] IPUIPlugin:80 - create IPUIPlugin
2025-11-29 13:50:30,377 [INFO] IPUIPlugin:80 - create IPUIPlugin
2025-11-29 13:50:30,377 [INFO] IPUIPlugin:80 - create IPUIPlugin
2025-11-29 13:50:30,377 [INFO] IPUIPlugin:80 - create IPUIPlugin
2025-11-29 13:50:30,377 [INFO] IPUIPlugin:80 - create IPUIPlugin
2025-11-29 13:50:30,377 [INFO] IPUIPlugin:80 - create IPUIPlugin
2025-11-29 13:50:30,377 [INFO] IPUIPlugin:80 - create IPUIPlugin
2025-11-29 13:50:30,377 [INFO] IPUIPlugin:80 - create IPUIPlugin
2025-11-29 13:50:30,377 [INFO] IPUIPlugin:80 - create IPUIPlugin
2025-11-29 13:50:30,377 [INFO] IPUIPlugin:80 - create IPUIPlugin
2025-11-29 13:50:30,377 [INFO] IPUIPlugin:80 - create IPUIPlugin
2025-11-29 13:50:30,377 [INFO] IPUIPlugin:80 - create IPUIPlugin
2025-11-29 13:50:30,377 [INFO] IPUIPlugin:80 - create IPUIPlugin
2025-11-29 13:50:30,378 [INFO] IPUIPlugin:80 - create IPUIPlugin
2025-11-29 13:50:30,378 [INFO] IPUIPlugin:80 - create IPUIPlugin
2025-11-29 13:50:30,378 [INFO] IPUIPlugin:80 - create IPUIPlugin
2025-11-29 13:50:30,378 [INFO] IPUIPlugin:80 - create IPUIPlugin
2025-11-29 13:50:30,378 [INFO] IPUIPlugin:80 - create IPUIPlugin
2025-11-29 13:50:30,378 [INFO] IPUIPlugin:80 - create IPUIPlugin
2025-11-29 13:50:30,378 [INFO] IPUIPlugin:80 - create IPUIPlugin
2025-11-29 13:50:30,378 [INFO] IPUIPlugin:80 - create IPUIPlugin
2025-11-29 13:50:30,378 [INFO] IPUIPlugin:80 - create IPUIPlugin
2025-11-29 13:50:30,378 [INFO] IPUIPlugin:80 - create IPUIPlugin
2025-11-29 13:50:30,378 [INFO] IPUIPlugin:80 - create IPUIPlugin
2025-11-29 13:50:30,379 [INFO] IPUIPlugin:80 - create IPUIPlugin
2025-11-29 13:50:30,379 [INFO] IPUIPlugin:80 - create IPUIPlugin
2025-11-29 13:50:30,379 [INFO] IPUIPlugin:80 - create IPUIPlugin
2025-11-29 13:50:30,379 [INFO] IPUIPlugin:80 - create IPUIPlugin
2025-11-29 13:50:30,379 [INFO] IPUIPlugin:80 - create IPUIPlugin
2025-11-29 13:50:30,380 [INFO] IPUIPlugin:80 - create IPUIPlugin
2025-11-29 13:50:30,380 [INFO] IPUIPlugin:80 - create IPUIPlugin
2025-11-29 13:50:30,380 [INFO] IPUIPlugin:80 - create IPUIPlugin
2025-11-29 13:50:30,380 [INFO] IPUIPlugin:80 - create IPUIPlugin
2025-11-29 13:50:30,382 [INFO] IPUIPlugin:80 - create IPUIPlugin
2025-11-29 13:50:30,382 [INFO] IPUIPlugin:80 - create IPUIPlugin
2025-11-29 13:50:30,382 [INFO] IPUIPlugin:80 - create IPUIPlugin
2025-11-29 13:50:30,382 [INFO] IPUIPlugin:80 - create IPUIPlugin
2025-11-29 13:50:30,382 [INFO] IPUIPlugin:80 - create IPUIPlugin
2025-11-29 13:50:30,382 [INFO] IPUIPlugin:80 - create IPUIPlugin
2025-11-29 13:50:30,383 [INFO] IPUIPlugin:80 - create IPUIPlugin
2025-11-29 13:50:30,383 [INFO] IPUIPlugin:80 - create IPUIPlugin
2025-11-29 13:50:30,383 [INFO] IPUIPlugin:80 - create IPUIPlugin
2025-11-29 13:50:30,383 [INFO] IPUIPlugin:80 - create IPUIPlugin
2025-11-29 13:50:30,384 [INFO] IPUIPlugin:80 - create IPUIPlugin
2025-11-29 13:50:30,384 [INFO] IPUIPlugin:80 - create IPUIPlugin
2025-11-29 13:50:30,384 [INFO] IPUIPlugin:80 - create IPUIPlugin
2025-11-29 13:50:30,384 [INFO] IPUIPlugin:80 - create IPUIPlugin
2025-11-29 13:50:30,384 [INFO] IPUIPlugin:80 - create IPUIPlugin
2025-11-29 13:50:30,385 [INFO] IPUIPlugin:80 - create IPUIPlugin
2025-11-29 13:50:30,385 [INFO] IPUIPlugin:80 - create IPUIPlugin
2025-11-29 13:50:30,385 [INFO] IPUIPlugin:80 - create IPUIPlugin
2025-11-29 13:50:30,386 [INFO] IPUIPlugin:80 - create IPUIPlugin
2025-11-29 13:50:30,386 [INFO] IPUIPlugin:80 - create IPUIPlugin
2025-11-29 13:50:30,386 [INFO] IPUIPlugin:80 - create IPUIPlugin
2025-11-29 13:50:30,387 [INFO] IPUIPlugin:80 - create IPUIPlugin
2025-11-29 13:50:30,387 [INFO] IPUIPlugin:80 - create IPUIPlugin
2025-11-29 13:50:30,388 [INFO] IPUIPlugin:80 - create IPUIPlugin
2025-11-29 13:50:30,388 [INFO] IPUIPlugin:80 - create IPUIPlugin
2025-11-29 13:50:30,564 [INFO] CADModel:165 - CPN selected for project levelSTM32L476RGT6
2025-11-29 13:50:30,564 [INFO] CADModel:114 - Register for checkConnection events
2025-11-29 13:50:30,609 [INFO] OpenFileManager:386 - Restore cursor
2025-11-29 13:50:31,258 [INFO] UtilMem:75 - End SaveConfig() Used Memory: 937219416 Bytes (1073741824)
2025-11-29 13:50:31,316 [INFO] UtilMem:75 - End SaveConfig() Used Memory: 962868672 Bytes (1073741824)
2025-11-29 13:50:31,671 [INFO] BlockDiagram:2775 - set Specific Code input for plugin: RCC
2025-11-29 13:50:31,671 [INFO] BlockDiagram:2775 - set Specific Code input for plugin: NVIC
2025-11-29 13:50:31,673 [INFO] CodeGenerator:892 - code generatio: config db path: C:\ST\STM32CubeIDE_1.19.0\STM32CubeIDE\plugins\com.st.stm32cube.common.mx_6.15.0.202507011659\\db\
2025-11-29 13:50:31,762 [INFO] CodeEngine:265 - oldGeneratedFile, C:\Users\Thorin\STM32CubeIDE\workspace_1.19.0\MP3\MXTmpFiles\license.tmp_save
2025-11-29 13:50:32,109 [INFO] CodeEngine:289 - Generated code: C:\Users\Thorin\STM32CubeIDE\workspace_1.19.0\MP3\MXTmpFiles\license.tmp
2025-11-29 13:50:32,138 [INFO] CodeEngine:265 - oldGeneratedFile, C:\Users\Thorin\STM32CubeIDE\workspace_1.19.0\MP3\Core\Src\stm32l4xx_it.c_save
2025-11-29 13:50:32,310 [INFO] CodeEngine:289 - Generated code: C:\Users\Thorin\STM32CubeIDE\workspace_1.19.0\MP3\Core\Src\stm32l4xx_it.c
2025-11-29 13:50:32,325 [INFO] CodeEngine:265 - oldGeneratedFile, C:\Users\Thorin\STM32CubeIDE\workspace_1.19.0\MP3\Core\Inc\stm32l4xx_it.h_save
2025-11-29 13:50:32,416 [INFO] CodeEngine:289 - Generated code: C:\Users\Thorin\STM32CubeIDE\workspace_1.19.0\MP3\Core\Inc\stm32l4xx_it.h
2025-11-29 13:50:32,561 [INFO] CodeEngine:265 - oldGeneratedFile, C:\Users\Thorin\STM32CubeIDE\workspace_1.19.0\MP3\Core\Src\stm32l4xx_hal_msp.c_save
2025-11-29 13:50:32,746 [INFO] CodeEngine:289 - Generated code: C:\Users\Thorin\STM32CubeIDE\workspace_1.19.0\MP3\Core\Src\stm32l4xx_hal_msp.c
2025-11-29 13:50:32,761 [INFO] CodeEngine:265 - oldGeneratedFile, C:\Users\Thorin\STM32CubeIDE\workspace_1.19.0\MP3\MXTmpFiles\system.tmp_save
2025-11-29 13:50:32,833 [INFO] CodeEngine:289 - Generated code: C:\Users\Thorin\STM32CubeIDE\workspace_1.19.0\MP3\MXTmpFiles\system.tmp
2025-11-29 13:50:32,855 [INFO] CodeEngine:321 - oldGeneratedFile, C:\Users\Thorin\STM32CubeIDE\workspace_1.19.0\MP3\Core\Inc\stm32l4xx_hal_conf.h_save
2025-11-29 13:50:32,983 [INFO] CodeEngine:345 - Generated code: C:\Users\Thorin\STM32CubeIDE\workspace_1.19.0\MP3\Core\Inc\stm32l4xx_hal_conf.h
2025-11-29 13:50:33,053 [INFO] ApiDbMcu:532 - Load IP Config File for RCC
2025-11-29 13:50:33,063 [INFO] CodeEngine:265 - oldGeneratedFile, C:\Users\Thorin\STM32CubeIDE\workspace_1.19.0\MP3\Core\Inc\main.h_save
2025-11-29 13:50:33,197 [INFO] CodeEngine:289 - Generated code: C:\Users\Thorin\STM32CubeIDE\workspace_1.19.0\MP3\Core\Inc\main.h
2025-11-29 13:50:33,211 [INFO] CodeEngine:265 - oldGeneratedFile, C:\Users\Thorin\STM32CubeIDE\workspace_1.19.0\MP3\Core\Src\main.c_save
2025-11-29 13:50:33,327 [INFO] CodeEngine:289 - Generated code: C:\Users\Thorin\STM32CubeIDE\workspace_1.19.0\MP3\Core\Src\main.c
2025-11-29 13:50:33,637 [INFO] ProjectBuilder:3606 - Time for Copy HAL[1] : 167mS.
2025-11-29 13:50:33,646 [INFO] ProjectBuilder:5216 - Project Generator version: 4.7.0-B52
2025-11-29 13:50:33,721 [INFO] ConfigFileManager:1595 - The Die is : DIE415
2025-11-29 13:50:33,738 [INFO] ApiDbMcu:532 - Load IP Config File for FATFS
2025-11-29 13:50:33,754 [INFO] ApiDbMcu:532 - Load IP Config File for FREERTOS
2025-11-29 13:50:33,776 [INFO] ApiDbMcu:532 - Load IP Config File for TOUCHSENSING
2025-11-29 13:50:33,790 [INFO] ApiDbMcu:532 - Load IP Config File for USB_DEVICE
2025-11-29 13:50:33,806 [INFO] ApiDbMcu:532 - Load IP Config File for USB_HOST
2025-11-29 13:50:34,729 [INFO] LogOutputStream:77 - [STDOUT_REDIRECT] 
2025-11-29 13:50:39,054 [INFO] ProjectBuilder:5496 - Time for Generating toolchain IDE Files: 5408mS.
2025-11-29 13:50:39,055 [INFO] ProjectBuilder:3463 - Time for Copy CMSIS : 0mS.
2025-11-29 13:50:39,061 [INFO] ProjectBuilder:3463 - Time for Copy CMSIS : 1mS.
2025-11-29 13:50:41,000 [INFO] McuFinderGlobals:76 - Set McuFinderConnectedMode to true
2025-11-29 13:50:41,004 [INFO] ApiDb:448 - Save user favorites file C:\Users\Thorin/.stm32cubeide/favorites.mcus.txt: 0 item(s)
2025-11-29 13:50:41,005 [INFO] ApiDb:452 - User favorites MCUs=[]
2025-11-29 14:01:59,062 [INFO] NvicIntPanel:101 - NVIC parent = com.st.microxplorer.plugins.ip.nvic.MultiNvicIntPanel[,0,0,0x0,invalid,layout=javax.swing.BoxLayout,alignmentX=0.0,alignmentY=0.0,border=,flags=9,maximumSize=,minimumSize=,preferredSize=]
2025-11-29 14:02:54,374 [INFO] NvicIntPanel:101 - NVIC parent = com.st.microxplorer.plugins.ip.nvic.MultiNvicIntPanel[,0,0,450x20,layout=javax.swing.BoxLayout,alignmentX=0.0,alignmentY=0.0,border=,flags=9,maximumSize=,minimumSize=,preferredSize=]
2025-11-29 14:03:50,516 [INFO] NvicIntPanel:101 - NVIC parent = com.st.microxplorer.plugins.ip.nvic.MultiNvicIntPanel[,0,0,0x0,invalid,layout=javax.swing.BoxLayout,alignmentX=0.0,alignmentY=0.0,border=,flags=9,maximumSize=,minimumSize=,preferredSize=]
2025-11-29 14:05:44,563 [INFO] Gpio:278 - dependency for GPIO [SPI1]
2025-11-29 14:08:30,884 [INFO] Gpio:278 - dependency for GPIO [SPI1]
2025-11-29 14:10:13,253 [INFO] Gpio:278 - dependency for GPIO [SPI1]
2025-11-29 14:35:57,020 [INFO] NvicIntPanel:101 - NVIC parent = com.st.microxplorer.plugins.ip.nvic.MultiNvicIntPanel[,0,0,0x0,invalid,layout=javax.swing.BoxLayout,alignmentX=0.0,alignmentY=0.0,border=,flags=9,maximumSize=,minimumSize=,preferredSize=]
2025-11-29 14:37:10,499 [INFO] NvicIntPanel:101 - NVIC parent = com.st.microxplorer.plugins.ip.nvic.MultiNvicIntPanel[,0,0,0x0,invalid,layout=javax.swing.BoxLayout,alignmentX=0.0,alignmentY=0.0,border=,flags=9,maximumSize=,minimumSize=,preferredSize=]
2025-11-29 14:37:24,112 [INFO] NvicIntPanel:101 - NVIC parent = com.st.microxplorer.plugins.ip.nvic.MultiNvicIntPanel[,0,0,0x0,invalid,layout=javax.swing.BoxLayout,alignmentX=0.0,alignmentY=0.0,border=,flags=9,maximumSize=,minimumSize=,preferredSize=]
2025-11-29 14:42:26,892 [ERROR] LogOutputStream:75 - [STDERR_REDIRECT] Exception in thread "AWT-EventQueue-0" java.lang.ClassCastException: class sun.awt.windows.WEmbeddedFrame cannot be cast to class javax.swing.JFrame (sun.awt.windows.WEmbeddedFrame and javax.swing.JFrame are in module java.desktop of loader 'bootstrap')
2025-11-29 14:42:26,894 [ERROR] LogOutputStream:75 - [STDERR_REDIRECT] 	at com.st.microxplorer.plugins.clock.ClockConfigurationView.activatePlugin(ClockConfigurationView.java:424)
2025-11-29 14:42:26,896 [ERROR] LogOutputStream:75 - [STDERR_REDIRECT] 	at com.st.microxplorer.maingui.MainPanel$1.stateChanged(MainPanel.java:385)
2025-11-29 14:42:26,896 [ERROR] LogOutputStream:75 - [STDERR_REDIRECT] 	at java.desktop/javax.swing.JTabbedPane.fireStateChanged(JTabbedPane.java:446)
2025-11-29 14:42:26,899 [ERROR] LogOutputStream:75 - [STDERR_REDIRECT] 	at java.desktop/javax.swing.JTabbedPane$ModelListener.stateChanged(JTabbedPane.java:297)
2025-11-29 14:42:26,902 [ERROR] LogOutputStream:75 - [STDERR_REDIRECT] 	at java.desktop/javax.swing.DefaultSingleSelectionModel.fireStateChanged(DefaultSingleSelectionModel.java:148)
2025-11-29 14:42:26,905 [ERROR] LogOutputStream:75 - [STDERR_REDIRECT] 	at java.desktop/javax.swing.DefaultSingleSelectionModel.setSelectedIndex(DefaultSingleSelectionModel.java:79)
2025-11-29 14:42:26,906 [ERROR] LogOutputStream:75 - [STDERR_REDIRECT] 	at java.desktop/javax.swing.JTabbedPane.setSelectedIndexImpl(JTabbedPane.java:650)
2025-11-29 14:42:26,907 [ERROR] LogOutputStream:75 - [STDERR_REDIRECT] 	at java.desktop/javax.swing.JTabbedPane.setSelectedIndex(JTabbedPane.java:625)
2025-11-29 14:42:26,908 [ERROR] LogOutputStream:75 - [STDERR_REDIRECT] 	at java.desktop/javax.swing.plaf.basic.BasicTabbedPaneUI$Handler.mousePressed(BasicTabbedPaneUI.java:4140)
2025-11-29 14:42:26,909 [ERROR] LogOutputStream:75 - [STDERR_REDIRECT] 	at java.desktop/java.awt.Component.processMouseEvent(Component.java:6618)
2025-11-29 14:42:26,910 [ERROR] LogOutputStream:75 - [STDERR_REDIRECT] 	at java.desktop/javax.swing.JComponent.processMouseEvent(JComponent.java:3398)
2025-11-29 14:42:26,911 [ERROR] LogOutputStream:75 - [STDERR_REDIRECT] 	at java.desktop/java.awt.Component.processEvent(Component.java:6386)
2025-11-29 14:42:26,912 [ERROR] LogOutputStream:75 - [STDERR_REDIRECT] 	at java.desktop/java.awt.Container.processEvent(Container.java:2266)
2025-11-29 14:42:26,912 [ERROR] LogOutputStream:75 - [STDERR_REDIRECT] 	at java.desktop/java.awt.Component.dispatchEventImpl(Component.java:4996)
2025-11-29 14:42:26,913 [ERROR] LogOutputStream:75 - [STDERR_REDIRECT] 	at java.desktop/java.awt.Container.dispatchEventImpl(Container.java:2324)
2025-11-29 14:42:26,914 [ERROR] LogOutputStream:75 - [STDERR_REDIRECT] 	at java.desktop/java.awt.Component.dispatchEvent(Component.java:4828)
2025-11-29 14:42:26,914 [ERROR] LogOutputStream:75 - [STDERR_REDIRECT] 	at java.desktop/java.awt.LightweightDispatcher.retargetMouseEvent(Container.java:4948)
2025-11-29 14:42:26,916 [ERROR] LogOutputStream:75 - [STDERR_REDIRECT] 	at java.desktop/java.awt.LightweightDispatcher.processMouseEvent(Container.java:4572)
2025-11-29 14:42:26,917 [ERROR] LogOutputStream:75 - [STDERR_REDIRECT] 	at java.desktop/java.awt.LightweightDispatcher.dispatchEvent(Container.java:4516)
2025-11-29 14:42:26,918 [ERROR] LogOutputStream:75 - [STDERR_REDIRECT] 	at java.desktop/java.awt.Container.dispatchEventImpl(Container.java:2310)
2025-11-29 14:42:26,919 [ERROR] LogOutputStream:75 - [STDERR_REDIRECT] 	at java.desktop/java.awt.Component.dispatchEvent(Component.java:4828)
2025-11-29 14:42:26,920 [ERROR] LogOutputStream:75 - [STDERR_REDIRECT] 	at java.desktop/java.awt.EventQueue.dispatchEventImpl(EventQueue.java:775)
2025-11-29 14:42:26,920 [ERROR] LogOutputStream:75 - [STDERR_REDIRECT] 	at java.desktop/java.awt.EventQueue$4.run(EventQueue.java:720)
2025-11-29 14:42:26,921 [ERROR] LogOutputStream:75 - [STDERR_REDIRECT] 	at java.desktop/java.awt.EventQueue$4.run(EventQueue.java:714)
2025-11-29 14:42:26,922 [ERROR] LogOutputStream:75 - [STDERR_REDIRECT] 	at java.base/java.security.AccessController.doPrivileged(AccessController.java:400)
2025-11-29 14:42:26,923 [ERROR] LogOutputStream:75 - [STDERR_REDIRECT] 	at java.base/java.security.ProtectionDomain$JavaSecurityAccessImpl.doIntersectionPrivilege(ProtectionDomain.java:87)
2025-11-29 14:42:26,923 [ERROR] LogOutputStream:75 - [STDERR_REDIRECT] 	at java.base/java.security.ProtectionDomain$JavaSecurityAccessImpl.doIntersectionPrivilege(ProtectionDomain.java:98)
2025-11-29 14:42:26,924 [ERROR] LogOutputStream:75 - [STDERR_REDIRECT] 	at java.desktop/java.awt.EventQueue$5.run(EventQueue.java:747)
2025-11-29 14:42:26,926 [ERROR] LogOutputStream:75 - [STDERR_REDIRECT] 	at java.desktop/java.awt.EventQueue$5.run(EventQueue.java:745)
2025-11-29 14:42:26,927 [ERROR] LogOutputStream:75 - [STDERR_REDIRECT] 	at java.base/java.security.AccessController.doPrivileged(AccessController.java:400)
2025-11-29 14:42:26,928 [ERROR] LogOutputStream:75 - [STDERR_REDIRECT] 	at java.base/java.security.ProtectionDomain$JavaSecurityAccessImpl.doIntersectionPrivilege(ProtectionDomain.java:87)
2025-11-29 14:42:26,928 [ERROR] LogOutputStream:75 - [STDERR_REDIRECT] 	at java.desktop/java.awt.EventQueue.dispatchEvent(EventQueue.java:744)
2025-11-29 14:42:26,929 [ERROR] LogOutputStream:75 - [STDERR_REDIRECT] 	at java.desktop/java.awt.EventDispatchThread.pumpOneEventForFilters(EventDispatchThread.java:203)
2025-11-29 14:42:26,930 [ERROR] LogOutputStream:75 - [STDERR_REDIRECT] 	at java.desktop/java.awt.EventDispatchThread.pumpEventsForFilter(EventDispatchThread.java:124)
2025-11-29 14:42:26,931 [ERROR] LogOutputStream:75 - [STDERR_REDIRECT] 	at java.desktop/java.awt.EventDispatchThread.pumpEventsForHierarchy(EventDispatchThread.java:113)
2025-11-29 14:42:26,931 [ERROR] LogOutputStream:75 - [STDERR_REDIRECT] 	at java.desktop/java.awt.EventDispatchThread.pumpEvents(EventDispatchThread.java:109)
2025-11-29 14:42:26,932 [ERROR] LogOutputStream:75 - [STDERR_REDIRECT] 	at java.desktop/java.awt.EventDispatchThread.pumpEvents(EventDispatchThread.java:101)
2025-11-29 14:42:26,933 [ERROR] LogOutputStream:75 - [STDERR_REDIRECT] 	at java.desktop/java.awt.EventDispatchThread.run(EventDispatchThread.java:90)
2025-11-29 14:48:47,099 [INFO] NvicIntPanel:101 - NVIC parent = com.st.microxplorer.plugins.ip.nvic.MultiNvicIntPanel[,0,0,0x0,invalid,layout=javax.swing.BoxLayout,alignmentX=0.0,alignmentY=0.0,border=,flags=9,maximumSize=,minimumSize=,preferredSize=]
2025-11-29 14:48:47,179 [INFO] NvicIntPanel:101 - NVIC parent = com.st.microxplorer.plugins.ip.nvic.MultiNvicIntPanel[,0,0,0x0,invalid,layout=javax.swing.BoxLayout,alignmentX=0.0,alignmentY=0.0,border=,flags=9,maximumSize=,minimumSize=,preferredSize=]
2025-11-29 14:49:57,906 [INFO] Gpio:278 - dependency for GPIO [SPI2]
2025-11-29 14:57:47,786 [INFO] UtilMem:75 - End SaveConfig() Used Memory: 720927624 Bytes (1073741824)
2025-11-29 14:57:53,544 [INFO] UtilMem:75 - End SaveConfig() Used Memory: 657643144 Bytes (1073741824)
2025-11-29 14:57:53,717 [INFO] UtilMem:75 - End SaveConfig() Used Memory: 688051848 Bytes (1073741824)
2025-11-29 14:57:53,992 [INFO] BlockDiagram:2775 - set Specific Code input for plugin: SPI
2025-11-29 14:57:53,993 [INFO] BlockDiagram:2775 - set Specific Code input for plugin: SYS
2025-11-29 14:57:53,993 [INFO] BlockDiagram:2775 - set Specific Code input for plugin: RCC
2025-11-29 14:57:53,993 [INFO] BlockDiagram:2775 - set Specific Code input for plugin: NVIC
2025-11-29 14:57:53,994 [INFO] BlockDiagram:2775 - set Specific Code input for plugin: GPIO
2025-11-29 14:57:53,994 [INFO] BlockDiagram:2775 - set Specific Code input for plugin: FATFS
2025-11-29 14:57:53,997 [INFO] CodeGenerator:892 - code generatio: config db path: C:\ST\STM32CubeIDE_1.19.0\STM32CubeIDE\plugins\com.st.stm32cube.common.mx_6.15.0.202507011659\\db\
2025-11-29 14:57:54,115 [INFO] CodeEngine:265 - oldGeneratedFile, C:\Users\Thorin\STM32CubeIDE\workspace_1.19.0\MP3\MXTmpFiles\license.tmp_save
2025-11-29 14:57:54,434 [INFO] CodeEngine:289 - Generated code: C:\Users\Thorin\STM32CubeIDE\workspace_1.19.0\MP3\MXTmpFiles\license.tmp
2025-11-29 14:57:54,564 [INFO] CodeEngine:265 - oldGeneratedFile, C:\Users\Thorin\STM32CubeIDE\workspace_1.19.0\MP3\MXTmpFiles\gpio.tmp_save
2025-11-29 14:57:54,719 [INFO] CodeEngine:289 - Generated code: C:\Users\Thorin\STM32CubeIDE\workspace_1.19.0\MP3\MXTmpFiles\gpio.tmp
2025-11-29 14:57:54,883 [INFO] Middleware:1452 - No code input for Bsp Dependency
2025-11-29 14:57:54,890 [INFO] CodeEngine:265 - oldGeneratedFile, C:\Users\Thorin\STM32CubeIDE\workspace_1.19.0\MP3\MXTmpFiles\fatfs_HalInit.tmp_save
2025-11-29 14:57:55,005 [INFO] CodeEngine:289 - Generated code: C:\Users\Thorin\STM32CubeIDE\workspace_1.19.0\MP3\MXTmpFiles\fatfs_HalInit.tmp
2025-11-29 14:57:55,019 [INFO] CodeEngine:265 - oldGeneratedFile, C:\Users\Thorin\STM32CubeIDE\workspace_1.19.0\MP3\MXTmpFiles\fatfs_vars.tmp_save
2025-11-29 14:57:55,085 [INFO] CodeEngine:289 - Generated code: C:\Users\Thorin\STM32CubeIDE\workspace_1.19.0\MP3\MXTmpFiles\fatfs_vars.tmp
2025-11-29 14:57:55,099 [INFO] CodeEngine:265 - oldGeneratedFile, C:\Users\Thorin\STM32CubeIDE\workspace_1.19.0\MP3\MXTmpFiles\fatfs_ext_vars.tmp_save
2025-11-29 14:57:55,164 [INFO] CodeEngine:289 - Generated code: C:\Users\Thorin\STM32CubeIDE\workspace_1.19.0\MP3\MXTmpFiles\fatfs_ext_vars.tmp
2025-11-29 14:57:55,178 [INFO] CodeEngine:265 - oldGeneratedFile, C:\Users\Thorin\STM32CubeIDE\workspace_1.19.0\MP3\MXTmpFiles\fatfs_inc.tmp_save
2025-11-29 14:57:55,243 [INFO] CodeEngine:289 - Generated code: C:\Users\Thorin\STM32CubeIDE\workspace_1.19.0\MP3\MXTmpFiles\fatfs_inc.tmp
2025-11-29 14:57:55,257 [INFO] Middleware:1452 - No code input for Bsp Dependency
2025-11-29 14:57:55,265 [INFO] CodeEngine:265 - oldGeneratedFile, C:\Users\Thorin\STM32CubeIDE\workspace_1.19.0\MP3\MXTmpFiles\fatfs_HalInit.tmp_save
2025-11-29 14:57:55,365 [INFO] CodeEngine:289 - Generated code: C:\Users\Thorin\STM32CubeIDE\workspace_1.19.0\MP3\MXTmpFiles\fatfs_HalInit.tmp
2025-11-29 14:57:55,373 [INFO] CodeEngine:265 - oldGeneratedFile, C:\Users\Thorin\STM32CubeIDE\workspace_1.19.0\MP3\MXTmpFiles\fatfs_vars.tmp_save
2025-11-29 14:57:55,425 [INFO] CodeEngine:289 - Generated code: C:\Users\Thorin\STM32CubeIDE\workspace_1.19.0\MP3\MXTmpFiles\fatfs_vars.tmp
2025-11-29 14:57:55,433 [INFO] CodeEngine:265 - oldGeneratedFile, C:\Users\Thorin\STM32CubeIDE\workspace_1.19.0\MP3\MXTmpFiles\fatfs_ext_vars.tmp_save
2025-11-29 14:57:55,481 [INFO] CodeEngine:289 - Generated code: C:\Users\Thorin\STM32CubeIDE\workspace_1.19.0\MP3\MXTmpFiles\fatfs_ext_vars.tmp
2025-11-29 14:57:55,489 [INFO] CodeEngine:265 - oldGeneratedFile, C:\Users\Thorin\STM32CubeIDE\workspace_1.19.0\MP3\MXTmpFiles\fatfs_inc.tmp_save
2025-11-29 14:57:55,533 [INFO] CodeEngine:289 - Generated code: C:\Users\Thorin\STM32CubeIDE\workspace_1.19.0\MP3\MXTmpFiles\fatfs_inc.tmp
2025-11-29 14:57:55,543 [INFO] CodeEngine:265 - oldGeneratedFile, C:\Users\Thorin\STM32CubeIDE\workspace_1.19.0\MP3\FATFS\Target\ffconf.h_save
2025-11-29 14:57:55,641 [INFO] CodeEngine:289 - Generated code: C:\Users\Thorin\STM32CubeIDE\workspace_1.19.0\MP3\FATFS\Target\ffconf.h
2025-11-29 14:57:55,664 [INFO] CodeEngine:265 - oldGeneratedFile, C:\Users\Thorin\STM32CubeIDE\workspace_1.19.0\MP3\FATFS\Target\user_diskio.c_save
2025-11-29 14:57:55,732 [INFO] CodeEngine:289 - Generated code: C:\Users\Thorin\STM32CubeIDE\workspace_1.19.0\MP3\FATFS\Target\user_diskio.c
2025-11-29 14:57:55,746 [INFO] CodeEngine:265 - oldGeneratedFile, C:\Users\Thorin\STM32CubeIDE\workspace_1.19.0\MP3\FATFS\Target\user_diskio.h_save
2025-11-29 14:57:55,809 [INFO] CodeEngine:289 - Generated code: C:\Users\Thorin\STM32CubeIDE\workspace_1.19.0\MP3\FATFS\Target\user_diskio.h
2025-11-29 14:57:55,823 [INFO] CodeEngine:265 - oldGeneratedFile, C:\Users\Thorin\STM32CubeIDE\workspace_1.19.0\MP3\FATFS\App\fatfs.c_save
2025-11-29 14:57:55,894 [INFO] CodeEngine:289 - Generated code: C:\Users\Thorin\STM32CubeIDE\workspace_1.19.0\MP3\FATFS\App\fatfs.c
2025-11-29 14:57:55,905 [INFO] CodeEngine:265 - oldGeneratedFile, C:\Users\Thorin\STM32CubeIDE\workspace_1.19.0\MP3\FATFS\App\fatfs.h_save
2025-11-29 14:57:55,973 [INFO] CodeEngine:289 - Generated code: C:\Users\Thorin\STM32CubeIDE\workspace_1.19.0\MP3\FATFS\App\fatfs.h
2025-11-29 14:57:55,994 [INFO] CodeEngine:265 - oldGeneratedFile, C:\Users\Thorin\STM32CubeIDE\workspace_1.19.0\MP3\Core\Src\stm32l4xx_it.c_save
2025-11-29 14:57:56,246 [INFO] CodeEngine:289 - Generated code: C:\Users\Thorin\STM32CubeIDE\workspace_1.19.0\MP3\Core\Src\stm32l4xx_it.c
2025-11-29 14:57:56,252 [INFO] CodeEngine:265 - oldGeneratedFile, C:\Users\Thorin\STM32CubeIDE\workspace_1.19.0\MP3\Core\Inc\stm32l4xx_it.h_save
2025-11-29 14:57:56,319 [INFO] CodeEngine:289 - Generated code: C:\Users\Thorin\STM32CubeIDE\workspace_1.19.0\MP3\Core\Inc\stm32l4xx_it.h
2025-11-29 14:57:56,334 [INFO] CodeEngine:265 - oldGeneratedFile, C:\Users\Thorin\STM32CubeIDE\workspace_1.19.0\MP3\Core\Src\stm32l4xx_hal_msp.c_save
2025-11-29 14:57:56,484 [INFO] CodeEngine:289 - Generated code: C:\Users\Thorin\STM32CubeIDE\workspace_1.19.0\MP3\Core\Src\stm32l4xx_hal_msp.c
2025-11-29 14:57:56,489 [INFO] CodeEngine:265 - oldGeneratedFile, C:\Users\Thorin\STM32CubeIDE\workspace_1.19.0\MP3\MXTmpFiles\system.tmp_save
2025-11-29 14:57:56,534 [INFO] CodeEngine:289 - Generated code: C:\Users\Thorin\STM32CubeIDE\workspace_1.19.0\MP3\MXTmpFiles\system.tmp
2025-11-29 14:57:56,547 [INFO] CodeEngine:321 - oldGeneratedFile, C:\Users\Thorin\STM32CubeIDE\workspace_1.19.0\MP3\Core\Inc\stm32l4xx_hal_conf.h_save
2025-11-29 14:57:56,674 [INFO] CodeEngine:345 - Generated code: C:\Users\Thorin\STM32CubeIDE\workspace_1.19.0\MP3\Core\Inc\stm32l4xx_hal_conf.h
2025-11-29 14:57:56,709 [INFO] ApiDbMcu:532 - Load IP Config File for SPI2
2025-11-29 14:57:56,719 [INFO] CodeEngine:265 - oldGeneratedFile, C:\Users\Thorin\STM32CubeIDE\workspace_1.19.0\MP3\Core\Inc\main.h_save
2025-11-29 14:57:56,874 [INFO] CodeEngine:289 - Generated code: C:\Users\Thorin\STM32CubeIDE\workspace_1.19.0\MP3\Core\Inc\main.h
2025-11-29 14:57:56,882 [INFO] CodeEngine:265 - oldGeneratedFile, C:\Users\Thorin\STM32CubeIDE\workspace_1.19.0\MP3\Core\Src\main.c_save
2025-11-29 14:57:57,004 [INFO] CodeEngine:289 - Generated code: C:\Users\Thorin\STM32CubeIDE\workspace_1.19.0\MP3\Core\Src\main.c
2025-11-29 14:57:57,377 [INFO] ProjectBuilder:3606 - Time for Copy HAL[1] : 189mS.
2025-11-29 14:57:57,387 [INFO] ProjectBuilder:5216 - Project Generator version: 4.7.0-B52
2025-11-29 14:57:57,485 [INFO] ConfigFileManager:1595 - The Die is : DIE415
2025-11-29 14:57:59,140 [INFO] ProjectBuilder:5496 - Time for Generating toolchain IDE Files: 1753mS.
2025-11-29 14:57:59,141 [INFO] ProjectBuilder:3463 - Time for Copy CMSIS : 0mS.
2025-11-29 14:57:59,146 [INFO] ProjectBuilder:3463 - Time for Copy CMSIS : 1mS.
2025-11-29 15:15:47,592 [INFO] NvicIntPanel:101 - NVIC parent = com.st.microxplorer.plugins.ip.nvic.MultiNvicIntPanel[,0,0,0x0,invalid,layout=javax.swing.BoxLayout,alignmentX=0.0,alignmentY=0.0,border=,flags=9,maximumSize=,minimumSize=,preferredSize=]
2025-11-29 15:23:09,873 [INFO] UtilMem:75 - End SaveConfig() Used Memory: 828670096 Bytes (1073741824)
2025-11-29 15:23:13,483 [INFO] UtilMem:75 - End SaveConfig() Used Memory: 861567448 Bytes (1073741824)
2025-11-29 15:23:13,650 [INFO] UtilMem:75 - End SaveConfig() Used Memory: 894736776 Bytes (1073741824)
2025-11-29 15:23:14,023 [INFO] BlockDiagram:2775 - set Specific Code input for plugin: SPI
2025-11-29 15:23:14,024 [INFO] BlockDiagram:2775 - set Specific Code input for plugin: SYS
2025-11-29 15:23:14,024 [INFO] BlockDiagram:2775 - set Specific Code input for plugin: RCC
2025-11-29 15:23:14,024 [INFO] BlockDiagram:2775 - set Specific Code input for plugin: NVIC
2025-11-29 15:23:14,024 [INFO] BlockDiagram:2775 - set Specific Code input for plugin: GPIO
2025-11-29 15:23:14,025 [INFO] BlockDiagram:2775 - set Specific Code input for plugin: FATFS
2025-11-29 15:23:14,025 [INFO] CodeGenerator:892 - code generatio: config db path: C:\ST\STM32CubeIDE_1.19.0\STM32CubeIDE\plugins\com.st.stm32cube.common.mx_6.15.0.202507011659\\db\
2025-11-29 15:23:14,104 [INFO] CodeEngine:265 - oldGeneratedFile, C:\Users\Thorin\STM32CubeIDE\workspace_1.19.0\MP3\MXTmpFiles\license.tmp_save
2025-11-29 15:23:14,319 [INFO] CodeEngine:289 - Generated code: C:\Users\Thorin\STM32CubeIDE\workspace_1.19.0\MP3\MXTmpFiles\license.tmp
2025-11-29 15:23:14,360 [INFO] CodeEngine:265 - oldGeneratedFile, C:\Users\Thorin\STM32CubeIDE\workspace_1.19.0\MP3\MXTmpFiles\gpio.tmp_save
2025-11-29 15:23:14,521 [INFO] CodeEngine:289 - Generated code: C:\Users\Thorin\STM32CubeIDE\workspace_1.19.0\MP3\MXTmpFiles\gpio.tmp
2025-11-29 15:23:14,647 [INFO] Middleware:1452 - No code input for Bsp Dependency
2025-11-29 15:23:14,654 [INFO] CodeEngine:265 - oldGeneratedFile, C:\Users\Thorin\STM32CubeIDE\workspace_1.19.0\MP3\MXTmpFiles\fatfs_HalInit.tmp_save
2025-11-29 15:23:14,765 [INFO] CodeEngine:289 - Generated code: C:\Users\Thorin\STM32CubeIDE\workspace_1.19.0\MP3\MXTmpFiles\fatfs_HalInit.tmp
2025-11-29 15:23:14,771 [INFO] CodeEngine:265 - oldGeneratedFile, C:\Users\Thorin\STM32CubeIDE\workspace_1.19.0\MP3\MXTmpFiles\fatfs_vars.tmp_save
2025-11-29 15:23:14,835 [INFO] CodeEngine:289 - Generated code: C:\Users\Thorin\STM32CubeIDE\workspace_1.19.0\MP3\MXTmpFiles\fatfs_vars.tmp
2025-11-29 15:23:14,842 [INFO] CodeEngine:265 - oldGeneratedFile, C:\Users\Thorin\STM32CubeIDE\workspace_1.19.0\MP3\MXTmpFiles\fatfs_ext_vars.tmp_save
2025-11-29 15:23:14,902 [INFO] CodeEngine:289 - Generated code: C:\Users\Thorin\STM32CubeIDE\workspace_1.19.0\MP3\MXTmpFiles\fatfs_ext_vars.tmp
2025-11-29 15:23:14,915 [INFO] CodeEngine:265 - oldGeneratedFile, C:\Users\Thorin\STM32CubeIDE\workspace_1.19.0\MP3\MXTmpFiles\fatfs_inc.tmp_save
2025-11-29 15:23:14,978 [INFO] CodeEngine:289 - Generated code: C:\Users\Thorin\STM32CubeIDE\workspace_1.19.0\MP3\MXTmpFiles\fatfs_inc.tmp
2025-11-29 15:23:14,987 [INFO] Middleware:1452 - No code input for Bsp Dependency
2025-11-29 15:23:14,998 [INFO] CodeEngine:265 - oldGeneratedFile, C:\Users\Thorin\STM32CubeIDE\workspace_1.19.0\MP3\MXTmpFiles\fatfs_HalInit.tmp_save
2025-11-29 15:23:15,094 [INFO] CodeEngine:289 - Generated code: C:\Users\Thorin\STM32CubeIDE\workspace_1.19.0\MP3\MXTmpFiles\fatfs_HalInit.tmp
2025-11-29 15:23:15,103 [INFO] CodeEngine:265 - oldGeneratedFile, C:\Users\Thorin\STM32CubeIDE\workspace_1.19.0\MP3\MXTmpFiles\fatfs_vars.tmp_save
2025-11-29 15:23:15,158 [INFO] CodeEngine:289 - Generated code: C:\Users\Thorin\STM32CubeIDE\workspace_1.19.0\MP3\MXTmpFiles\fatfs_vars.tmp
2025-11-29 15:23:15,164 [INFO] CodeEngine:265 - oldGeneratedFile, C:\Users\Thorin\STM32CubeIDE\workspace_1.19.0\MP3\MXTmpFiles\fatfs_ext_vars.tmp_save
2025-11-29 15:23:15,217 [INFO] CodeEngine:289 - Generated code: C:\Users\Thorin\STM32CubeIDE\workspace_1.19.0\MP3\MXTmpFiles\fatfs_ext_vars.tmp
2025-11-29 15:23:15,225 [INFO] CodeEngine:265 - oldGeneratedFile, C:\Users\Thorin\STM32CubeIDE\workspace_1.19.0\MP3\MXTmpFiles\fatfs_inc.tmp_save
2025-11-29 15:23:15,281 [INFO] CodeEngine:289 - Generated code: C:\Users\Thorin\STM32CubeIDE\workspace_1.19.0\MP3\MXTmpFiles\fatfs_inc.tmp
2025-11-29 15:23:15,288 [INFO] CodeEngine:265 - oldGeneratedFile, C:\Users\Thorin\STM32CubeIDE\workspace_1.19.0\MP3\FATFS\Target\ffconf.h_save
2025-11-29 15:23:15,411 [INFO] CodeEngine:289 - Generated code: C:\Users\Thorin\STM32CubeIDE\workspace_1.19.0\MP3\FATFS\Target\ffconf.h
2025-11-29 15:23:15,418 [INFO] CodeEngine:265 - oldGeneratedFile, C:\Users\Thorin\STM32CubeIDE\workspace_1.19.0\MP3\FATFS\Target\user_diskio.c_save
2025-11-29 15:23:15,478 [INFO] CodeEngine:289 - Generated code: C:\Users\Thorin\STM32CubeIDE\workspace_1.19.0\MP3\FATFS\Target\user_diskio.c
2025-11-29 15:23:15,485 [INFO] CodeEngine:265 - oldGeneratedFile, C:\Users\Thorin\STM32CubeIDE\workspace_1.19.0\MP3\FATFS\Target\user_diskio.h_save
2025-11-29 15:23:15,538 [INFO] CodeEngine:289 - Generated code: C:\Users\Thorin\STM32CubeIDE\workspace_1.19.0\MP3\FATFS\Target\user_diskio.h
2025-11-29 15:23:15,545 [INFO] CodeEngine:265 - oldGeneratedFile, C:\Users\Thorin\STM32CubeIDE\workspace_1.19.0\MP3\FATFS\App\fatfs.c_save
2025-11-29 15:23:15,597 [INFO] CodeEngine:289 - Generated code: C:\Users\Thorin\STM32CubeIDE\workspace_1.19.0\MP3\FATFS\App\fatfs.c
2025-11-29 15:23:15,602 [INFO] CodeEngine:265 - oldGeneratedFile, C:\Users\Thorin\STM32CubeIDE\workspace_1.19.0\MP3\FATFS\App\fatfs.h_save
2025-11-29 15:23:15,658 [INFO] CodeEngine:289 - Generated code: C:\Users\Thorin\STM32CubeIDE\workspace_1.19.0\MP3\FATFS\App\fatfs.h
2025-11-29 15:23:15,674 [INFO] CodeEngine:265 - oldGeneratedFile, C:\Users\Thorin\STM32CubeIDE\workspace_1.19.0\MP3\Core\Src\stm32l4xx_it.c_save
2025-11-29 15:23:15,856 [INFO] CodeEngine:289 - Generated code: C:\Users\Thorin\STM32CubeIDE\workspace_1.19.0\MP3\Core\Src\stm32l4xx_it.c
2025-11-29 15:23:15,864 [INFO] CodeEngine:265 - oldGeneratedFile, C:\Users\Thorin\STM32CubeIDE\workspace_1.19.0\MP3\Core\Inc\stm32l4xx_it.h_save
2025-11-29 15:23:15,913 [INFO] CodeEngine:289 - Generated code: C:\Users\Thorin\STM32CubeIDE\workspace_1.19.0\MP3\Core\Inc\stm32l4xx_it.h
2025-11-29 15:23:15,928 [INFO] CodeEngine:265 - oldGeneratedFile, C:\Users\Thorin\STM32CubeIDE\workspace_1.19.0\MP3\Core\Src\stm32l4xx_hal_msp.c_save
2025-11-29 15:23:16,091 [INFO] CodeEngine:289 - Generated code: C:\Users\Thorin\STM32CubeIDE\workspace_1.19.0\MP3\Core\Src\stm32l4xx_hal_msp.c
2025-11-29 15:23:16,095 [INFO] CodeEngine:265 - oldGeneratedFile, C:\Users\Thorin\STM32CubeIDE\workspace_1.19.0\MP3\MXTmpFiles\system.tmp_save
2025-11-29 15:23:16,149 [INFO] CodeEngine:289 - Generated code: C:\Users\Thorin\STM32CubeIDE\workspace_1.19.0\MP3\MXTmpFiles\system.tmp
2025-11-29 15:23:16,165 [INFO] CodeEngine:321 - oldGeneratedFile, C:\Users\Thorin\STM32CubeIDE\workspace_1.19.0\MP3\Core\Inc\stm32l4xx_hal_conf.h_save
2025-11-29 15:23:16,288 [INFO] CodeEngine:345 - Generated code: C:\Users\Thorin\STM32CubeIDE\workspace_1.19.0\MP3\Core\Inc\stm32l4xx_hal_conf.h
2025-11-29 15:23:16,320 [INFO] ApiDbMcu:532 - Load IP Config File for SPI1
2025-11-29 15:23:16,330 [INFO] CodeEngine:265 - oldGeneratedFile, C:\Users\Thorin\STM32CubeIDE\workspace_1.19.0\MP3\Core\Inc\main.h_save
2025-11-29 15:23:16,447 [INFO] CodeEngine:289 - Generated code: C:\Users\Thorin\STM32CubeIDE\workspace_1.19.0\MP3\Core\Inc\main.h
2025-11-29 15:23:16,453 [INFO] CodeEngine:265 - oldGeneratedFile, C:\Users\Thorin\STM32CubeIDE\workspace_1.19.0\MP3\Core\Src\main.c_save
2025-11-29 15:23:16,580 [INFO] CodeEngine:289 - Generated code: C:\Users\Thorin\STM32CubeIDE\workspace_1.19.0\MP3\Core\Src\main.c
2025-11-29 15:23:16,941 [INFO] ProjectBuilder:3606 - Time for Copy HAL[1] : 168mS.
2025-11-29 15:23:16,947 [INFO] ProjectBuilder:5216 - Project Generator version: 4.7.0-B52
2025-11-29 15:23:17,014 [INFO] ConfigFileManager:1595 - The Die is : DIE415
2025-11-29 15:23:18,004 [INFO] ProjectBuilder:5496 - Time for Generating toolchain IDE Files: 1057mS.
2025-11-29 15:23:18,006 [INFO] ProjectBuilder:3463 - Time for Copy CMSIS : 2mS.
2025-11-29 15:23:18,011 [INFO] ProjectBuilder:3463 - Time for Copy CMSIS : 0mS.
2025-11-29 15:28:49,382 [INFO] UtilMem:75 - End SaveConfig() Used Memory: 914795784 Bytes (1073741824)
2025-11-29 15:28:51,031 [INFO] UtilMem:75 - End SaveConfig() Used Memory: 944155912 Bytes (1073741824)
2025-11-29 15:28:51,178 [INFO] UtilMem:75 - End SaveConfig() Used Memory: 975665136 Bytes (1073741824)
2025-11-29 15:28:51,308 [INFO] BlockDiagram:2775 - set Specific Code input for plugin: SPI
2025-11-29 15:28:51,309 [INFO] BlockDiagram:2775 - set Specific Code input for plugin: SYS
2025-11-29 15:28:51,309 [INFO] BlockDiagram:2775 - set Specific Code input for plugin: RCC
2025-11-29 15:28:51,309 [INFO] BlockDiagram:2775 - set Specific Code input for plugin: NVIC
2025-11-29 15:28:51,309 [INFO] BlockDiagram:2775 - set Specific Code input for plugin: USART
2025-11-29 15:28:51,309 [INFO] BlockDiagram:2775 - set Specific Code input for plugin: GPIO
2025-11-29 15:28:51,309 [INFO] BlockDiagram:2775 - set Specific Code input for plugin: FATFS
2025-11-29 15:28:51,310 [INFO] CodeGenerator:892 - code generatio: config db path: C:\ST\STM32CubeIDE_1.19.0\STM32CubeIDE\plugins\com.st.stm32cube.common.mx_6.15.0.202507011659\\db\
2025-11-29 15:28:51,393 [INFO] CodeEngine:265 - oldGeneratedFile, C:\Users\Thorin\STM32CubeIDE\workspace_1.19.0\MP3\MXTmpFiles\license.tmp_save
2025-11-29 15:28:51,510 [INFO] CodeEngine:289 - Generated code: C:\Users\Thorin\STM32CubeIDE\workspace_1.19.0\MP3\MXTmpFiles\license.tmp
2025-11-29 15:28:51,556 [INFO] CodeEngine:265 - oldGeneratedFile, C:\Users\Thorin\STM32CubeIDE\workspace_1.19.0\MP3\MXTmpFiles\gpio.tmp_save
2025-11-29 15:28:51,670 [INFO] CodeEngine:289 - Generated code: C:\Users\Thorin\STM32CubeIDE\workspace_1.19.0\MP3\MXTmpFiles\gpio.tmp
2025-11-29 15:28:51,841 [INFO] Middleware:1452 - No code input for Bsp Dependency
2025-11-29 15:28:51,849 [INFO] CodeEngine:265 - oldGeneratedFile, C:\Users\Thorin\STM32CubeIDE\workspace_1.19.0\MP3\MXTmpFiles\fatfs_HalInit.tmp_save
2025-11-29 15:28:51,948 [INFO] CodeEngine:289 - Generated code: C:\Users\Thorin\STM32CubeIDE\workspace_1.19.0\MP3\MXTmpFiles\fatfs_HalInit.tmp
2025-11-29 15:28:51,953 [INFO] CodeEngine:265 - oldGeneratedFile, C:\Users\Thorin\STM32CubeIDE\workspace_1.19.0\MP3\MXTmpFiles\fatfs_vars.tmp_save
2025-11-29 15:28:52,001 [INFO] CodeEngine:289 - Generated code: C:\Users\Thorin\STM32CubeIDE\workspace_1.19.0\MP3\MXTmpFiles\fatfs_vars.tmp
2025-11-29 15:28:52,008 [INFO] CodeEngine:265 - oldGeneratedFile, C:\Users\Thorin\STM32CubeIDE\workspace_1.19.0\MP3\MXTmpFiles\fatfs_ext_vars.tmp_save
2025-11-29 15:28:52,055 [INFO] CodeEngine:289 - Generated code: C:\Users\Thorin\STM32CubeIDE\workspace_1.19.0\MP3\MXTmpFiles\fatfs_ext_vars.tmp
2025-11-29 15:28:52,061 [INFO] CodeEngine:265 - oldGeneratedFile, C:\Users\Thorin\STM32CubeIDE\workspace_1.19.0\MP3\MXTmpFiles\fatfs_inc.tmp_save
2025-11-29 15:28:52,106 [INFO] CodeEngine:289 - Generated code: C:\Users\Thorin\STM32CubeIDE\workspace_1.19.0\MP3\MXTmpFiles\fatfs_inc.tmp
2025-11-29 15:28:52,114 [INFO] Middleware:1452 - No code input for Bsp Dependency
2025-11-29 15:28:52,122 [INFO] CodeEngine:265 - oldGeneratedFile, C:\Users\Thorin\STM32CubeIDE\workspace_1.19.0\MP3\MXTmpFiles\fatfs_HalInit.tmp_save
2025-11-29 15:28:52,201 [INFO] CodeEngine:289 - Generated code: C:\Users\Thorin\STM32CubeIDE\workspace_1.19.0\MP3\MXTmpFiles\fatfs_HalInit.tmp
2025-11-29 15:28:52,208 [INFO] CodeEngine:265 - oldGeneratedFile, C:\Users\Thorin\STM32CubeIDE\workspace_1.19.0\MP3\MXTmpFiles\fatfs_vars.tmp_save
2025-11-29 15:28:52,252 [INFO] CodeEngine:289 - Generated code: C:\Users\Thorin\STM32CubeIDE\workspace_1.19.0\MP3\MXTmpFiles\fatfs_vars.tmp
2025-11-29 15:28:52,259 [INFO] CodeEngine:265 - oldGeneratedFile, C:\Users\Thorin\STM32CubeIDE\workspace_1.19.0\MP3\MXTmpFiles\fatfs_ext_vars.tmp_save
2025-11-29 15:28:52,302 [INFO] CodeEngine:289 - Generated code: C:\Users\Thorin\STM32CubeIDE\workspace_1.19.0\MP3\MXTmpFiles\fatfs_ext_vars.tmp
2025-11-29 15:28:52,308 [INFO] CodeEngine:265 - oldGeneratedFile, C:\Users\Thorin\STM32CubeIDE\workspace_1.19.0\MP3\MXTmpFiles\fatfs_inc.tmp_save
2025-11-29 15:28:52,353 [INFO] CodeEngine:289 - Generated code: C:\Users\Thorin\STM32CubeIDE\workspace_1.19.0\MP3\MXTmpFiles\fatfs_inc.tmp
2025-11-29 15:28:52,361 [INFO] CodeEngine:265 - oldGeneratedFile, C:\Users\Thorin\STM32CubeIDE\workspace_1.19.0\MP3\FATFS\Target\ffconf.h_save
2025-11-29 15:28:52,462 [INFO] CodeEngine:289 - Generated code: C:\Users\Thorin\STM32CubeIDE\workspace_1.19.0\MP3\FATFS\Target\ffconf.h
2025-11-29 15:28:52,468 [INFO] CodeEngine:265 - oldGeneratedFile, C:\Users\Thorin\STM32CubeIDE\workspace_1.19.0\MP3\FATFS\Target\user_diskio.c_save
2025-11-29 15:28:52,537 [INFO] CodeEngine:289 - Generated code: C:\Users\Thorin\STM32CubeIDE\workspace_1.19.0\MP3\FATFS\Target\user_diskio.c
2025-11-29 15:28:52,544 [INFO] CodeEngine:265 - oldGeneratedFile, C:\Users\Thorin\STM32CubeIDE\workspace_1.19.0\MP3\FATFS\Target\user_diskio.h_save
2025-11-29 15:28:52,592 [INFO] CodeEngine:289 - Generated code: C:\Users\Thorin\STM32CubeIDE\workspace_1.19.0\MP3\FATFS\Target\user_diskio.h
2025-11-29 15:28:52,598 [INFO] CodeEngine:265 - oldGeneratedFile, C:\Users\Thorin\STM32CubeIDE\workspace_1.19.0\MP3\FATFS\App\fatfs.c_save
2025-11-29 15:28:52,644 [INFO] CodeEngine:289 - Generated code: C:\Users\Thorin\STM32CubeIDE\workspace_1.19.0\MP3\FATFS\App\fatfs.c
2025-11-29 15:28:52,650 [INFO] CodeEngine:265 - oldGeneratedFile, C:\Users\Thorin\STM32CubeIDE\workspace_1.19.0\MP3\FATFS\App\fatfs.h_save
2025-11-29 15:28:52,696 [INFO] CodeEngine:289 - Generated code: C:\Users\Thorin\STM32CubeIDE\workspace_1.19.0\MP3\FATFS\App\fatfs.h
2025-11-29 15:28:52,709 [INFO] CodeEngine:265 - oldGeneratedFile, C:\Users\Thorin\STM32CubeIDE\workspace_1.19.0\MP3\Core\Src\stm32l4xx_it.c_save
2025-11-29 15:28:52,862 [INFO] CodeEngine:289 - Generated code: C:\Users\Thorin\STM32CubeIDE\workspace_1.19.0\MP3\Core\Src\stm32l4xx_it.c
2025-11-29 15:28:52,869 [INFO] CodeEngine:265 - oldGeneratedFile, C:\Users\Thorin\STM32CubeIDE\workspace_1.19.0\MP3\Core\Inc\stm32l4xx_it.h_save
2025-11-29 15:28:52,919 [INFO] CodeEngine:289 - Generated code: C:\Users\Thorin\STM32CubeIDE\workspace_1.19.0\MP3\Core\Inc\stm32l4xx_it.h
2025-11-29 15:28:52,932 [INFO] CodeEngine:265 - oldGeneratedFile, C:\Users\Thorin\STM32CubeIDE\workspace_1.19.0\MP3\Core\Src\stm32l4xx_hal_msp.c_save
2025-11-29 15:28:53,092 [INFO] CodeEngine:289 - Generated code: C:\Users\Thorin\STM32CubeIDE\workspace_1.19.0\MP3\Core\Src\stm32l4xx_hal_msp.c
2025-11-29 15:28:53,097 [INFO] CodeEngine:265 - oldGeneratedFile, C:\Users\Thorin\STM32CubeIDE\workspace_1.19.0\MP3\MXTmpFiles\system.tmp_save
2025-11-29 15:28:53,142 [INFO] CodeEngine:289 - Generated code: C:\Users\Thorin\STM32CubeIDE\workspace_1.19.0\MP3\MXTmpFiles\system.tmp
2025-11-29 15:28:53,154 [INFO] CodeEngine:321 - oldGeneratedFile, C:\Users\Thorin\STM32CubeIDE\workspace_1.19.0\MP3\Core\Inc\stm32l4xx_hal_conf.h_save
2025-11-29 15:28:53,283 [INFO] CodeEngine:345 - Generated code: C:\Users\Thorin\STM32CubeIDE\workspace_1.19.0\MP3\Core\Inc\stm32l4xx_hal_conf.h
2025-11-29 15:28:53,320 [INFO] ApiDbMcu:532 - Load IP Config File for USART2
2025-11-29 15:28:53,330 [INFO] CodeEngine:265 - oldGeneratedFile, C:\Users\Thorin\STM32CubeIDE\workspace_1.19.0\MP3\Core\Inc\main.h_save
2025-11-29 15:28:53,456 [INFO] CodeEngine:289 - Generated code: C:\Users\Thorin\STM32CubeIDE\workspace_1.19.0\MP3\Core\Inc\main.h
2025-11-29 15:28:53,462 [INFO] CodeEngine:265 - oldGeneratedFile, C:\Users\Thorin\STM32CubeIDE\workspace_1.19.0\MP3\Core\Src\main.c_save
2025-11-29 15:28:53,582 [INFO] CodeEngine:289 - Generated code: C:\Users\Thorin\STM32CubeIDE\workspace_1.19.0\MP3\Core\Src\main.c
2025-11-29 15:28:53,906 [INFO] ProjectBuilder:3606 - Time for Copy HAL[1] : 175mS.
2025-11-29 15:28:53,912 [INFO] ProjectBuilder:5216 - Project Generator version: 4.7.0-B52
2025-11-29 15:28:53,986 [INFO] ConfigFileManager:1595 - The Die is : DIE415
2025-11-29 15:28:54,787 [INFO] ProjectBuilder:5496 - Time for Generating toolchain IDE Files: 875mS.
2025-11-29 15:28:54,788 [INFO] ProjectBuilder:3463 - Time for Copy CMSIS : 1mS.
2025-11-29 15:28:54,792 [INFO] ProjectBuilder:3463 - Time for Copy CMSIS : 0mS.
2025-11-29 16:07:31,274 [ERROR] LogOutputStream:75 - [STDERR_REDIRECT] 
2025-11-29 16:08:15,541 [INFO] Activator:176 - 


2025-11-29 16:08:15,544 [INFO] Activator:177 - !SESSION log4j initialized
2025-11-29 16:08:20,500 [INFO] LogOutputStream:77 - [STDOUT_REDIRECT] 
2025-11-29 16:08:21,835 [INFO] ApplicationProperties:184 - Using Application install path: C:\ST\STM32CubeIDE_1.19.0\STM32CubeIDE\plugins\com.st.stm32cube.common.mx_6.15.0.202507011659
2025-11-29 16:08:21,847 [INFO] DbMcusXml:78 - Set database path to: C:\ST\STM32CubeIDE_1.19.0\STM32CubeIDE\plugins\com.st.stm32cube.common.mx_6.15.0.202507011659\\db\/mcu/
2025-11-29 16:08:21,847 [INFO] ApiDb:274 - Set plugin database path to: C:\ST\STM32CubeIDE_1.19.0\STM32CubeIDE\plugins\com.st.stm32cube.common.mx_6.15.0.202507011659\\db\/plugins/boardmanager/
2025-11-29 16:08:21,847 [WARN] ApiDb:259 - Overriding images path with different value:  => C:\ST\STM32CubeIDE_1.19.0\STM32CubeIDE\plugins\com.st.stm32cube.common.mx_6.15.0.202507011659\\db\/plugins/mcufinder/images/
2025-11-29 16:08:21,850 [INFO] ApiDb:250 - Set database path to: C:\Users\Thorin\.stmcufinder\plugins\mcufinder//mcu/
2025-11-29 16:08:21,851 [INFO] DbMcusAds:125 - Set database path to: C:\Users\Thorin\.stmcufinder\plugins\mcufinder//mcu/
2025-11-29 16:08:21,852 [INFO] CrossReferenceDbSqlite:203 - Set database path to: C:\Users\Thorin\.stmcufinder\plugins\mcufinder//mcu/cs/
2025-11-29 16:08:21,949 [INFO] RulesReader:64 - Compatibility file has been processed (317 Rules)
2025-11-29 16:08:22,008 [INFO] DbMcusXml:78 - Set database path to: C:\ST\STM32CubeIDE_1.19.0\STM32CubeIDE\plugins\com.st.stm32cube.common.mx_6.15.0.202507011659\\db\/mcu/
2025-11-29 16:08:22,008 [INFO] ApiDb:274 - Set plugin database path to: C:\ST\STM32CubeIDE_1.19.0\STM32CubeIDE\plugins\com.st.stm32cube.common.mx_6.15.0.202507011659\\db\/plugins/boardmanager/
2025-11-29 16:08:22,009 [INFO] ApiDb:261 - Set plugin images path to: C:\ST\STM32CubeIDE_1.19.0\STM32CubeIDE\plugins\com.st.stm32cube.common.mx_6.15.0.202507011659\\db\/plugins/mcufinder/images/
2025-11-29 16:08:22,009 [WARN] DbFile:41 - Overriding database path with different value: C:\Users\Thorin\.stmcufinder\plugins\mcufinder/ => C:\Users\Thorin\.stmcufinder\plugins\mcufinder
2025-11-29 16:08:22,009 [INFO] ApiDb:250 - Set database path to: C:\Users\Thorin\.stmcufinder\plugins\mcufinder//mcu/
2025-11-29 16:08:22,009 [WARN] DbFile:41 - Overriding database path with different value: C:\Users\Thorin\.stmcufinder\plugins\mcufinder/ => C:\Users\Thorin\.stmcufinder\plugins\mcufinder
2025-11-29 16:08:22,009 [INFO] DbMcusAds:125 - Set database path to: C:\Users\Thorin\.stmcufinder\plugins\mcufinder//mcu/
2025-11-29 16:08:22,009 [WARN] DbFile:41 - Overriding database path with different value: C:\Users\Thorin\.stmcufinder\plugins\mcufinder/ => C:\Users\Thorin\.stmcufinder\plugins\mcufinder
2025-11-29 16:08:22,009 [WARN] DbFile:41 - Overriding database path with different value: C:\Users\Thorin\.stmcufinder\plugins\mcufinder/ => C:\Users\Thorin\.stmcufinder\plugins\mcufinder
2025-11-29 16:08:22,009 [INFO] CrossReferenceDbSqlite:203 - Set database path to: C:\Users\Thorin\.stmcufinder\plugins\mcufinder//mcu/cs/
2025-11-29 16:08:22,068 [INFO] MainPanel:274 - HeapMemory: 268435456
2025-11-29 16:08:22,138 [INFO] DbMcusXml:78 - Set database path to: C:\ST\STM32CubeIDE_1.19.0\STM32CubeIDE\plugins\com.st.stm32cube.common.mx_6.15.0.202507011659\\db\/mcu/
2025-11-29 16:08:22,139 [INFO] ApiDb:274 - Set plugin database path to: C:\ST\STM32CubeIDE_1.19.0\STM32CubeIDE\plugins\com.st.stm32cube.common.mx_6.15.0.202507011659\\db\/plugins/boardmanager/
2025-11-29 16:08:22,139 [INFO] ApiDb:261 - Set plugin images path to: C:\ST\STM32CubeIDE_1.19.0\STM32CubeIDE\plugins\com.st.stm32cube.common.mx_6.15.0.202507011659\\db\/plugins/mcufinder/images/
2025-11-29 16:08:22,139 [WARN] DbFile:41 - Overriding database path with different value: C:\Users\Thorin\.stmcufinder\plugins\mcufinder/ => C:\Users\Thorin\.stmcufinder\plugins\mcufinder
2025-11-29 16:08:22,139 [INFO] ApiDb:250 - Set database path to: C:\Users\Thorin\.stmcufinder\plugins\mcufinder//mcu/
2025-11-29 16:08:22,139 [WARN] DbFile:41 - Overriding database path with different value: C:\Users\Thorin\.stmcufinder\plugins\mcufinder/ => C:\Users\Thorin\.stmcufinder\plugins\mcufinder
2025-11-29 16:08:22,139 [INFO] DbMcusAds:125 - Set database path to: C:\Users\Thorin\.stmcufinder\plugins\mcufinder//mcu/
2025-11-29 16:08:22,139 [WARN] DbFile:41 - Overriding database path with different value: C:\Users\Thorin\.stmcufinder\plugins\mcufinder/ => C:\Users\Thorin\.stmcufinder\plugins\mcufinder
2025-11-29 16:08:22,139 [WARN] DbFile:41 - Overriding database path with different value: C:\Users\Thorin\.stmcufinder\plugins\mcufinder/ => C:\Users\Thorin\.stmcufinder\plugins\mcufinder
2025-11-29 16:08:22,139 [INFO] CrossReferenceDbSqlite:203 - Set database path to: C:\Users\Thorin\.stmcufinder\plugins\mcufinder//mcu/cs/
2025-11-29 16:08:22,153 [INFO] ApplicationProperties:184 - Using Application install path: C:\ST\STM32CubeIDE_1.19.0\STM32CubeIDE\plugins\com.st.stm32cube.common.mx_6.15.0.202507011659
2025-11-29 16:08:22,154 [INFO] PluginManage:196 - Search for loadable plugins [exclusion list=, ]
2025-11-29 16:08:22,155 [INFO] PluginManage:310 - Check plugin analytics
2025-11-29 16:08:22,277 [INFO] AnalyticsPlugin:253 - Accepted Software Licenses: 
2025-11-29 16:08:22,277 [INFO] AnalyticsPlugin:255 - Accepted CMSIS Pack Licenses: 
2025-11-29 16:08:22,277 [INFO] AnalyticsPlugin:257 - Accepted Firmware Licenses: FW.L4.1.18.0
2025-11-29 16:08:22,279 [INFO] PluginManage:359 - Loaded plugin analytics (category:tool,tabindex:-1)
2025-11-29 16:08:22,279 [INFO] PluginManage:310 - Check plugin cadmodel
2025-11-29 16:08:22,293 [INFO] CADModel:105 - Init CAD model plugin
2025-11-29 16:08:22,293 [INFO] PluginManage:359 - Loaded plugin cadmodel (category:power,tabindex:5)
2025-11-29 16:08:22,293 [INFO] PluginManage:310 - Check plugin clock
2025-11-29 16:08:22,311 [INFO] PluginManage:359 - Loaded plugin clock (category:base,tabindex:2)
2025-11-29 16:08:22,311 [INFO] PluginManage:310 - Check plugin ddr
2025-11-29 16:08:22,312 [INFO] PluginManage:359 - Loaded plugin ddr (category:tool,tabindex:6)
2025-11-29 16:08:22,312 [INFO] PluginManage:310 - Check plugin filemanager
2025-11-29 16:08:22,425 [INFO] PluginManage:359 - Loaded plugin filemanager (category:base,tabindex:10)
2025-11-29 16:08:22,425 [INFO] PluginManage:310 - Check plugin ipmanager
2025-11-29 16:08:22,431 [INFO] PluginManage:359 - Loaded plugin ipmanager (category:base,tabindex:5)
2025-11-29 16:08:22,431 [INFO] PluginManage:310 - Check plugin lpbam
2025-11-29 16:08:22,448 [INFO] PluginManage:359 - Loaded plugin lpbam (category:base,tabindex:0)
2025-11-29 16:08:22,448 [INFO] PluginManage:310 - Check plugin memorymap
2025-11-29 16:08:22,469 [INFO] PluginManage:359 - Loaded plugin memorymap (category:base,tabindex:4)
2025-11-29 16:08:22,469 [INFO] PluginManage:310 - Check plugin pinoutandconfiguration
2025-11-29 16:08:22,488 [INFO] PluginManage:359 - Loaded plugin pinoutandconfiguration (category:base,tabindex:1)
2025-11-29 16:08:22,488 [INFO] PluginManage:310 - Check plugin pinoutconfig
2025-11-29 16:08:22,575 [WARN] SupportedApi:132 - Cannot load RTOS API schema: s4s-elt-must-match.1: The content of 'definitions' must match (annotation?, (simpleType | complexType)?, (unique | key | keyref)*)). A problem was found starting at: attribute.
2025-11-29 16:08:22,671 [INFO] PluginManage:359 - Loaded plugin pinoutconfig (category:base,tabindex:0)
2025-11-29 16:08:22,672 [INFO] PluginManage:310 - Check plugin power
2025-11-29 16:08:22,692 [INFO] PluginManage:359 - Loaded plugin power (category:power,tabindex:4)
2025-11-29 16:08:22,692 [INFO] PluginManage:310 - Check plugin projectmanager
2025-11-29 16:08:22,705 [INFO] PluginManage:359 - Loaded plugin projectmanager (category:projectmanager,tabindex:4)
2025-11-29 16:08:22,705 [INFO] PluginManage:310 - Check plugin rif
2025-11-29 16:08:22,730 [INFO] PluginManage:359 - Loaded plugin rif (category:base,tabindex:3)
2025-11-29 16:08:22,731 [INFO] PluginManage:310 - Check plugin thirdparty
2025-11-29 16:08:22,950 [INFO] PluginManage:359 - Loaded plugin thirdparty (category:base,tabindex:-1)
2025-11-29 16:08:22,960 [INFO] PluginManage:310 - Check plugin tools
2025-11-29 16:08:22,960 [WARN] IntegrityCheckThread:84 - waiting for thirdparty lock release [integrity check]
2025-11-29 16:08:22,960 [INFO] IntegrityCheckThread:86 - entering critical section [integrity check]
2025-11-29 16:08:22,961 [INFO] ThirdPartyUpdaterWithRetryManager:70 - Updater plugin not ready yet. [1/15]
2025-11-29 16:08:23,001 [INFO] PluginManage:359 - Loaded plugin tools (category:base,tabindex:7)
2025-11-29 16:08:23,001 [INFO] PluginManage:310 - Check plugin tutovideos
2025-11-29 16:08:23,149 [INFO] PluginManage:359 - Loaded plugin tutovideos (category:base,tabindex:-1)
2025-11-29 16:08:23,149 [INFO] PluginManage:310 - Check plugin updater
2025-11-29 16:08:23,167 [INFO] PluginManage:359 - Loaded plugin updater (category:base,tabindex:12)
2025-11-29 16:08:23,167 [INFO] PluginManage:310 - Check plugin userauth
2025-11-29 16:08:23,170 [INFO] UserAuth:118 - Init User Auth plugin
2025-11-29 16:08:23,171 [INFO] PluginManage:359 - Loaded plugin userauth (category:base,tabindex:14)
2025-11-29 16:08:23,171 [INFO] PluginManage:283 - PluginManage : Loaded plugins [18]
2025-11-29 16:08:23,332 [INFO] PinOutPanel:1589 - setPackage(No Configuration,No Configuration)
2025-11-29 16:08:23,411 [INFO] CADModel:165 - CPN selected for project level
2025-11-29 16:08:23,411 [INFO] CADModel:114 - Register for checkConnection events
2025-11-29 16:08:23,434 [INFO] IPUIPlugin:80 - create IPUIPlugin
2025-11-29 16:08:23,435 [INFO] PluginManager:220 - loadIPPluginJar : add adc
2025-11-29 16:08:23,475 [INFO] IPUIPlugin:80 - create IPUIPlugin
2025-11-29 16:08:23,475 [INFO] PluginManager:220 - loadIPPluginJar : add aes
2025-11-29 16:08:23,523 [INFO] IPUIPlugin:80 - create IPUIPlugin
2025-11-29 16:08:23,523 [INFO] PluginManager:220 - loadIPPluginJar : add can
2025-11-29 16:08:23,550 [INFO] IPUIPlugin:80 - create IPUIPlugin
2025-11-29 16:08:23,550 [INFO] PluginManager:220 - loadIPPluginJar : add comp
2025-11-29 16:08:23,588 [INFO] IPUIPlugin:80 - create IPUIPlugin
2025-11-29 16:08:23,588 [INFO] PluginManager:220 - loadIPPluginJar : add cryp
2025-11-29 16:08:23,604 [INFO] IPUIPlugin:80 - create IPUIPlugin
2025-11-29 16:08:23,604 [INFO] PluginManager:220 - loadIPPluginJar : add ddr_ctrl_phy
2025-11-29 16:08:23,637 [INFO] IPUIPlugin:80 - create IPUIPlugin
2025-11-29 16:08:23,637 [INFO] PluginManager:220 - loadIPPluginJar : add dfsdm
2025-11-29 16:08:23,651 [INFO] IPUIPlugin:80 - create IPUIPlugin
2025-11-29 16:08:23,652 [INFO] PluginManager:220 - loadIPPluginJar : add dma
2025-11-29 16:08:23,693 [INFO] IPUIPlugin:80 - create IPUIPlugin
2025-11-29 16:08:23,693 [INFO] PluginManager:220 - loadIPPluginJar : add dma3
2025-11-29 16:08:23,741 [INFO] IPUIPlugin:80 - create IPUIPlugin
2025-11-29 16:08:23,741 [INFO] PluginManager:220 - loadIPPluginJar : add extmemmanager
2025-11-29 16:08:23,764 [INFO] IPUIPlugin:80 - create IPUIPlugin
2025-11-29 16:08:23,764 [INFO] PluginManager:220 - loadIPPluginJar : add fatfs
2025-11-29 16:08:23,823 [INFO] IPUIPlugin:80 - create IPUIPlugin
2025-11-29 16:08:23,823 [INFO] PluginManager:220 - loadIPPluginJar : add fmc
2025-11-29 16:08:23,842 [INFO] IPUIPlugin:80 - create IPUIPlugin
2025-11-29 16:08:23,842 [INFO] PluginManager:220 - loadIPPluginJar : add freertos
2025-11-29 16:08:23,844 [INFO] IPUIPlugin:80 - create IPUIPlugin
2025-11-29 16:08:23,844 [INFO] PluginManager:220 - loadIPPluginJar : add genericplugin
2025-11-29 16:08:23,942 [INFO] IPUIPlugin:80 - create IPUIPlugin
2025-11-29 16:08:23,942 [INFO] PluginManager:220 - loadIPPluginJar : add gfxmmu
2025-11-29 16:08:24,081 [INFO] IPUIPlugin:80 - create IPUIPlugin
2025-11-29 16:08:24,081 [INFO] PluginManager:220 - loadIPPluginJar : add gic
2025-11-29 16:08:24,094 [INFO] IPUIPlugin:80 - create IPUIPlugin
2025-11-29 16:08:24,094 [INFO] PluginManager:220 - loadIPPluginJar : add gpio
2025-11-29 16:08:24,192 [INFO] IPUIPlugin:80 - create IPUIPlugin
2025-11-29 16:08:24,193 [INFO] PluginManager:220 - loadIPPluginJar : add gtzc
2025-11-29 16:08:24,225 [INFO] IPUIPlugin:80 - create IPUIPlugin
2025-11-29 16:08:24,225 [INFO] PluginManager:220 - loadIPPluginJar : add hash
2025-11-29 16:08:24,275 [INFO] IPUIPlugin:80 - create IPUIPlugin
2025-11-29 16:08:24,275 [INFO] PluginManager:220 - loadIPPluginJar : add i2c
2025-11-29 16:08:24,318 [INFO] IPUIPlugin:80 - create IPUIPlugin
2025-11-29 16:08:24,318 [INFO] PluginManager:220 - loadIPPluginJar : add i2s
2025-11-29 16:08:24,359 [INFO] IPUIPlugin:80 - create IPUIPlugin
2025-11-29 16:08:24,359 [INFO] PluginManager:220 - loadIPPluginJar : add i3c
2025-11-29 16:08:24,457 [INFO] IPUIPlugin:80 - create IPUIPlugin
2025-11-29 16:08:24,457 [INFO] PluginManager:220 - loadIPPluginJar : add ipddr
2025-11-29 16:08:24,555 [INFO] IPUIPlugin:80 - create IPUIPlugin
2025-11-29 16:08:24,555 [INFO] PluginManager:220 - loadIPPluginJar : add linkedlist
2025-11-29 16:08:24,596 [INFO] IPUIPlugin:80 - create IPUIPlugin
2025-11-29 16:08:24,596 [INFO] PluginManager:220 - loadIPPluginJar : add lorawan
2025-11-29 16:08:24,635 [INFO] IPUIPlugin:80 - create IPUIPlugin
2025-11-29 16:08:24,635 [INFO] PluginManager:220 - loadIPPluginJar : add ltdc
2025-11-29 16:08:24,657 [INFO] IPUIPlugin:80 - create IPUIPlugin
2025-11-29 16:08:24,657 [INFO] PluginManager:220 - loadIPPluginJar : add mdma
2025-11-29 16:08:24,670 [INFO] IPUIPlugin:80 - create IPUIPlugin
2025-11-29 16:08:24,670 [INFO] PluginManager:220 - loadIPPluginJar : add nvic
2025-11-29 16:08:24,711 [INFO] IPUIPlugin:80 - create IPUIPlugin
2025-11-29 16:08:24,711 [INFO] PluginManager:220 - loadIPPluginJar : add opamp
2025-11-29 16:08:24,778 [INFO] IPUIPlugin:80 - create IPUIPlugin
2025-11-29 16:08:24,778 [INFO] PluginManager:220 - loadIPPluginJar : add openamp
2025-11-29 16:08:24,825 [INFO] IPUIPlugin:80 - create IPUIPlugin
2025-11-29 16:08:24,825 [INFO] PluginManager:220 - loadIPPluginJar : add pdm2pcm
2025-11-29 16:08:24,839 [INFO] IPUIPlugin:80 - create IPUIPlugin
2025-11-29 16:08:24,841 [INFO] PluginManager:220 - loadIPPluginJar : add plateformsettings
2025-11-29 16:08:24,843 [INFO] IPUIPlugin:80 - create IPUIPlugin
2025-11-29 16:08:24,844 [INFO] PluginManager:220 - loadIPPluginJar : add quadspi
2025-11-29 16:08:24,846 [INFO] IPUIPlugin:80 - create IPUIPlugin
2025-11-29 16:08:24,847 [INFO] PluginManager:220 - loadIPPluginJar : add radio
2025-11-29 16:08:24,865 [INFO] IPUIPlugin:80 - create IPUIPlugin
2025-11-29 16:08:24,865 [INFO] PluginManager:220 - loadIPPluginJar : add resmgrutility
2025-11-29 16:08:24,915 [INFO] IPUIPlugin:80 - create IPUIPlugin
2025-11-29 16:08:24,915 [INFO] PluginManager:220 - loadIPPluginJar : add sai
2025-11-29 16:08:24,957 [INFO] IPUIPlugin:80 - create IPUIPlugin
2025-11-29 16:08:24,957 [INFO] PluginManager:220 - loadIPPluginJar : add spi
2025-11-29 16:08:25,034 [INFO] IPUIPlugin:80 - create IPUIPlugin
2025-11-29 16:08:25,034 [INFO] PluginManager:220 - loadIPPluginJar : add stm32_wpan
2025-11-29 16:08:25,035 [INFO] IPUIPlugin:80 - create IPUIPlugin
2025-11-29 16:08:25,035 [INFO] PluginManager:220 - loadIPPluginJar : add tim
2025-11-29 16:08:25,103 [INFO] IPUIPlugin:80 - create IPUIPlugin
2025-11-29 16:08:25,103 [INFO] PluginManager:220 - loadIPPluginJar : add touchsensing
2025-11-29 16:08:25,105 [INFO] IPUIPlugin:80 - create IPUIPlugin
2025-11-29 16:08:25,106 [INFO] PluginManager:220 - loadIPPluginJar : add tracer_emb
2025-11-29 16:08:25,131 [INFO] IPUIPlugin:80 - create IPUIPlugin
2025-11-29 16:08:25,131 [INFO] PluginManager:220 - loadIPPluginJar : add ts
2025-11-29 16:08:25,157 [INFO] IPUIPlugin:80 - create IPUIPlugin
2025-11-29 16:08:25,157 [INFO] PluginManager:220 - loadIPPluginJar : add tsc
2025-11-29 16:08:25,181 [INFO] IPUIPlugin:80 - create IPUIPlugin
2025-11-29 16:08:25,181 [INFO] PluginManager:220 - loadIPPluginJar : add ucpd
2025-11-29 16:08:25,226 [INFO] IPUIPlugin:80 - create IPUIPlugin
2025-11-29 16:08:25,226 [INFO] PluginManager:220 - loadIPPluginJar : add usart
2025-11-29 16:08:25,275 [INFO] IPUIPlugin:80 - create IPUIPlugin
2025-11-29 16:08:25,275 [INFO] PluginManager:220 - loadIPPluginJar : add usbx
2025-11-29 16:08:25,389 [FATAL] Updater:351 - Updater called before beeing initialized
2025-11-29 16:08:25,413 [INFO] RulesReader:64 - Compatibility file has been processed (317 Rules)
2025-11-29 16:08:25,422 [INFO] RulesReader:64 - Compatibility file has been processed (317 Rules)
2025-11-29 16:08:25,430 [INFO] CADModel:165 - CPN selected for project level
2025-11-29 16:08:25,430 [INFO] CADModel:114 - Register for checkConnection events
2025-11-29 16:08:25,430 [FATAL] Updater:351 - Updater called before beeing initialized
2025-11-29 16:08:25,430 [ERROR] CADModel:125 - Updater not yet initialized, retry later 
2025-11-29 16:08:25,557 [FATAL] Updater:351 - Updater called before beeing initialized
2025-11-29 16:08:25,559 [INFO] CADModel:165 - CPN selected for project level
2025-11-29 16:08:25,559 [INFO] CADModel:114 - Register for checkConnection events
2025-11-29 16:08:25,559 [FATAL] Updater:351 - Updater called before beeing initialized
2025-11-29 16:08:25,559 [ERROR] CADModel:125 - Updater not yet initialized, retry later 
2025-11-29 16:08:25,562 [FATAL] Updater:351 - Updater called before beeing initialized
2025-11-29 16:08:25,674 [FATAL] Updater:351 - Updater called before beeing initialized
2025-11-29 16:08:25,685 [INFO] DbMcusAds:53 - JSON generation date=Tue Nov 25 07:08:32 MST 2025 (1764079712835)
2025-11-29 16:08:25,685 [FATAL] Updater:351 - Updater called before beeing initialized
2025-11-29 16:08:25,711 [WARN] DetailPanel:346 - Failed to get advertising image, set to default
2025-11-29 16:08:25,780 [FATAL] Updater:351 - Updater called before beeing initialized
2025-11-29 16:08:25,782 [FATAL] Updater:351 - Updater called before beeing initialized
2025-11-29 16:08:25,782 [FATAL] Updater:351 - Updater called before beeing initialized
2025-11-29 16:08:25,782 [WARN] DetailPanel:346 - Failed to get advertising image, set to default
2025-11-29 16:08:25,783 [FATAL] Updater:351 - Updater called before beeing initialized
2025-11-29 16:08:25,817 [ERROR] Updater:1198 - MainUpdater not yet initialized. External WinMGr cannot be set.
2025-11-29 16:08:25,827 [INFO] Updater:1134 - Updater Version found : 6.15.0
2025-11-29 16:08:25,839 [INFO] ApplicationProperties:184 - Using Application install path: C:\ST\STM32CubeIDE_1.19.0\STM32CubeIDE\plugins\com.st.stm32cube.common.mx_6.15.0.202507011659
2025-11-29 16:08:25,961 [INFO] ThirdPartyUpdaterWithRetryManager:70 - Updater plugin not ready yet. [2/15]
2025-11-29 16:08:27,417 [ERROR] LogOutputStream:75 - [STDERR_REDIRECT] Nov 29, 2025 4:08:27 PM java.util.prefs.WindowsPreferences <init>
2025-11-29 16:08:27,419 [ERROR] LogOutputStream:75 - [STDERR_REDIRECT] WARNING: Could not open/create prefs root node Software\JavaSoft\Prefs at root 0xffffffff80000002. Windows RegCreateKeyEx(...) returned error code 5.
2025-11-29 16:08:27,419 [ERROR] LogOutputStream:75 - [STDERR_REDIRECT] 
2025-11-29 16:08:28,022 [INFO] MainUpdater:2872 - connection check result : 10
2025-11-29 16:08:28,022 [INFO] MainUpdater:289 - Updater Check For Update Now.
2025-11-29 16:08:28,022 [INFO] MicroXplorer:498 - Change Database Version : DB.6.0.150
2025-11-29 16:08:28,041 [INFO] McuFinderGlobals:63 - Set McuFinder mode to 2 (CubeIDE integrated)
2025-11-29 16:08:28,042 [INFO] UserAuth:487 - Internet connection configuration mode: 1
2025-11-29 16:08:28,057 [INFO] JxBrowserEngine:152 - Initiate JxBrowser Engine with user profile folder
2025-11-29 16:08:28,231 [INFO] CheckServerUpdateThread:120 - End of CheckServer Thread
2025-11-29 16:08:29,201 [INFO] WebApp:169 - Instantiating new browser for Auth
2025-11-29 16:08:29,228 [WARN] PackLoader:240 - Cannot read IP mode file for STMicroelectronics.FP-SNS-MOTENVWB1.1.4.0
2025-11-29 16:08:29,249 [WARN] PackLoader:240 - Cannot read IP mode file for STMicroelectronics.FP-ATR-ASTRA1.2.0.2
2025-11-29 16:08:29,308 [WARN] PackLoader:240 - Cannot read IP mode file for STMicroelectronics.X-CUBE-SMBUS.2.1.0
2025-11-29 16:08:29,328 [WARN] PackLoader:240 - Cannot read IP mode file for STMicroelectronics.X-CUBE-ST60.1.0.0
2025-11-29 16:08:29,383 [WARN] PackLoader:240 - Cannot read IP mode file for STMicroelectronics.X-CUBE-AZRTOS-F7.1.1.0
2025-11-29 16:08:29,404 [WARN] PackLoader:240 - Cannot read IP mode file for STMicroelectronics.FP-SNS-MOTENV1.5.1.0
2025-11-29 16:08:29,456 [WARN] PackLoader:240 - Cannot read IP mode file for Infineon.AIROC-Wi-Fi-Bluetooth-STM32.1.7.1
2025-11-29 16:08:29,506 [WARN] PackLoader:240 - Cannot read IP mode file for STMicroelectronics.X-CUBE-AZRTOS-H7.3.4.0
2025-11-29 16:08:29,531 [WARN] PackLoader:240 - Cannot read IP mode file for STMicroelectronics.X-CUBE-DISPLAY.3.0.0
2025-11-29 16:08:29,552 [WARN] PackLoader:240 - Cannot read IP mode file for STMicroelectronics.X-CUBE-NFC10.1.0.0
2025-11-29 16:08:29,572 [WARN] PackLoader:240 - Cannot read IP mode file for STMicroelectronics.X-CUBE-ST60.1.1.0
2025-11-29 16:08:29,592 [WARN] PackLoader:240 - Cannot read IP mode file for emotas.I-CUBE-CANOPEN.1.3.0
2025-11-29 16:08:29,611 [WARN] PackLoader:240 - Cannot read IP mode file for STMicroelectronics.X-CUBE-GNSS1.7.1.0
2025-11-29 16:08:29,639 [WARN] PackLoader:240 - Cannot read IP mode file for STMicroelectronics.FP-SNS-STBOX1.2.1.0
2025-11-29 16:08:29,661 [WARN] PackLoader:240 - Cannot read IP mode file for STMicroelectronics.FP-SNS-SMARTAG2.1.2.0
2025-11-29 16:08:29,667 [WARN] PackLoader:240 - Cannot read IP mode file for STMicroelectronics.FP-SNS-FLIGHT1.5.1.0
2025-11-29 16:08:29,694 [INFO] LogOutputStream:77 - [STDOUT_REDIRECT] 1 : Invalid condition id : UX_CORESTACK_Condition cause : null
2025-11-29 16:08:29,694 [INFO] LogOutputStream:77 - [STDOUT_REDIRECT] 1 : Invalid condition id : UX_CORESTACK_Condition cause : null
2025-11-29 16:08:29,696 [INFO] LogOutputStream:77 - [STDOUT_REDIRECT] 1 : Invalid condition id : UX_CORESTACK_Condition cause : null
2025-11-29 16:08:29,697 [INFO] LogOutputStream:77 - [STDOUT_REDIRECT] 1 : Invalid condition id : UX_CORESTACK_Condition cause : null
2025-11-29 16:08:29,699 [INFO] LogOutputStream:77 - [STDOUT_REDIRECT] 1 : Invalid condition id : UX_CORESTACK_Condition cause : null
2025-11-29 16:08:29,703 [WARN] PackLoader:240 - Cannot read IP mode file for STMicroelectronics.X-CUBE-AZRTOS-WL.2.0.0
2025-11-29 16:08:29,724 [WARN] PackLoader:240 - Cannot read IP mode file for STMicroelectronics.FP-SNS-MOTENV1.5.0.0
2025-11-29 16:08:29,764 [WARN] PackLoader:240 - Cannot read IP mode file for STMicroelectronics.X-CUBE-AZRTOS-H7RS.1.2.0
2025-11-29 16:08:29,791 [WARN] PackLoader:240 - Cannot read IP mode file for WES.I-CUBE-Cesium.1.3.0
2025-11-29 16:08:29,813 [WARN] PackLoader:240 - Cannot read IP mode file for STMicroelectronics.X-CUBE-BLE2.3.3.0
2025-11-29 16:08:29,864 [WARN] PackLoader:240 - Cannot read IP mode file for STMicroelectronics.X-CUBE-NFC9.1.0.0
2025-11-29 16:08:29,887 [WARN] PackLoader:240 - Cannot read IP mode file for wolfSSL.I-CUBE-wolfSSL.5.8.2
2025-11-29 16:08:29,903 [WARN] PackLoader:240 - Cannot read IP mode file for STMicroelectronics.X-CUBE-BLE1.7.1.0
2025-11-29 16:08:29,908 [WARN] PackLoader:240 - Cannot read IP mode file for wolfSSL.I-CUBE-wolfMQTT.1.19.2
2025-11-29 16:08:29,923 [WARN] PackLoader:240 - Cannot read IP mode file for STMicroelectronics.X-CUBE-FREERTOS.1.4.0
2025-11-29 16:08:29,937 [WARN] PackLoader:240 - Cannot read IP mode file for STMicroelectronics.X-CUBE-EEPRMA1.5.2.0
2025-11-29 16:08:29,958 [WARN] PackLoader:240 - Cannot read IP mode file for STMicroelectronics.X-CUBE-ST67W61.1.1.0
2025-11-29 16:08:30,042 [WARN] PackLoader:240 - Cannot read IP mode file for STMicroelectronics.X-CUBE-MEMS1.12.0.0
2025-11-29 16:08:30,201 [WARN] PackLoader:240 - Cannot read IP mode file for STMicroelectronics.X-CUBE-AZRTOS-G0.1.1.0
2025-11-29 16:08:30,231 [WARN] PackLoader:240 - Cannot read IP mode file for STMicroelectronics.X-CUBE-SAFEA1.1.2.2
2025-11-29 16:08:30,264 [WARN] PackLoader:240 - Cannot read IP mode file for STMicroelectronics.X-CUBE-NFC4.3.0.0
2025-11-29 16:08:30,269 [INFO] WebApp:463 - Apply proxy settings
2025-11-29 16:08:30,270 [INFO] WebApp:548 - Chromium requires no authentication
2025-11-29 16:08:30,301 [WARN] PackLoader:240 - Cannot read IP mode file for EmbeddedOffice.I-CUBE-FS-RTOS.1.0.1
2025-11-29 16:08:30,304 [INFO] WebApp:491 - Direct internet connection detected
2025-11-29 16:08:30,329 [WARN] PackLoader:240 - Cannot read IP mode file for STMicroelectronics.X-CUBE-WB05N.2.0.0
2025-11-29 16:08:30,335 [WARN] PackLoader:240 - Cannot read IP mode file for wolfSSL.I-CUBE-wolfTPM.3.8.0
2025-11-29 16:08:30,343 [INFO] WebApp:900 - Register for checkConnection events
2025-11-29 16:08:30,343 [INFO] WebApp:463 - Apply proxy settings
2025-11-29 16:08:30,343 [INFO] WebApp:548 - Chromium requires no authentication
2025-11-29 16:08:30,344 [INFO] WebApp:491 - Direct internet connection detected
2025-11-29 16:08:30,358 [WARN] PackLoader:240 - Cannot read IP mode file for STMicroelectronics.X-CUBE-TCPP.4.2.0
2025-11-29 16:08:30,379 [WARN] PackLoader:240 - Cannot read IP mode file for RealThread.X-CUBE-RT-Thread_Nano.4.1.1
2025-11-29 16:08:30,384 [WARN] PackLoader:240 - Cannot read IP mode file for STMicroelectronics.FP-ATR-SIGFOX1.3.2.0
2025-11-29 16:08:30,405 [WARN] PackLoader:240 - Cannot read IP mode file for ITTIA_DB.I-CUBE-ITTIADB.8.9.0
2025-11-29 16:08:30,425 [WARN] PackLoader:240 - Cannot read IP mode file for STMicroelectronics.X-CUBE-ST67W61.1.0.0
2025-11-29 16:08:30,443 [WARN] PackLoader:240 - Cannot read IP mode file for STMicroelectronics.X-CUBE-AI.10.2.0
2025-11-29 16:08:30,480 [WARN] PackLoader:240 - Cannot read IP mode file for SEGGER.I-CUBE-embOS.1.3.1
2025-11-29 16:08:30,518 [INFO] WebApp:191 - Connection restablished
2025-11-29 16:08:30,533 [WARN] PackLoader:240 - Cannot read IP mode file for STMicroelectronics.X-CUBE-ALGOBUILD.1.4.0
2025-11-29 16:08:30,578 [INFO] WebApp:225 - Starting web application
2025-11-29 16:08:30,578 [INFO] WebApp:593 - Web application path used C:\ST\STM32CubeIDE_1.19.0\STM32CubeIDE\plugins\com.st.stm32cube.common.mx_6.15.0.202507011659\db\plugins\mcufinder\reactClient1\index.html
2025-11-29 16:08:30,608 [WARN] PackLoader:240 - Cannot read IP mode file for STMicroelectronics.X-CUBE-MEMS1.11.3.0
2025-11-29 16:08:30,770 [WARN] PackLoader:240 - Cannot read IP mode file for STMicroelectronics.X-CUBE-PM33A1.1.0.0
2025-11-29 16:08:30,786 [INFO] UserAuth:487 - Internet connection configuration mode: 1
2025-11-29 16:08:30,805 [WARN] PackLoader:240 - Cannot read IP mode file for STMicroelectronics.X-CUBE-AZRTOS-F4.1.1.0
2025-11-29 16:08:30,811 [WARN] PackLoader:240 - Cannot read IP mode file for Avnet-IotConnect.X-CUBE-IoTC-DA16k-PMOD.1.0.0
2025-11-29 16:08:30,829 [WARN] PackLoader:240 - Cannot read IP mode file for STMicroelectronics.X-CUBE-ISPU.2.1.0
2025-11-29 16:08:30,871 [WARN] PackLoader:240 - Cannot read IP mode file for STMicroelectronics.X-CUBE-IPS.3.2.0
2025-11-29 16:08:30,900 [WARN] PackLoader:240 - Cannot read IP mode file for STMicroelectronics.X-CUBE-NFC12.1.0.0
2025-11-29 16:08:30,940 [WARN] PackLoader:240 - Cannot read IP mode file for STMicroelectronics.X-CUBE-AZRTOS-L5.2.0.0
2025-11-29 16:08:30,970 [WARN] PackLoader:240 - Cannot read IP mode file for STMicroelectronics.X-CUBE-NFC6.3.1.0
2025-11-29 16:08:30,998 [WARN] PackLoader:240 - Cannot read IP mode file for STMicroelectronics.X-CUBE-FREERTOS.1.3.1
2025-11-29 16:08:31,024 [WARN] PackLoader:240 - Cannot read IP mode file for STMicroelectronics.X-CUBE-TOUCHGFX.4.26.0
2025-11-29 16:08:31,043 [WARN] PackLoader:240 - Cannot read IP mode file for STMicroelectronics.FP-SNS-STAIOTCFT.1.0.0
2025-11-29 16:08:31,070 [WARN] PackLoader:240 - Cannot read IP mode file for STMicroelectronics.X-CUBE-DPower.1.3.0
2025-11-29 16:08:31,113 [WARN] ConditionMgr:438 - getConditionDescription Invalid condition id : LAN8742 Phy interface Condition cause : null
2025-11-29 16:08:31,113 [WARN] PackLoader:240 - Cannot read IP mode file for STMicroelectronics.X-CUBE-AZRTOS-L4.2.0.0
2025-11-29 16:08:31,114 [WARN] ConditionMgr:1044 - genDependencies : Invalid condition id : LAN8742 Phy interface Condition cause : null
2025-11-29 16:08:31,115 [WARN] ConditionMgr:1044 - genDependencies : Invalid condition id : LAN8742 Phy interface Condition cause : null
2025-11-29 16:08:31,115 [WARN] ConditionMgr:1044 - genDependencies : Invalid condition id : LAN8742 Phy interface Condition cause : null
2025-11-29 16:08:31,139 [WARN] PackLoader:240 - Cannot read IP mode file for STMicroelectronics.X-CUBE-SFXS2LP1.4.0.0
2025-11-29 16:08:31,164 [WARN] PackLoader:240 - Cannot read IP mode file for STMicroelectronics.X-CUBE-BLEMGR.4.1.0
2025-11-29 16:08:31,195 [WARN] ConditionMgr:438 - getConditionDescription Invalid condition id : UX DEVICE CLASS RTOS Condition cause : null
2025-11-29 16:08:31,195 [WARN] ConditionMgr:438 - getConditionDescription Invalid condition id : UX DEVICE CLASS RTOS Condition cause : null
2025-11-29 16:08:31,197 [WARN] PackLoader:240 - Cannot read IP mode file for STMicroelectronics.X-CUBE-AZRTOS-WB.2.0.0
2025-11-29 16:08:31,198 [WARN] ConditionMgr:1044 - genDependencies : Invalid condition id : UX DEVICE CLASS RTOS Condition cause : null
2025-11-29 16:08:31,198 [WARN] ConditionMgr:1044 - genDependencies : Invalid condition id : UX DEVICE CLASS RTOS Condition cause : null
2025-11-29 16:08:31,199 [WARN] ConditionMgr:1044 - genDependencies : Invalid condition id : UX DEVICE CLASS RTOS Condition cause : null
2025-11-29 16:08:31,199 [WARN] ConditionMgr:1044 - genDependencies : Invalid condition id : UX DEVICE CLASS RTOS Condition cause : null
2025-11-29 16:08:31,199 [WARN] ConditionMgr:1044 - genDependencies : Invalid condition id : UX DEVICE CLASS RTOS Condition cause : null
2025-11-29 16:08:31,220 [WARN] PackLoader:240 - Cannot read IP mode file for STMicroelectronics.X-CUBE-GNSS1.7.0.1
2025-11-29 16:08:31,237 [WARN] PackLoader:240 - Cannot read IP mode file for STMicroelectronics.X-CUBE-TOUCHGFX.4.25.0
2025-11-29 16:08:31,253 [WARN] ConditionMgr:438 - getConditionDescription Invalid condition id : Cortex-A Device cause : null
2025-11-29 16:08:31,261 [WARN] ConditionMgr:1044 - genDependencies : Invalid condition id : Cortex-A Device cause : null
2025-11-29 16:08:31,261 [WARN] ConditionMgr:1044 - genDependencies : Invalid condition id : Cortex-A Device cause : null
2025-11-29 16:08:31,262 [WARN] ConditionMgr:1044 - genDependencies : Invalid condition id : Cortex-A Device cause : null
2025-11-29 16:08:31,282 [WARN] PackLoader:240 - Cannot read IP mode file for STMicroelectronics.X-CUBE-SUBG2.5.0.0
2025-11-29 16:08:31,320 [WARN] PackLoader:240 - Cannot read IP mode file for STMicroelectronics.X-CUBE-AZRTOS-H7RS.1.1.0
2025-11-29 16:08:31,328 [WARN] PackLoader:240 - Cannot read IP mode file for Cesanta.I-CUBE-Mongoose.7.13.0
2025-11-29 16:08:31,359 [WARN] PackLoader:240 - Cannot read IP mode file for STMicroelectronics.X-CUBE-AZRTOS-G4.2.0.0
2025-11-29 16:08:31,378 [WARN] PackLoader:240 - Cannot read IP mode file for wolfSSL.I-CUBE-wolfSSH.1.4.20
2025-11-29 16:08:31,394 [WARN] PackLoader:240 - Cannot read IP mode file for STMicroelectronics.X-CUBE-NFC7.2.0.0
2025-11-29 16:08:31,421 [WARN] PackLoader:240 - Cannot read IP mode file for STMicroelectronics.X-CUBE-IPS.3.1.0
2025-11-29 16:08:31,444 [WARN] PackLoader:240 - Cannot read IP mode file for STMicroelectronics.X-CUBE-ALS.1.0.2
2025-11-29 16:08:31,470 [WARN] PackLoader:240 - Cannot read IP mode file for STMicroelectronics.X-CUBE-STSE01.1.0.0
2025-11-29 16:08:31,495 [WARN] PackLoader:240 - Cannot read IP mode file for portGmbH.I-Cube-SoM-uGOAL.1.1.0
2025-11-29 16:08:31,524 [WARN] PackLoader:240 - Cannot read IP mode file for STMicroelectronics.X-CUBE-TOF1.3.4.3
2025-11-29 16:08:31,534 [INFO] ThirdParty:978 - Integrity check success = true
2025-11-29 16:08:31,534 [INFO] IntegrityCheckThread:100 - exiting critical section [integrity check]
2025-11-29 16:08:31,534 [INFO] IntegrityCheckThread:103 - End integrity checks thread
2025-11-29 16:38:51,629 [INFO] McuFinderGlobals:63 - Set McuFinder mode to 2 (CubeIDE integrated)
2025-11-29 16:38:51,644 [INFO] MainUpdater:2872 - connection check result : 10
2025-11-29 16:38:51,646 [INFO] MainUpdater:2872 - connection check result : 10
2025-11-29 16:38:51,759 [INFO] MicroXplorer:468 - Change Database Path : 
2025-11-29 16:38:51,759 [INFO] MicroXplorer:498 - Change Database Version : DB.6.0.150
2025-11-29 16:38:51,763 [WARN] ThirdParty:871 - waiting for thirdparty lock release [close project]
2025-11-29 16:38:51,763 [INFO] ThirdParty:873 - entering critical section [close project]
2025-11-29 16:38:51,764 [INFO] ThirdParty:883 - exiting critical section [close project]
2025-11-29 16:38:51,767 [INFO] PinOutPanel:1589 - setPackage(No Configuration,No Configuration)
2025-11-29 16:38:51,769 [INFO] UtilMem:75 - Begin LoadConfig() Used Memory: 811597824 Bytes (1073741824)
2025-11-29 16:38:51,770 [INFO] MicroXplorer:468 - Change Database Path : 
2025-11-29 16:38:51,770 [INFO] MicroXplorer:498 - Change Database Version : DB.6.0.150
2025-11-29 16:38:51,772 [INFO] OpenFileManager:355 - Change cursor
2025-11-29 16:38:51,838 [INFO] Mcu:2029 - Initializing MCU STM32L476R(C-E-G)Tx STM32L476RGTx STM32L476RGT6
2025-11-29 16:38:53,821 [INFO] Context:786 - Trying to add GPIOservice into a context  which must be forbidden
2025-11-29 16:38:54,358 [INFO] ImportTextPane:234 - (OptionalMessage_ERROR) Pin8 (VP_RIF_VS_RIF1) cannot be retrieved for this MCU
2025-11-29 16:38:54,505 [INFO] RtosManager:558 - Registered RTOS mode: class=CMSIS, group=RTOS, mode=CMSIS_V1, owner=FREERTOS
2025-11-29 16:38:54,505 [INFO] RtosManager:558 - Registered RTOS mode: class=CMSIS, group=RTOS2, mode=CMSIS_V2, owner=FREERTOS
2025-11-29 16:38:54,505 [INFO] RtosManager:558 - Registered RTOS mode: class=RTOS, group=Core, mode=CMSIS_V1, owner=FREERTOS
2025-11-29 16:38:54,506 [INFO] RtosManager:558 - Registered RTOS mode: class=RTOS, group=Core, mode=CMSIS_V2, owner=FREERTOS
2025-11-29 16:38:54,506 [WARN] ModelIntegratedComponent:184 - Missing modes for component STMicroelectronics:FreeRTOS:0.0.1:STMicroelectronics:RTOS:FreeRTOS:Core:::10.2.0:
2025-11-29 16:38:54,525 [WARN] ModelIntegratedComponent:63 - No mode defined for component null
2025-11-29 16:38:54,525 [WARN] ModelIntegratedComponent:63 - No mode defined for component null
2025-11-29 16:38:54,525 [WARN] ModelIntegratedComponent:63 - No mode defined for component null
2025-11-29 16:38:54,525 [WARN] ModelIntegratedComponent:63 - No mode defined for component null
2025-11-29 16:38:54,525 [WARN] ModelIntegratedComponent:63 - No mode defined for component null
2025-11-29 16:38:54,525 [WARN] ModelIntegratedComponent:63 - No mode defined for component null
2025-11-29 16:38:54,525 [WARN] ModelIntegratedComponent:63 - No mode defined for component null
2025-11-29 16:38:54,525 [WARN] ModelIntegratedComponent:63 - No mode defined for component null
2025-11-29 16:38:54,525 [WARN] ModelIntegratedComponent:63 - No mode defined for component null
2025-11-29 16:38:54,525 [WARN] ModelIntegratedComponent:63 - No mode defined for component null
2025-11-29 16:38:54,525 [WARN] ModelIntegratedComponent:63 - No mode defined for component null
2025-11-29 16:38:54,525 [WARN] ModelIntegratedComponent:63 - No mode defined for component null
2025-11-29 16:38:54,525 [WARN] ModelIntegratedComponent:63 - No mode defined for component null
2025-11-29 16:38:54,525 [WARN] ModelIntegratedComponent:63 - No mode defined for component null
2025-11-29 16:38:54,525 [WARN] ModelIntegratedComponent:63 - No mode defined for component null
2025-11-29 16:38:54,526 [WARN] ModelIntegratedComponent:63 - No mode defined for component null
2025-11-29 16:38:54,526 [WARN] ModelIntegratedComponent:63 - No mode defined for component null
2025-11-29 16:38:54,526 [WARN] ModelIntegratedComponent:63 - No mode defined for component null
2025-11-29 16:38:54,526 [WARN] ModelIntegratedComponent:63 - No mode defined for component null
2025-11-29 16:38:54,526 [WARN] ModelIntegratedComponent:63 - No mode defined for component null
2025-11-29 16:38:54,526 [WARN] ModelIntegratedComponent:63 - No mode defined for component null
2025-11-29 16:38:54,526 [WARN] ModelIntegratedComponent:63 - No mode defined for component null
2025-11-29 16:38:54,526 [WARN] ModelIntegratedComponent:63 - No mode defined for component null
2025-11-29 16:38:54,526 [WARN] ModelIntegratedComponent:63 - No mode defined for component null
2025-11-29 16:38:54,526 [WARN] ModelIntegratedComponent:63 - No mode defined for component null
2025-11-29 16:38:54,526 [WARN] ModelIntegratedComponent:63 - No mode defined for component null
2025-11-29 16:38:54,526 [WARN] ModelIntegratedComponent:63 - No mode defined for component null
2025-11-29 16:38:54,526 [WARN] ModelIntegratedComponent:63 - No mode defined for component null
2025-11-29 16:38:54,526 [WARN] ModelIntegratedComponent:63 - No mode defined for component null
2025-11-29 16:38:54,526 [WARN] ModelIntegratedComponent:63 - No mode defined for component null
2025-11-29 16:38:54,526 [WARN] ModelIntegratedComponent:63 - No mode defined for component null
2025-11-29 16:38:54,526 [WARN] ModelIntegratedComponent:63 - No mode defined for component null
2025-11-29 16:38:54,526 [WARN] ModelIntegratedComponent:63 - No mode defined for component null
2025-11-29 16:38:54,526 [WARN] ModelIntegratedComponent:63 - No mode defined for component null
2025-11-29 16:38:54,526 [WARN] ModelIntegratedComponent:63 - No mode defined for component null
2025-11-29 16:38:54,526 [WARN] ModelPack:524 - Component already loaded: STMicroelectronics:HAL Drivers:0.0.0:STMicroelectronics:Device:STMicro_Driver:XSPI:HAL::0.0.1:HAL_XSPI
2025-11-29 16:38:54,614 [INFO] ThirdPartyModel:298 - Start build external matchings
2025-11-29 16:38:54,982 [INFO] ThirdPartyModel:316 - End build external matchings
2025-11-29 16:38:55,469 [INFO] ApiDb:581 - Connected to CubeFinder SQLite database (C:\Users\Thorin\.stmcufinder\plugins\mcufinder\mcu\cube-finder-db.db)
2025-11-29 16:38:55,556 [INFO] ApiDb:668 - CubeFinder database Data Model version=2.1
2025-11-29 16:38:55,556 [INFO] ApiDb:669 - CubeFinder database Configuration version=3.0.39
2025-11-29 16:38:55,557 [INFO] ApiDb:670 - CubeFinder database generation date=2025-11-05 (1762334721)
2025-11-29 16:38:55,557 [INFO] ApiDb:671 - CubeFinder database FW Pack versions=[FP-ATR-ASTRA1_V2.0.0, FP-SNS-FLIGHT1_V5.1.0, FP-SNS-MOTENV1_V5.1.0, FP-SNS-MOTENVWB1_V1.4.0, FP-SNS-SMARTAG2_V1.2.0, FP-SNS-STBOX1_V2.1.0, STM32Cube_FW_C0_V1.4.0, STM32Cube_FW_F4_V1.28.3, STM32Cube_FW_F7_V1.17.4, STM32Cube_FW_G0_V1.6.2, STM32Cube_FW_G4_V1.6.1, STM32Cube_FW_H5_V1.5.1, STM32Cube_FW_H7RS_V1.3.0, STM32Cube_FW_H7_V1.12.1, STM32Cube_FW_L0_V1.12.2, STM32Cube_FW_L4_V1.18.1, STM32Cube_FW_L5_V1.6.0, STM32Cube_FW_N6_V1.3.0, STM32Cube_FW_U0_V1.3.0, STM32Cube_FW_U3_V1.2.1, STM32Cube_FW_U5_V1.8.0, STM32Cube_FW_WB0_V1.4.0, STM32Cube_FW_WBA_V1.8.0, STM32Cube_FW_WB_V1.24.0, STM32Cube_FW_WL3_V1.3.0, STM32Cube_FW_WL_V1.4.0, X-CUBE-ALGOBUILD_V1.4.0, X-CUBE-ALS_V1.0.2, X-CUBE-AZRTOS-F4_V1.1.0, X-CUBE-AZRTOS-F7_V1.1.0, X-CUBE-AZRTOS-G0_V1.1.0, X-CUBE-AZRTOS-G4_V2.0.0, X-CUBE-AZRTOS-H7RS_V1.1.0, X-CUBE-AZRTOS-H7_V3.4.0, X-CUBE-AZRTOS-L4_V2.0.0, X-CUBE-AZRTOS-L5_V2.0.0, X-CUBE-AZRTOS-WB_V2.0.0, X-CUBE-AZRTOS-WL_V2.0.0, X-CUBE-BLE1_V7.1.0, X-CUBE-BLE2_V3.3.0, X-CUBE-BLEMGR_V4.1.0, X-CUBE-EEPRMA1_V5.2.0, X-CUBE-FREERTOS_V1.3.1, X-CUBE-GNSS1_V6.0.0, X-CUBE-MEMS1_V11.3.0, X-CUBE-NFC4_V3.0.0, X-CUBE-NFC7_V2.0.0, X-CUBE-SFXS2LP1_V4.0.0, X-CUBE-ST67W61_V1.1.0, X-CUBE-SUBG2_V5.0.0, X-CUBE-TOF1_V3.4.3]
2025-11-29 16:38:55,667 [INFO] DbBoardsSqlite:226 - include board P-NUCLEO-WB55-NUCLEO as a kit item of type 'Nucleo-64'
2025-11-29 16:38:55,668 [INFO] DbBoardsSqlite:226 - include board P-NUCLEO-WB55-USBDONGLE as a kit item of type 'Nucleo USB Dongle'
2025-11-29 16:38:55,668 [INFO] DbBoardsSqlite:226 - include board STEVAL-IDP005V1 as a kit item of type 'Evaluation Board'
2025-11-29 16:38:55,670 [INFO] DbBoardsSqlite:226 - include board STEVAL-IDP005V2 as a kit item of type 'Evaluation Board'
2025-11-29 16:38:56,127 [INFO] ApiDb:240 - Found 880 in-development CPN: [B-G473E-ZEST1S, B-WB1M-WPAN1, B-WBA5M-WPAN, B-WL5M-SUBG1, NUCLEO-C031C6, NUCLEO-C051C8, NUCLEO-C071RB, NUCLEO-C092RC, NUCLEO-H503RB, NUCLEO-H533RE, NUCLEO-H563ZI, NUCLEO-H7S3L8, NUCLEO-N657X0-Q, NUCLEO-U031R8, NUCLEO-U083RC, NUCLEO-U385RG-Q, NUCLEO-U545RE-Q, NUCLEO-U5A5ZJ-Q, NUCLEO-WB05KZ, NUCLEO-WB07CC, NUCLEO-WB09KE, NUCLEO-WBA52CG, NUCLEO-WBA55CG, NUCLEO-WL33CC1, NUCLEO-WL33CC2, STEVAL-PROTEUS1, STEVAL-SMARTAG2, STEVAL-STWINBX1, STM320518-EVAL, STM32C0116-DK, STM32C011D6Y3TR, STM32C011D6Y6TR, STM32C011F4P3, STM32C011F4P6, STM32C011F4U3, STM32C011F4U6TR, STM32C011F6P3, STM32C011F6P6, STM32C011F6U3, STM32C011F6U6TR, STM32C011J4M3, STM32C011J4M6, STM32C011J6M3, STM32C011J6M6, STM32C0316-DK, STM32C031C4T3, STM32C031C4T6, STM32C031C4U3, STM32C031C4U6, STM32C031C6T3, STM32C031C6T6, STM32C031C6U3, STM32C031C6U6, STM32C031F4P3, STM32C031F4P6, STM32C031F6P3, STM32C031F6P6, STM32C031G4U3, STM32C031G4U6, STM32C031G6U3, STM32C031G6U6, STM32C031K4T3, STM32C031K4T6, STM32C031K4U3, STM32C031K4U6, STM32C031K6T3, STM32C031K6T6, STM32C031K6U3, STM32C031K6U6, STM32C051C6T6, STM32C051C6U6, STM32C051C8T6, STM32C051C8U6, STM32C051D8Y6TR, STM32C051F6P6, STM32C051F8P6, STM32C051G6U6, STM32C051G8U6, STM32C051K6T6, STM32C051K6U6, STM32C051K8T6, STM32C071C8T6, STM32C071C8T6N, STM32C071C8U6, STM32C071C8U6N, STM32C071CBT6, STM32C071CBT6N, STM32C071CBU6, STM32C071CBU6N, STM32C071F8P6, STM32C071F8P6N, STM32C071FBP6, STM32C071FBP6N, STM32C071FBY6TR, STM32C071G8U6, STM32C071G8U6N, STM32C071GBU6, STM32C071GBU6N, STM32C071K8T6, STM32C071K8T6N, STM32C071K8U6, STM32C071K8U6N, STM32C071KBT6, STM32C071KBT6N, STM32C071KBU6, STM32C071KBU6N, STM32C071R8T6, STM32C071R8T6N, STM32C071RBI6N, STM32C071RBT6, STM32C071RBT6N, STM32C091CBT6, STM32C091CBU6, STM32C091CCT6, STM32C091CCU6, STM32C091ECY6TR, STM32C091FBP6, STM32C091FCP6, STM32C091GBU6, STM32C091GCU6, STM32C091KBT6, STM32C091KBU6, STM32C091KCT6, STM32C091KCU6, STM32C091RBT6, STM32C091RCI6, STM32C091RCT6, STM32C092CBT6, STM32C092CBU6, STM32C092CCT6, STM32C092CCU6, STM32C092ECY6TR, STM32C092FBP6, STM32C092FCP6, STM32C092GBU6, STM32C092GCU6, STM32C092KBT6, STM32C092KBU6, STM32C092KCT6, STM32C092KCU6, STM32C092RBT6, STM32C092RCI6, STM32C092RCT6, STM32G071K8TXN, STM32G071K8UXN, STM32G081GBU6N, STM32G081KBT6N, STM32G081KBUXN, STM32G0B1CCT6N, STM32G0B1KCT6, STM32G0B1NEY6TR, STM32G0B1RCT6N, STM32G0C1CCT6, STM32G0C1CCT6N, STM32G0C1CCU6N, STM32G0C1CET6N, STM32G0C1CEU6N, STM32G0C1KCT6, STM32G0C1NEY6TR, STM32G0C1RCI6N, STM32G0C1RCT6N, STM32G0C1REI6N, STM32G0C1RET6N, STM32G0C1VCI6, STM32G0C1VEI6, STM32G411C6T3, STM32G411C6T6, STM32G411C6U3, STM32G411C6U6, STM32G411C8T3, STM32G411C8T6, STM32G411C8U3, STM32G411C8U6, STM32G411CBT3, STM32G411CBT6, STM32G411CBU3, STM32G411CBU6, STM32G411K6T3, STM32G411K6T6, STM32G411K6U3, STM32G411K6U6, STM32G411K8T3, STM32G411K8T6, STM32G411K8U3, STM32G411K8U6, STM32G411KBT3, STM32G411KBT6, STM32G411KBU3, STM32G411KBU6, STM32G411M6T3, STM32G411M6T6, STM32G411M8T3, STM32G411M8T6, STM32G411MBT3, STM32G411MBT6, STM32G411R6T3, STM32G411R6T6, STM32G411R8T3, STM32G411R8T6, STM32G411RBT3, STM32G411RBT6, STM32G414CBT3, STM32G414CBT6, STM32G414CBU3, STM32G414CBU6, STM32G414CCT3, STM32G414CCT6, STM32G414CCU3, STM32G414CCU6, STM32G414MBT3, STM32G414MBT6, STM32G414MCT3, STM32G414MCT6, STM32G414RBT3, STM32G414RBT6, STM32G414RCT3, STM32G414RCT6, STM32G414VBT3, STM32G414VBT6, STM32G414VCT3, STM32G414VCT6, STM32G431CBT3Z, STM32G431RBT3Z, STM32G471CCT6, STM32G471CCU6, STM32G471CET3, STM32G471CET6, STM32G471CEU3, STM32G471CEU6, STM32G471MCT6, STM32G471MET3, STM32G471MET6, STM32G471MEY6TR, STM32G471QCT6, STM32G471QET3, STM32G471RCT6, STM32G471RET3, STM32G471RET6, STM32G471VCH6, STM32G471VCI6, STM32G471VCT6, STM32G471VEH3, STM32G471VEH6, STM32G471VEI3, STM32G471VEI6, STM32G471VET3, STM32G471VET6, STM32G473QET3Z, STM32G473RET3Z, STM32G474CCT6, STM32G491RET3Z, STM32H503CBT6, STM32H503CBU6, STM32H503EBY6TR, STM32H503KBU6, STM32H503RBT6, STM32H523CCT6, STM32H523CCU6, STM32H523CET6, STM32H523CEU6, STM32H523HEY6TR, STM32H523RCT6, STM32H523RET6, STM32H523VCI6, STM32H523VCT6, STM32H523VEI6, STM32H523VET6, STM32H523ZCJ6, STM32H523ZCT6, STM32H523ZEJ6, STM32H523ZET6, STM32H533CET6, STM32H533CEU6, STM32H533HEY6TR, STM32H533RET6, STM32H533VEI6, STM32H533VET6, STM32H533ZEJ6, STM32H533ZET6, STM32H562AGI6, STM32H562AII6, STM32H562IGK6, STM32H562IGT6, STM32H562IIK6, STM32H562IIT6, STM32H562RGT6, STM32H562RGV6, STM32H562RIT6, STM32H562RIV6, STM32H562VGT6, STM32H562VIT6, STM32H562ZGT6, STM32H562ZIT6, STM32H563AGI6, STM32H563AII3Q, STM32H563AII6, STM32H563IGK6, STM32H563IGT6, STM32H563IIK3Q, STM32H563IIK6, STM32H563IIT3Q, STM32H563IIT6, STM32H563MIY3QTR, STM32H563RGT6, STM32H563RGV6, STM32H563RIT6, STM32H563RIV6, STM32H563VGT6, STM32H563VIT3Q, STM32H563VIT6, STM32H563ZGT6, STM32H563ZIT3Q, STM32H563ZIT6, STM32H573AII3Q, STM32H573AII6, STM32H573I-DK, STM32H573IIK3Q, STM32H573IIK6, STM32H573IIT3Q, STM32H573IIT6, STM32H573MIY3QTR, STM32H573RIT6, STM32H573RIV6, STM32H573VIT3Q, STM32H573VIT6, STM32H573ZIT3Q, STM32H573ZIT6, STM32H7R3A8I6, STM32H7R3I8K6, STM32H7R3I8T6, STM32H7R3L8H6, STM32H7R3L8H6H, STM32H7R3R8V6, STM32H7R3V8H6, STM32H7R3V8T6, STM32H7R3V8Y6TR, STM32H7R3Z8J6, STM32H7R3Z8T6, STM32H7R7A8I6, STM32H7R7I8K6, STM32H7R7I8T6, STM32H7R7L8H6, STM32H7R7L8H6H, STM32H7R7Z8J6, STM32H7S3A8I6, STM32H7S3I8K6, STM32H7S3I8T6, STM32H7S3L8H6, STM32H7S3L8H6H, STM32H7S3R8V6, STM32H7S3V8H6, STM32H7S3V8T6, STM32H7S3V8Y6TR, STM32H7S3Z8J6, STM32H7S3Z8T6, STM32H7S78-DK, STM32H7S7A8I6, STM32H7S7I8K6, STM32H7S7I8T6, STM32H7S7L8H6, STM32H7S7L8H6H, STM32H7S7Z8J6, STM32L4R5QGI6STR, STM32MP131AAE3, STM32MP131AAF3, STM32MP131AAG3, STM32MP131CAE3, STM32MP131CAF3, STM32MP131CAG3, STM32MP131DAE7, STM32MP131DAF7, STM32MP131DAG7, STM32MP131FAE7, STM32MP131FAF7, STM32MP131FAG7, STM32MP133AAE3, STM32MP133AAF3, STM32MP133AAG3, STM32MP133CAE3, STM32MP133CAF3, STM32MP133CAG3, STM32MP133DAE7, STM32MP133DAF7, STM32MP133DAG7, STM32MP133FAE7, STM32MP133FAF7, STM32MP133FAG7, STM32MP135AAE3, STM32MP135AAF3, STM32MP135AAG3, STM32MP135CAE3, STM32MP135CAF3, STM32MP135CAG3, STM32MP135DAE7, STM32MP135DAF7, STM32MP135DAG7, STM32MP135F-DK, STM32MP135FAE7, STM32MP135FAF7, STM32MP135FAF7T, STM32MP135FAF7U, STM32MP135FAG7, STM32MP211AAL3, STM32MP211AAM3, STM32MP211AAN3, STM32MP211AAO3, STM32MP211CAL3, STM32MP211CAM3, STM32MP211CAN3, STM32MP211CAO3, STM32MP211DAL3, STM32MP211DAM3, STM32MP211DAN3, STM32MP211DAO3, STM32MP211FAL3, STM32MP211FAM3, STM32MP211FAN3, STM32MP211FAO3, STM32MP213AAL3, STM32MP213AAM3, STM32MP213AAN3, STM32MP213AAO3, STM32MP213CAL3, STM32MP213CAM3, STM32MP213CAN3, STM32MP213CAO3, STM32MP213DAL3, STM32MP213DAM3, STM32MP213DAN3, STM32MP213DAO3, STM32MP213FAL3, STM32MP213FAM3, STM32MP213FAN3, STM32MP213FAO3, STM32MP215AAL3, STM32MP215AAM3, STM32MP215AAN3, STM32MP215AAO3, STM32MP215CAL3, STM32MP215CAM3, STM32MP215CAN3, STM32MP215CAO3, STM32MP215DAL3, STM32MP215DAM3, STM32MP215DAN3, STM32MP215DAO3, STM32MP215F-DK, STM32MP215FAL3, STM32MP215FAM3, STM32MP215FAN3, STM32MP215FAO3, STM32MP231AAJ3, STM32MP231AAK3, STM32MP231AAL3, STM32MP231CAJ3, STM32MP231CAK3, STM32MP231CAL3, STM32MP231DAJ3, STM32MP231DAK3, STM32MP231DAL3, STM32MP231FAJ3, STM32MP231FAK3, STM32MP231FAL3, STM32MP233AAJ3, STM32MP233AAK3, STM32MP233AAL3, STM32MP233CAJ3, STM32MP233CAK3, STM32MP233CAL3, STM32MP233DAJ3, STM32MP233DAK3, STM32MP233DAL3, STM32MP233FAJ3, STM32MP233FAK3, STM32MP233FAL3, STM32MP235AAJ3, STM32MP235AAK3, STM32MP235AAL3, STM32MP235CAJ3, STM32MP235CAK3, STM32MP235CAL3, STM32MP235DAJ3, STM32MP235DAK3, STM32MP235DAL3, STM32MP235FAJ3, STM32MP235FAK3, STM32MP235FAL3, STM32MP251AAI3, STM32MP251AAK3, STM32MP251AAL3, STM32MP251CAI3, STM32MP251CAK3, STM32MP251CAL3, STM32MP251DAI3, STM32MP251DAK3, STM32MP251DAL3, STM32MP251FAI3, STM32MP251FAK3, STM32MP251FAL3, STM32MP253AAI3, STM32MP253AAK3, STM32MP253AAL3, STM32MP253CAI3, STM32MP253CAK3, STM32MP253CAL3, STM32MP253DAI3, STM32MP253DAK3, STM32MP253DAL3, STM32MP253FAI3, STM32MP253FAK3, STM32MP253FAL3, STM32MP255AAI3, STM32MP255AAK3, STM32MP255AAL3, STM32MP255CAI3, STM32MP255CAK3, STM32MP255CAL3, STM32MP255DAI3, STM32MP255DAK3, STM32MP255DAL3, STM32MP255FAI3, STM32MP255FAK3, STM32MP255FAL3, STM32MP257AAI3, STM32MP257AAK3, STM32MP257AAL3, STM32MP257CAI3, STM32MP257CAK3, STM32MP257CAL3, STM32MP257DAI3, STM32MP257DAK3, STM32MP257DAL3, STM32MP257F-DK, STM32MP257F-EV1, STM32MP257FAI3, STM32MP257FAK3, STM32MP257FAL3, STM32N645A0H3Q, STM32N645B0H3Q, STM32N645I0H3Q, STM32N645L0H3Q, STM32N645X0H3Q, STM32N645Z0H3Q, STM32N647A0H3Q, STM32N647B0H3Q, STM32N647I0H3Q, STM32N647L0H3Q, STM32N647X0H3Q, STM32N647Z0H3Q, STM32N655A0H3Q, STM32N655B0H3Q, STM32N655I0H3Q, STM32N655L0H3Q, STM32N655X0H3Q, STM32N655Z0H3Q, STM32N6570-DK, STM32N657A0H3Q, STM32N657B0H3Q, STM32N657I0H3Q, STM32N657L0H3Q, STM32N657X0H3Q, STM32N657Z0H3Q, STM32U031C6T6, STM32U031C6U6, STM32U031C8T6, STM32U031C8U6, STM32U031F4P6, STM32U031F6P6, STM32U031F8P6, STM32U031G6Y6TR, STM32U031G8Y6TR, STM32U031K4U6, STM32U031K6U6, STM32U031K8U6, STM32U031R6I6, STM32U031R6T6, STM32U031R8I6, STM32U031R8T6, STM32U073C8T6, STM32U073C8U6, STM32U073CBT6, STM32U073CBU6, STM32U073CCT6, STM32U073CCU6, STM32U073H8Y6TR, STM32U073HBY6TR, STM32U073HCY6TR, STM32U073K8U6, STM32U073KBU6, STM32U073KCU6, STM32U073M8I6, STM32U073M8T6, STM32U073MBI6, STM32U073MBT6, STM32U073MCI6, STM32U073MCT6, STM32U073R8I6, STM32U073R8T6, STM32U073RBI6, STM32U073RBT6, STM32U073RCI6, STM32U073RCT6, STM32U083C-DK, STM32U083CCT6, STM32U083CCU6, STM32U083HCY6TR, STM32U083KCU6, STM32U083MCI6, STM32U083MCT6, STM32U083RCI6, STM32U083RCT6, STM32U375CET6, STM32U375CET6Q, STM32U375CEU6, STM32U375CEU6Q, STM32U375CEY6QTR, STM32U375CGT6, STM32U375CGT6Q, STM32U375CGU6, STM32U375CGU6Q, STM32U375CGY6QTR, STM32U375KEU6, STM32U375KGU6, STM32U375REI6, STM32U375REI6Q, STM32U375RET6, STM32U375RET6Q, STM32U375REY6GTR, STM32U375REY6QTR, STM32U375RGI6, STM32U375RGI6Q, STM32U375RGT6, STM32U375RGT6Q, STM32U375RGY6GTR, STM32U375RGY6QTR, STM32U375VEI6, STM32U375VEI6Q, STM32U375VET6, STM32U375VET6Q, STM32U375VGI6, STM32U375VGI6Q, STM32U375VGT6, STM32U375VGT6Q, STM32U385CGT6, STM32U385CGT6Q, STM32U385CGU6, STM32U385CGU6Q, STM32U385CGY6QTR, STM32U385KGU6, STM32U385RGI6, STM32U385RGI6Q, STM32U385RGT6, STM32U385RGT6Q, STM32U385RGY6GTR, STM32U385RGY6QTR, STM32U385VGI6, STM32U385VGI6Q, STM32U385VGT6, STM32U385VGT6Q, STM32U535CBT6, STM32U535CBT6Q, STM32U535CBU6, STM32U535CBU6Q, STM32U535CCT6, STM32U535CCT6Q, STM32U535CCU6, STM32U535CCU6Q, STM32U535CET6, STM32U535CET6Q, STM32U535CEU6, STM32U535CEU6Q, STM32U535JEY6QTR, STM32U535NCY6QTR, STM32U535NEY6QTR, STM32U535RBI6, STM32U535RBI6Q, STM32U535RBT6, STM32U535RBT6Q, STM32U535RCI6, STM32U535RCI6Q, STM32U535RCT6, STM32U535RCT6Q, STM32U535REI6, STM32U535REI6Q, STM32U535RET6, STM32U535RET6Q, STM32U535VCI6, STM32U535VCI6Q, STM32U535VCT6, STM32U535VCT6Q, STM32U535VEI6, STM32U535VEI6Q, STM32U535VET6, STM32U535VET6Q, STM32U545CET6, STM32U545CET6Q, STM32U545CEU6, STM32U545CEU6Q, STM32U545JEY6QTR, STM32U545NEY6QTR, STM32U545REI6, STM32U545REI6Q, STM32U545RET6, STM32U545RET6Q, STM32U545VEI6, STM32U545VEI6Q, STM32U545VET6, STM32U545VET6Q, STM32U595AIH6, STM32U595AIH6Q, STM32U595AJH6, STM32U595AJH6Q, STM32U595QII6, STM32U595QII6Q, STM32U595QJI6, STM32U595QJI6Q, STM32U595RIT6, STM32U595RIT6Q, STM32U595RJT6, STM32U595RJT6Q, STM32U595VIT6, STM32U595VIT6Q, STM32U595VJT6, STM32U595VJT6Q, STM32U595ZIT6, STM32U595ZIT6Q, STM32U595ZIY6QTR, STM32U595ZJT6, STM32U595ZJT6Q, STM32U595ZJY6QTR, STM32U599BJY6QTR, STM32U599NIH6Q, STM32U599NJH6Q, STM32U599VIT6Q, STM32U599VJT6, STM32U599VJT6Q, STM32U599ZIT6Q, STM32U599ZIY6QTR, STM32U599ZJT6Q, STM32U599ZJY6QTR, STM32U5A5AJH6, STM32U5A5AJH6Q, STM32U5A5QII3Q , STM32U5A5QJI6, STM32U5A5QJI6Q, STM32U5A5RJT6, STM32U5A5RJT6Q, STM32U5A5VJT6, STM32U5A5VJT6Q, STM32U5A5ZJT6, STM32U5A5ZJT6Q, STM32U5A5ZJY6QTR, STM32U5A9BJY6QTR, STM32U5A9J-DK, STM32U5A9NJH6Q, STM32U5A9VJT6Q, STM32U5A9ZJT6Q, STM32U5A9ZJY6QTR, STM32U5F7VIT6, STM32U5F7VIT6Q, STM32U5F7VJT6, STM32U5F7VJT6Q, STM32U5F9BJY6QTR, STM32U5F9NJH6Q, STM32U5F9VIT6Q, STM32U5F9VJT6Q, STM32U5F9ZIJ6QTR, STM32U5F9ZIT6Q, STM32U5F9ZJJ6QTR, STM32U5F9ZJT6Q, STM32U5G7VJT6, STM32U5G7VJT6Q, STM32U5G9BJY6QTR, STM32U5G9J-DK1, STM32U5G9J-DK2, STM32U5G9NJH6Q, STM32U5G9VJT6Q, STM32U5G9ZJJ6QTR, STM32U5G9ZJT6Q, STM32WB05KZV6TR, STM32WB05KZV7TR, STM32WB05TZF6TR, STM32WB05TZF7TR, STM32WB06CCF6TR, STM32WB06CCF7TR, STM32WB06CCV6TR, STM32WB06CCV7TR, STM32WB06KCV6TR, STM32WB06KCV7TR, STM32WB07CCF6TR, STM32WB07CCF7TR, STM32WB07CCV6TR, STM32WB07CCV7TR, STM32WB07KCV6TR, STM32WB07KCV7TR, STM32WB09KEV6TR, STM32WB09KEV7TR, STM32WB09TEF6TR, STM32WB09TEF7TR, STM32WB1MMCH6, STM32WBA50KGU6, STM32WBA50KGU6TR, STM32WBA52CEU6, STM32WBA52CEU6TR, STM32WBA52CEU7, STM32WBA52CEU7TR, STM32WBA52CGU6, STM32WBA52CGU6TR, STM32WBA52CGU6U, STM32WBA52CGU7, STM32WBA52CGU7TR, STM32WBA52KEU6, STM32WBA52KEU6TR, STM32WBA52KGU6, STM32WBA52KGU6TR, STM32WBA54CEU6, STM32WBA54CEU6TR, STM32WBA54CEU7, STM32WBA54CEU7TR, STM32WBA54CGU6, STM32WBA54CGU6TR, STM32WBA54CGU7, STM32WBA54CGU7TR, STM32WBA54KEU6, STM32WBA54KEU6TR, STM32WBA54KEU7, STM32WBA54KEU7TR, STM32WBA54KGU6, STM32WBA54KGU6TR, STM32WBA54KGU7, STM32WBA54KGU7TR, STM32WBA55CEU6, STM32WBA55CEU6TR, STM32WBA55CEU7, STM32WBA55CEU7TR, STM32WBA55CGU6, STM32WBA55CGU6TR, STM32WBA55CGU6U, STM32WBA55CGU7, STM32WBA55CGU7TR, STM32WBA55G-DK1, STM32WBA55HEF6, STM32WBA55HEF7, STM32WBA55HGF6, STM32WBA55HGF7, STM32WBA55UEI6, STM32WBA55UEI6TR, STM32WBA55UEI7, STM32WBA55UEI7TR, STM32WBA55UGI6, STM32WBA55UGI6TR, STM32WBA55UGI7, STM32WBA55UGI7TR, STM32WBA5MMGH6TR, STM32WBA62MGF6, STM32WBA62MIF6, STM32WBA65MGF7, STM32WBA65MIF6, STM32WBA65MIF7, STM32WL30K8V6, STM32WL30KBV6, STM32WL31C8V6, STM32WL31CBV6, STM32WL31K8V6, STM32WL31KBV6, STM32WL33C8V6, STM32WL33C8V6X, STM32WL33CBV6, STM32WL33CBV6X, STM32WL33CCV6, STM32WL33CCV6A, STM32WL33CCV6X, STM32WL33K8V7, STM32WL33K8V7X, STM32WL33KBV7 , STM32WL33KBV7X, STM32WL33KCV7, STM32WL33KCV7X, STM32WL5MOCH6, STM32WL5MOCH6TR]
2025-11-29 16:38:56,132 [INFO] ApiDb:668 - CubeFinder database Data Model version=2.1
2025-11-29 16:38:56,132 [INFO] ApiDb:669 - CubeFinder database Configuration version=3.0.39
2025-11-29 16:38:56,132 [INFO] ApiDb:670 - CubeFinder database generation date=2025-11-05 (1762334721)
2025-11-29 16:38:56,132 [INFO] ApiDb:671 - CubeFinder database FW Pack versions=[FP-ATR-ASTRA1_V2.0.0, FP-SNS-FLIGHT1_V5.1.0, FP-SNS-MOTENV1_V5.1.0, FP-SNS-MOTENVWB1_V1.4.0, FP-SNS-SMARTAG2_V1.2.0, FP-SNS-STBOX1_V2.1.0, STM32Cube_FW_C0_V1.4.0, STM32Cube_FW_F4_V1.28.3, STM32Cube_FW_F7_V1.17.4, STM32Cube_FW_G0_V1.6.2, STM32Cube_FW_G4_V1.6.1, STM32Cube_FW_H5_V1.5.1, STM32Cube_FW_H7RS_V1.3.0, STM32Cube_FW_H7_V1.12.1, STM32Cube_FW_L0_V1.12.2, STM32Cube_FW_L4_V1.18.1, STM32Cube_FW_L5_V1.6.0, STM32Cube_FW_N6_V1.3.0, STM32Cube_FW_U0_V1.3.0, STM32Cube_FW_U3_V1.2.1, STM32Cube_FW_U5_V1.8.0, STM32Cube_FW_WB0_V1.4.0, STM32Cube_FW_WBA_V1.8.0, STM32Cube_FW_WB_V1.24.0, STM32Cube_FW_WL3_V1.3.0, STM32Cube_FW_WL_V1.4.0, X-CUBE-ALGOBUILD_V1.4.0, X-CUBE-ALS_V1.0.2, X-CUBE-AZRTOS-F4_V1.1.0, X-CUBE-AZRTOS-F7_V1.1.0, X-CUBE-AZRTOS-G0_V1.1.0, X-CUBE-AZRTOS-G4_V2.0.0, X-CUBE-AZRTOS-H7RS_V1.1.0, X-CUBE-AZRTOS-H7_V3.4.0, X-CUBE-AZRTOS-L4_V2.0.0, X-CUBE-AZRTOS-L5_V2.0.0, X-CUBE-AZRTOS-WB_V2.0.0, X-CUBE-AZRTOS-WL_V2.0.0, X-CUBE-BLE1_V7.1.0, X-CUBE-BLE2_V3.3.0, X-CUBE-BLEMGR_V4.1.0, X-CUBE-EEPRMA1_V5.2.0, X-CUBE-FREERTOS_V1.3.1, X-CUBE-GNSS1_V6.0.0, X-CUBE-MEMS1_V11.3.0, X-CUBE-NFC4_V3.0.0, X-CUBE-NFC7_V2.0.0, X-CUBE-SFXS2LP1_V4.0.0, X-CUBE-ST67W61_V1.1.0, X-CUBE-SUBG2_V5.0.0, X-CUBE-TOF1_V3.4.3]
2025-11-29 16:38:57,672 [INFO] ApiDb:240 - Found 880 in-development CPN: [B-G473E-ZEST1S, B-WB1M-WPAN1, B-WBA5M-WPAN, B-WL5M-SUBG1, NUCLEO-C031C6, NUCLEO-C051C8, NUCLEO-C071RB, NUCLEO-C092RC, NUCLEO-H503RB, NUCLEO-H533RE, NUCLEO-H563ZI, NUCLEO-H7S3L8, NUCLEO-N657X0-Q, NUCLEO-U031R8, NUCLEO-U083RC, NUCLEO-U385RG-Q, NUCLEO-U545RE-Q, NUCLEO-U5A5ZJ-Q, NUCLEO-WB05KZ, NUCLEO-WB07CC, NUCLEO-WB09KE, NUCLEO-WBA52CG, NUCLEO-WBA55CG, NUCLEO-WL33CC1, NUCLEO-WL33CC2, STEVAL-PROTEUS1, STEVAL-SMARTAG2, STEVAL-STWINBX1, STM320518-EVAL, STM32C0116-DK, STM32C011D6Y3TR, STM32C011D6Y6TR, STM32C011F4P3, STM32C011F4P6, STM32C011F4U3, STM32C011F4U6TR, STM32C011F6P3, STM32C011F6P6, STM32C011F6U3, STM32C011F6U6TR, STM32C011J4M3, STM32C011J4M6, STM32C011J6M3, STM32C011J6M6, STM32C0316-DK, STM32C031C4T3, STM32C031C4T6, STM32C031C4U3, STM32C031C4U6, STM32C031C6T3, STM32C031C6T6, STM32C031C6U3, STM32C031C6U6, STM32C031F4P3, STM32C031F4P6, STM32C031F6P3, STM32C031F6P6, STM32C031G4U3, STM32C031G4U6, STM32C031G6U3, STM32C031G6U6, STM32C031K4T3, STM32C031K4T6, STM32C031K4U3, STM32C031K4U6, STM32C031K6T3, STM32C031K6T6, STM32C031K6U3, STM32C031K6U6, STM32C051C6T6, STM32C051C6U6, STM32C051C8T6, STM32C051C8U6, STM32C051D8Y6TR, STM32C051F6P6, STM32C051F8P6, STM32C051G6U6, STM32C051G8U6, STM32C051K6T6, STM32C051K6U6, STM32C051K8T6, STM32C071C8T6, STM32C071C8T6N, STM32C071C8U6, STM32C071C8U6N, STM32C071CBT6, STM32C071CBT6N, STM32C071CBU6, STM32C071CBU6N, STM32C071F8P6, STM32C071F8P6N, STM32C071FBP6, STM32C071FBP6N, STM32C071FBY6TR, STM32C071G8U6, STM32C071G8U6N, STM32C071GBU6, STM32C071GBU6N, STM32C071K8T6, STM32C071K8T6N, STM32C071K8U6, STM32C071K8U6N, STM32C071KBT6, STM32C071KBT6N, STM32C071KBU6, STM32C071KBU6N, STM32C071R8T6, STM32C071R8T6N, STM32C071RBI6N, STM32C071RBT6, STM32C071RBT6N, STM32C091CBT6, STM32C091CBU6, STM32C091CCT6, STM32C091CCU6, STM32C091ECY6TR, STM32C091FBP6, STM32C091FCP6, STM32C091GBU6, STM32C091GCU6, STM32C091KBT6, STM32C091KBU6, STM32C091KCT6, STM32C091KCU6, STM32C091RBT6, STM32C091RCI6, STM32C091RCT6, STM32C092CBT6, STM32C092CBU6, STM32C092CCT6, STM32C092CCU6, STM32C092ECY6TR, STM32C092FBP6, STM32C092FCP6, STM32C092GBU6, STM32C092GCU6, STM32C092KBT6, STM32C092KBU6, STM32C092KCT6, STM32C092KCU6, STM32C092RBT6, STM32C092RCI6, STM32C092RCT6, STM32G071K8TXN, STM32G071K8UXN, STM32G081GBU6N, STM32G081KBT6N, STM32G081KBUXN, STM32G0B1CCT6N, STM32G0B1KCT6, STM32G0B1NEY6TR, STM32G0B1RCT6N, STM32G0C1CCT6, STM32G0C1CCT6N, STM32G0C1CCU6N, STM32G0C1CET6N, STM32G0C1CEU6N, STM32G0C1KCT6, STM32G0C1NEY6TR, STM32G0C1RCI6N, STM32G0C1RCT6N, STM32G0C1REI6N, STM32G0C1RET6N, STM32G0C1VCI6, STM32G0C1VEI6, STM32G411C6T3, STM32G411C6T6, STM32G411C6U3, STM32G411C6U6, STM32G411C8T3, STM32G411C8T6, STM32G411C8U3, STM32G411C8U6, STM32G411CBT3, STM32G411CBT6, STM32G411CBU3, STM32G411CBU6, STM32G411K6T3, STM32G411K6T6, STM32G411K6U3, STM32G411K6U6, STM32G411K8T3, STM32G411K8T6, STM32G411K8U3, STM32G411K8U6, STM32G411KBT3, STM32G411KBT6, STM32G411KBU3, STM32G411KBU6, STM32G411M6T3, STM32G411M6T6, STM32G411M8T3, STM32G411M8T6, STM32G411MBT3, STM32G411MBT6, STM32G411R6T3, STM32G411R6T6, STM32G411R8T3, STM32G411R8T6, STM32G411RBT3, STM32G411RBT6, STM32G414CBT3, STM32G414CBT6, STM32G414CBU3, STM32G414CBU6, STM32G414CCT3, STM32G414CCT6, STM32G414CCU3, STM32G414CCU6, STM32G414MBT3, STM32G414MBT6, STM32G414MCT3, STM32G414MCT6, STM32G414RBT3, STM32G414RBT6, STM32G414RCT3, STM32G414RCT6, STM32G414VBT3, STM32G414VBT6, STM32G414VCT3, STM32G414VCT6, STM32G431CBT3Z, STM32G431RBT3Z, STM32G471CCT6, STM32G471CCU6, STM32G471CET3, STM32G471CET6, STM32G471CEU3, STM32G471CEU6, STM32G471MCT6, STM32G471MET3, STM32G471MET6, STM32G471MEY6TR, STM32G471QCT6, STM32G471QET3, STM32G471RCT6, STM32G471RET3, STM32G471RET6, STM32G471VCH6, STM32G471VCI6, STM32G471VCT6, STM32G471VEH3, STM32G471VEH6, STM32G471VEI3, STM32G471VEI6, STM32G471VET3, STM32G471VET6, STM32G473QET3Z, STM32G473RET3Z, STM32G474CCT6, STM32G491RET3Z, STM32H503CBT6, STM32H503CBU6, STM32H503EBY6TR, STM32H503KBU6, STM32H503RBT6, STM32H523CCT6, STM32H523CCU6, STM32H523CET6, STM32H523CEU6, STM32H523HEY6TR, STM32H523RCT6, STM32H523RET6, STM32H523VCI6, STM32H523VCT6, STM32H523VEI6, STM32H523VET6, STM32H523ZCJ6, STM32H523ZCT6, STM32H523ZEJ6, STM32H523ZET6, STM32H533CET6, STM32H533CEU6, STM32H533HEY6TR, STM32H533RET6, STM32H533VEI6, STM32H533VET6, STM32H533ZEJ6, STM32H533ZET6, STM32H562AGI6, STM32H562AII6, STM32H562IGK6, STM32H562IGT6, STM32H562IIK6, STM32H562IIT6, STM32H562RGT6, STM32H562RGV6, STM32H562RIT6, STM32H562RIV6, STM32H562VGT6, STM32H562VIT6, STM32H562ZGT6, STM32H562ZIT6, STM32H563AGI6, STM32H563AII3Q, STM32H563AII6, STM32H563IGK6, STM32H563IGT6, STM32H563IIK3Q, STM32H563IIK6, STM32H563IIT3Q, STM32H563IIT6, STM32H563MIY3QTR, STM32H563RGT6, STM32H563RGV6, STM32H563RIT6, STM32H563RIV6, STM32H563VGT6, STM32H563VIT3Q, STM32H563VIT6, STM32H563ZGT6, STM32H563ZIT3Q, STM32H563ZIT6, STM32H573AII3Q, STM32H573AII6, STM32H573I-DK, STM32H573IIK3Q, STM32H573IIK6, STM32H573IIT3Q, STM32H573IIT6, STM32H573MIY3QTR, STM32H573RIT6, STM32H573RIV6, STM32H573VIT3Q, STM32H573VIT6, STM32H573ZIT3Q, STM32H573ZIT6, STM32H7R3A8I6, STM32H7R3I8K6, STM32H7R3I8T6, STM32H7R3L8H6, STM32H7R3L8H6H, STM32H7R3R8V6, STM32H7R3V8H6, STM32H7R3V8T6, STM32H7R3V8Y6TR, STM32H7R3Z8J6, STM32H7R3Z8T6, STM32H7R7A8I6, STM32H7R7I8K6, STM32H7R7I8T6, STM32H7R7L8H6, STM32H7R7L8H6H, STM32H7R7Z8J6, STM32H7S3A8I6, STM32H7S3I8K6, STM32H7S3I8T6, STM32H7S3L8H6, STM32H7S3L8H6H, STM32H7S3R8V6, STM32H7S3V8H6, STM32H7S3V8T6, STM32H7S3V8Y6TR, STM32H7S3Z8J6, STM32H7S3Z8T6, STM32H7S78-DK, STM32H7S7A8I6, STM32H7S7I8K6, STM32H7S7I8T6, STM32H7S7L8H6, STM32H7S7L8H6H, STM32H7S7Z8J6, STM32L4R5QGI6STR, STM32MP131AAE3, STM32MP131AAF3, STM32MP131AAG3, STM32MP131CAE3, STM32MP131CAF3, STM32MP131CAG3, STM32MP131DAE7, STM32MP131DAF7, STM32MP131DAG7, STM32MP131FAE7, STM32MP131FAF7, STM32MP131FAG7, STM32MP133AAE3, STM32MP133AAF3, STM32MP133AAG3, STM32MP133CAE3, STM32MP133CAF3, STM32MP133CAG3, STM32MP133DAE7, STM32MP133DAF7, STM32MP133DAG7, STM32MP133FAE7, STM32MP133FAF7, STM32MP133FAG7, STM32MP135AAE3, STM32MP135AAF3, STM32MP135AAG3, STM32MP135CAE3, STM32MP135CAF3, STM32MP135CAG3, STM32MP135DAE7, STM32MP135DAF7, STM32MP135DAG7, STM32MP135F-DK, STM32MP135FAE7, STM32MP135FAF7, STM32MP135FAF7T, STM32MP135FAF7U, STM32MP135FAG7, STM32MP211AAL3, STM32MP211AAM3, STM32MP211AAN3, STM32MP211AAO3, STM32MP211CAL3, STM32MP211CAM3, STM32MP211CAN3, STM32MP211CAO3, STM32MP211DAL3, STM32MP211DAM3, STM32MP211DAN3, STM32MP211DAO3, STM32MP211FAL3, STM32MP211FAM3, STM32MP211FAN3, STM32MP211FAO3, STM32MP213AAL3, STM32MP213AAM3, STM32MP213AAN3, STM32MP213AAO3, STM32MP213CAL3, STM32MP213CAM3, STM32MP213CAN3, STM32MP213CAO3, STM32MP213DAL3, STM32MP213DAM3, STM32MP213DAN3, STM32MP213DAO3, STM32MP213FAL3, STM32MP213FAM3, STM32MP213FAN3, STM32MP213FAO3, STM32MP215AAL3, STM32MP215AAM3, STM32MP215AAN3, STM32MP215AAO3, STM32MP215CAL3, STM32MP215CAM3, STM32MP215CAN3, STM32MP215CAO3, STM32MP215DAL3, STM32MP215DAM3, STM32MP215DAN3, STM32MP215DAO3, STM32MP215F-DK, STM32MP215FAL3, STM32MP215FAM3, STM32MP215FAN3, STM32MP215FAO3, STM32MP231AAJ3, STM32MP231AAK3, STM32MP231AAL3, STM32MP231CAJ3, STM32MP231CAK3, STM32MP231CAL3, STM32MP231DAJ3, STM32MP231DAK3, STM32MP231DAL3, STM32MP231FAJ3, STM32MP231FAK3, STM32MP231FAL3, STM32MP233AAJ3, STM32MP233AAK3, STM32MP233AAL3, STM32MP233CAJ3, STM32MP233CAK3, STM32MP233CAL3, STM32MP233DAJ3, STM32MP233DAK3, STM32MP233DAL3, STM32MP233FAJ3, STM32MP233FAK3, STM32MP233FAL3, STM32MP235AAJ3, STM32MP235AAK3, STM32MP235AAL3, STM32MP235CAJ3, STM32MP235CAK3, STM32MP235CAL3, STM32MP235DAJ3, STM32MP235DAK3, STM32MP235DAL3, STM32MP235FAJ3, STM32MP235FAK3, STM32MP235FAL3, STM32MP251AAI3, STM32MP251AAK3, STM32MP251AAL3, STM32MP251CAI3, STM32MP251CAK3, STM32MP251CAL3, STM32MP251DAI3, STM32MP251DAK3, STM32MP251DAL3, STM32MP251FAI3, STM32MP251FAK3, STM32MP251FAL3, STM32MP253AAI3, STM32MP253AAK3, STM32MP253AAL3, STM32MP253CAI3, STM32MP253CAK3, STM32MP253CAL3, STM32MP253DAI3, STM32MP253DAK3, STM32MP253DAL3, STM32MP253FAI3, STM32MP253FAK3, STM32MP253FAL3, STM32MP255AAI3, STM32MP255AAK3, STM32MP255AAL3, STM32MP255CAI3, STM32MP255CAK3, STM32MP255CAL3, STM32MP255DAI3, STM32MP255DAK3, STM32MP255DAL3, STM32MP255FAI3, STM32MP255FAK3, STM32MP255FAL3, STM32MP257AAI3, STM32MP257AAK3, STM32MP257AAL3, STM32MP257CAI3, STM32MP257CAK3, STM32MP257CAL3, STM32MP257DAI3, STM32MP257DAK3, STM32MP257DAL3, STM32MP257F-DK, STM32MP257F-EV1, STM32MP257FAI3, STM32MP257FAK3, STM32MP257FAL3, STM32N645A0H3Q, STM32N645B0H3Q, STM32N645I0H3Q, STM32N645L0H3Q, STM32N645X0H3Q, STM32N645Z0H3Q, STM32N647A0H3Q, STM32N647B0H3Q, STM32N647I0H3Q, STM32N647L0H3Q, STM32N647X0H3Q, STM32N647Z0H3Q, STM32N655A0H3Q, STM32N655B0H3Q, STM32N655I0H3Q, STM32N655L0H3Q, STM32N655X0H3Q, STM32N655Z0H3Q, STM32N6570-DK, STM32N657A0H3Q, STM32N657B0H3Q, STM32N657I0H3Q, STM32N657L0H3Q, STM32N657X0H3Q, STM32N657Z0H3Q, STM32U031C6T6, STM32U031C6U6, STM32U031C8T6, STM32U031C8U6, STM32U031F4P6, STM32U031F6P6, STM32U031F8P6, STM32U031G6Y6TR, STM32U031G8Y6TR, STM32U031K4U6, STM32U031K6U6, STM32U031K8U6, STM32U031R6I6, STM32U031R6T6, STM32U031R8I6, STM32U031R8T6, STM32U073C8T6, STM32U073C8U6, STM32U073CBT6, STM32U073CBU6, STM32U073CCT6, STM32U073CCU6, STM32U073H8Y6TR, STM32U073HBY6TR, STM32U073HCY6TR, STM32U073K8U6, STM32U073KBU6, STM32U073KCU6, STM32U073M8I6, STM32U073M8T6, STM32U073MBI6, STM32U073MBT6, STM32U073MCI6, STM32U073MCT6, STM32U073R8I6, STM32U073R8T6, STM32U073RBI6, STM32U073RBT6, STM32U073RCI6, STM32U073RCT6, STM32U083C-DK, STM32U083CCT6, STM32U083CCU6, STM32U083HCY6TR, STM32U083KCU6, STM32U083MCI6, STM32U083MCT6, STM32U083RCI6, STM32U083RCT6, STM32U375CET6, STM32U375CET6Q, STM32U375CEU6, STM32U375CEU6Q, STM32U375CEY6QTR, STM32U375CGT6, STM32U375CGT6Q, STM32U375CGU6, STM32U375CGU6Q, STM32U375CGY6QTR, STM32U375KEU6, STM32U375KGU6, STM32U375REI6, STM32U375REI6Q, STM32U375RET6, STM32U375RET6Q, STM32U375REY6GTR, STM32U375REY6QTR, STM32U375RGI6, STM32U375RGI6Q, STM32U375RGT6, STM32U375RGT6Q, STM32U375RGY6GTR, STM32U375RGY6QTR, STM32U375VEI6, STM32U375VEI6Q, STM32U375VET6, STM32U375VET6Q, STM32U375VGI6, STM32U375VGI6Q, STM32U375VGT6, STM32U375VGT6Q, STM32U385CGT6, STM32U385CGT6Q, STM32U385CGU6, STM32U385CGU6Q, STM32U385CGY6QTR, STM32U385KGU6, STM32U385RGI6, STM32U385RGI6Q, STM32U385RGT6, STM32U385RGT6Q, STM32U385RGY6GTR, STM32U385RGY6QTR, STM32U385VGI6, STM32U385VGI6Q, STM32U385VGT6, STM32U385VGT6Q, STM32U535CBT6, STM32U535CBT6Q, STM32U535CBU6, STM32U535CBU6Q, STM32U535CCT6, STM32U535CCT6Q, STM32U535CCU6, STM32U535CCU6Q, STM32U535CET6, STM32U535CET6Q, STM32U535CEU6, STM32U535CEU6Q, STM32U535JEY6QTR, STM32U535NCY6QTR, STM32U535NEY6QTR, STM32U535RBI6, STM32U535RBI6Q, STM32U535RBT6, STM32U535RBT6Q, STM32U535RCI6, STM32U535RCI6Q, STM32U535RCT6, STM32U535RCT6Q, STM32U535REI6, STM32U535REI6Q, STM32U535RET6, STM32U535RET6Q, STM32U535VCI6, STM32U535VCI6Q, STM32U535VCT6, STM32U535VCT6Q, STM32U535VEI6, STM32U535VEI6Q, STM32U535VET6, STM32U535VET6Q, STM32U545CET6, STM32U545CET6Q, STM32U545CEU6, STM32U545CEU6Q, STM32U545JEY6QTR, STM32U545NEY6QTR, STM32U545REI6, STM32U545REI6Q, STM32U545RET6, STM32U545RET6Q, STM32U545VEI6, STM32U545VEI6Q, STM32U545VET6, STM32U545VET6Q, STM32U595AIH6, STM32U595AIH6Q, STM32U595AJH6, STM32U595AJH6Q, STM32U595QII6, STM32U595QII6Q, STM32U595QJI6, STM32U595QJI6Q, STM32U595RIT6, STM32U595RIT6Q, STM32U595RJT6, STM32U595RJT6Q, STM32U595VIT6, STM32U595VIT6Q, STM32U595VJT6, STM32U595VJT6Q, STM32U595ZIT6, STM32U595ZIT6Q, STM32U595ZIY6QTR, STM32U595ZJT6, STM32U595ZJT6Q, STM32U595ZJY6QTR, STM32U599BJY6QTR, STM32U599NIH6Q, STM32U599NJH6Q, STM32U599VIT6Q, STM32U599VJT6, STM32U599VJT6Q, STM32U599ZIT6Q, STM32U599ZIY6QTR, STM32U599ZJT6Q, STM32U599ZJY6QTR, STM32U5A5AJH6, STM32U5A5AJH6Q, STM32U5A5QII3Q , STM32U5A5QJI6, STM32U5A5QJI6Q, STM32U5A5RJT6, STM32U5A5RJT6Q, STM32U5A5VJT6, STM32U5A5VJT6Q, STM32U5A5ZJT6, STM32U5A5ZJT6Q, STM32U5A5ZJY6QTR, STM32U5A9BJY6QTR, STM32U5A9J-DK, STM32U5A9NJH6Q, STM32U5A9VJT6Q, STM32U5A9ZJT6Q, STM32U5A9ZJY6QTR, STM32U5F7VIT6, STM32U5F7VIT6Q, STM32U5F7VJT6, STM32U5F7VJT6Q, STM32U5F9BJY6QTR, STM32U5F9NJH6Q, STM32U5F9VIT6Q, STM32U5F9VJT6Q, STM32U5F9ZIJ6QTR, STM32U5F9ZIT6Q, STM32U5F9ZJJ6QTR, STM32U5F9ZJT6Q, STM32U5G7VJT6, STM32U5G7VJT6Q, STM32U5G9BJY6QTR, STM32U5G9J-DK1, STM32U5G9J-DK2, STM32U5G9NJH6Q, STM32U5G9VJT6Q, STM32U5G9ZJJ6QTR, STM32U5G9ZJT6Q, STM32WB05KZV6TR, STM32WB05KZV7TR, STM32WB05TZF6TR, STM32WB05TZF7TR, STM32WB06CCF6TR, STM32WB06CCF7TR, STM32WB06CCV6TR, STM32WB06CCV7TR, STM32WB06KCV6TR, STM32WB06KCV7TR, STM32WB07CCF6TR, STM32WB07CCF7TR, STM32WB07CCV6TR, STM32WB07CCV7TR, STM32WB07KCV6TR, STM32WB07KCV7TR, STM32WB09KEV6TR, STM32WB09KEV7TR, STM32WB09TEF6TR, STM32WB09TEF7TR, STM32WB1MMCH6, STM32WBA50KGU6, STM32WBA50KGU6TR, STM32WBA52CEU6, STM32WBA52CEU6TR, STM32WBA52CEU7, STM32WBA52CEU7TR, STM32WBA52CGU6, STM32WBA52CGU6TR, STM32WBA52CGU6U, STM32WBA52CGU7, STM32WBA52CGU7TR, STM32WBA52KEU6, STM32WBA52KEU6TR, STM32WBA52KGU6, STM32WBA52KGU6TR, STM32WBA54CEU6, STM32WBA54CEU6TR, STM32WBA54CEU7, STM32WBA54CEU7TR, STM32WBA54CGU6, STM32WBA54CGU6TR, STM32WBA54CGU7, STM32WBA54CGU7TR, STM32WBA54KEU6, STM32WBA54KEU6TR, STM32WBA54KEU7, STM32WBA54KEU7TR, STM32WBA54KGU6, STM32WBA54KGU6TR, STM32WBA54KGU7, STM32WBA54KGU7TR, STM32WBA55CEU6, STM32WBA55CEU6TR, STM32WBA55CEU7, STM32WBA55CEU7TR, STM32WBA55CGU6, STM32WBA55CGU6TR, STM32WBA55CGU6U, STM32WBA55CGU7, STM32WBA55CGU7TR, STM32WBA55G-DK1, STM32WBA55HEF6, STM32WBA55HEF7, STM32WBA55HGF6, STM32WBA55HGF7, STM32WBA55UEI6, STM32WBA55UEI6TR, STM32WBA55UEI7, STM32WBA55UEI7TR, STM32WBA55UGI6, STM32WBA55UGI6TR, STM32WBA55UGI7, STM32WBA55UGI7TR, STM32WBA5MMGH6TR, STM32WBA62MGF6, STM32WBA62MIF6, STM32WBA65MGF7, STM32WBA65MIF6, STM32WBA65MIF7, STM32WL30K8V6, STM32WL30KBV6, STM32WL31C8V6, STM32WL31CBV6, STM32WL31K8V6, STM32WL31KBV6, STM32WL33C8V6, STM32WL33C8V6X, STM32WL33CBV6, STM32WL33CBV6X, STM32WL33CCV6, STM32WL33CCV6A, STM32WL33CCV6X, STM32WL33K8V7, STM32WL33K8V7X, STM32WL33KBV7 , STM32WL33KBV7X, STM32WL33KCV7, STM32WL33KCV7X, STM32WL5MOCH6, STM32WL5MOCH6TR]
2025-11-29 16:38:57,677 [INFO] DbMcus:218 - Found 4876 MCUs, 4876 are supported
2025-11-29 16:38:57,678 [INFO] ApiDb:423 - Load user favorites file C:\Users\Thorin/.stm32cubeide/favorites.mcus.txt: 0 item(s)
2025-11-29 16:38:57,679 [INFO] ApiDb:427 - User favorites MCUs=[]
2025-11-29 16:38:57,679 [INFO] DbMcus:224 - Set 0 / 0 favorites MCUs
2025-11-29 16:38:58,273 [INFO] BoardInfo:889 - No configuration file found for board P-NUCLEO-WB55
2025-11-29 16:38:58,275 [INFO] DbBoards:161 - Kit is not supported: P-NUCLEO-WB55
2025-11-29 16:38:58,288 [INFO] BoardInfo:889 - No configuration file found for board STEVAL-BFA001V1B
2025-11-29 16:38:58,289 [INFO] DbBoards:161 - Kit is not supported: STEVAL-BFA001V1B
2025-11-29 16:38:58,291 [INFO] BoardInfo:889 - No configuration file found for board STEVAL-BFA001V2B
2025-11-29 16:38:58,293 [INFO] DbBoards:161 - Kit is not supported: STEVAL-BFA001V2B
2025-11-29 16:38:58,541 [INFO] DbBoards:168 - Found 212 boards, 209 are supported
2025-11-29 16:38:58,541 [INFO] DbBoards:169 - Found 212 boards, 43 of them is supported for  Bsp
2025-11-29 16:38:58,545 [INFO] ApiDb:423 - Load user favorites file C:\Users\Thorin/.stm32cubeide/favorites.boards.txt: 0 item(s)
2025-11-29 16:38:58,545 [INFO] ApiDb:427 - User favorites Boards=[]
2025-11-29 16:38:58,545 [INFO] DbBoards:198 - Set 0 / 0 favorites Boards
2025-11-29 16:38:58,615 [INFO] UtilMem:75 - End LoadConfig() Used Memory: 834999312 Bytes (1073741824)
2025-11-29 16:38:58,757 [WARN] ThirdParty:833 - waiting for thirdparty lock release [change project]
2025-11-29 16:38:58,757 [INFO] ThirdParty:835 - entering critical section [change project]
2025-11-29 16:38:58,758 [INFO] ThirdParty:1030 - CMSIS Pack Vendor :STMicroelectronics X-CUBE-PM33A1 1.0.0
2025-11-29 16:38:58,758 [INFO] ThirdParty:1030 - CMSIS Pack Vendor :STMicroelectronics USBPD 4.1
2025-11-29 16:38:58,758 [INFO] ThirdParty:1030 - CMSIS Pack Vendor :STMicroelectronics X-CUBE-NFC9 1.0.0
2025-11-29 16:38:58,758 [INFO] ThirdParty:1030 - CMSIS Pack Vendor :STMicroelectronics USB_HOST 2.0.0
2025-11-29 16:38:58,758 [INFO] ThirdParty:1030 - CMSIS Pack Vendor :STMicroelectronics FP-SNS-MOTENVWB1 1.4.0
2025-11-29 16:38:58,758 [INFO] ThirdParty:1030 - CMSIS Pack Vendor :STMicroelectronics X-CUBE-AZRTOS-F4 1.1.0
2025-11-29 16:38:58,758 [INFO] ThirdParty:1030 - CMSIS Pack Vendor :STMicroelectronics LIBJPEG 8.0.0
2025-11-29 16:38:58,758 [INFO] ThirdParty:1030 - CMSIS Pack Vendor :STMicroelectronics FP-ATR-ASTRA1 2.0.2
2025-11-29 16:38:58,758 [INFO] ThirdParty:1030 - CMSIS Pack Vendor :wolfSSL I-CUBE-wolfSSL 5.8.2
2025-11-29 16:38:58,758 [INFO] ThirdParty:1030 - CMSIS Pack Vendor :STMicroelectronics X-CUBE-BLE1 7.1.0
2025-11-29 16:38:58,758 [INFO] ThirdParty:1030 - CMSIS Pack Vendor :Avnet-IotConnect X-CUBE-IoTC-DA16k-PMOD 1.0.0
2025-11-29 16:38:58,758 [INFO] ThirdParty:1030 - CMSIS Pack Vendor :STMicroelectronics X-CUBE-SMBUS 2.1.0
2025-11-29 16:38:58,758 [INFO] ThirdParty:1030 - CMSIS Pack Vendor :wolfSSL I-CUBE-wolfMQTT 1.19.2
2025-11-29 16:38:58,758 [INFO] ThirdParty:1030 - CMSIS Pack Vendor :STMicroelectronics USB_DEVICE 3.0.0
2025-11-29 16:38:58,758 [INFO] ThirdParty:1030 - CMSIS Pack Vendor :STMicroelectronics X-CUBE-ISPU 2.1.0
2025-11-29 16:38:58,758 [INFO] ThirdParty:1030 - CMSIS Pack Vendor :STMicroelectronics X-CUBE-FREERTOS 1.4.0
2025-11-29 16:38:58,758 [INFO] ThirdParty:1030 - CMSIS Pack Vendor :STMicroelectronics X-CUBE-EEPRMA1 5.2.0
2025-11-29 16:38:58,758 [INFO] ThirdParty:1030 - CMSIS Pack Vendor :STMicroelectronics X-CUBE-IPS 3.2.0
2025-11-29 16:38:58,758 [INFO] ThirdParty:1030 - CMSIS Pack Vendor :STMicroelectronics X-CUBE-BLEMGR 4.1.0
2025-11-29 16:38:58,758 [INFO] ThirdParty:1030 - CMSIS Pack Vendor :STMicroelectronics X-CUBE-AZRTOS-WB 2.0.0
2025-11-29 16:38:58,758 [INFO] ThirdParty:1030 - CMSIS Pack Vendor :STMicroelectronics X-CUBE-ST60 1.0.0
2025-11-29 16:38:58,758 [INFO] ThirdParty:1030 - CMSIS Pack Vendor :STMicroelectronics X-CUBE-GNSS1 7.0.1
2025-11-29 16:38:58,758 [INFO] ThirdParty:1030 - CMSIS Pack Vendor :STMicroelectronics X-CUBE-NFC12 1.0.0
2025-11-29 16:38:58,758 [INFO] ThirdParty:1030 - CMSIS Pack Vendor :STMicroelectronics X-CUBE-AZRTOS-F7 1.1.0
2025-11-29 16:38:58,759 [INFO] ThirdParty:1030 - CMSIS Pack Vendor :STMicroelectronics X-CUBE-AZRTOS-L5 2.0.0
2025-11-29 16:38:58,759 [INFO] ThirdParty:1030 - CMSIS Pack Vendor :STMicroelectronics X-CUBE-TOUCHGFX 4.25.0
2025-11-29 16:38:58,759 [INFO] ThirdParty:1030 - CMSIS Pack Vendor :STMicroelectronics USB_DEVICE 2.0.0
2025-11-29 16:38:58,759 [INFO] ThirdParty:1030 - CMSIS Pack Vendor :STMicroelectronics X-CUBE-NFC6 3.1.0
2025-11-29 16:38:58,759 [INFO] ThirdParty:1030 - CMSIS Pack Vendor :STMicroelectronics X-CUBE-ST67W61 1.1.0
2025-11-29 16:38:58,759 [INFO] ThirdParty:1030 - CMSIS Pack Vendor :quantropi X-CUBE-qispace-sdk-base 2.1.0
2025-11-29 16:38:58,759 [INFO] ThirdParty:1030 - CMSIS Pack Vendor :STMicroelectronics X-CUBE-MEMS1 12.0.0
2025-11-29 16:38:58,759 [INFO] ThirdParty:1030 - CMSIS Pack Vendor :STMicroelectronics FP-SNS-MOTENV1 5.1.0
2025-11-29 16:38:58,759 [INFO] ThirdParty:1030 - CMSIS Pack Vendor :STMicroelectronics FreeRTOS 0.0.1
2025-11-29 16:38:58,759 [INFO] ThirdParty:1030 - CMSIS Pack Vendor :STMicroelectronics X-CUBE-AZRTOS-G0 1.1.0
2025-11-29 16:38:58,759 [INFO] ThirdParty:1030 - CMSIS Pack Vendor :STMicroelectronics X-CUBE-SAFEA1 1.2.2
2025-11-29 16:38:58,759 [INFO] ThirdParty:1030 - CMSIS Pack Vendor :STMicroelectronics X-CUBE-NFC4 3.0.0
2025-11-29 16:38:58,759 [INFO] ThirdParty:1030 - CMSIS Pack Vendor :STMicroelectronics X-CUBE-SUBG2 5.0.0
2025-11-29 16:38:58,759 [INFO] ThirdParty:1030 - CMSIS Pack Vendor :STMicroelectronics X-CUBE-AZRTOS-H7RS 1.1.0
2025-11-29 16:38:58,759 [INFO] ThirdParty:1030 - CMSIS Pack Vendor :STMicroelectronics STM32_WPAN 1.0.0
2025-11-29 16:38:58,759 [INFO] ThirdParty:1030 - CMSIS Pack Vendor :EmbeddedOffice I-CUBE-FS-RTOS 1.0.1
2025-11-29 16:38:58,759 [INFO] ThirdParty:1030 - CMSIS Pack Vendor :STMicroelectronics lwIP 2.0.3
2025-11-29 16:38:58,759 [INFO] ThirdParty:1030 - CMSIS Pack Vendor :Cesanta I-CUBE-Mongoose 7.13.0
2025-11-29 16:38:58,759 [INFO] ThirdParty:1030 - CMSIS Pack Vendor :STMicroelectronics USB_HOST 1.0.0
2025-11-29 16:38:58,759 [INFO] ThirdParty:1030 - CMSIS Pack Vendor :Infineon AIROC-Wi-Fi-Bluetooth-STM32 1.7.1
2025-11-29 16:38:58,759 [INFO] ThirdParty:1030 - CMSIS Pack Vendor :STMicroelectronics X-CUBE-AZRTOS-G4 2.0.0
2025-11-29 16:38:58,759 [INFO] ThirdParty:1030 - CMSIS Pack Vendor :STMicroelectronics X-CUBE-WB05N 2.0.0
2025-11-29 16:38:58,759 [INFO] ThirdParty:1030 - CMSIS Pack Vendor :STMicroelectronics PDM2PCM 3.1.0
2025-11-29 16:38:58,759 [INFO] ThirdParty:1030 - CMSIS Pack Vendor :STMicroelectronics PDM2PCM 3.3.0
2025-11-29 16:38:58,759 [INFO] ThirdParty:1030 - CMSIS Pack Vendor :wolfSSL I-CUBE-wolfTPM 3.8.0
2025-11-29 16:38:58,759 [INFO] ThirdParty:1030 - CMSIS Pack Vendor :STMicroelectronics X-CUBE-AZRTOS-H7 3.4.0
2025-11-29 16:38:58,759 [INFO] ThirdParty:1030 - CMSIS Pack Vendor :STMicroelectronics X-CUBE-DISPLAY 3.0.0
2025-11-29 16:38:58,759 [INFO] ThirdParty:1030 - CMSIS Pack Vendor :wolfSSL I-CUBE-wolfSSH 1.4.20
2025-11-29 16:38:58,759 [INFO] ThirdParty:1030 - CMSIS Pack Vendor :STMicroelectronics X-CUBE-NFC7 2.0.0
2025-11-29 16:38:58,759 [INFO] ThirdParty:1030 - CMSIS Pack Vendor :STMicroelectronics X-CUBE-TCPP 4.2.0
2025-11-29 16:38:58,759 [INFO] ThirdParty:1030 - CMSIS Pack Vendor :RealThread X-CUBE-RT-Thread_Nano 4.1.1
2025-11-29 16:38:58,759 [INFO] ThirdParty:1030 - CMSIS Pack Vendor :STMicroelectronics FP-ATR-SIGFOX1 3.2.0
2025-11-29 16:38:58,759 [INFO] ThirdParty:1030 - CMSIS Pack Vendor :STMicroelectronics X-CUBE-NFC10 1.0.0
2025-11-29 16:38:58,759 [INFO] ThirdParty:1030 - CMSIS Pack Vendor :STMicroelectronics X-CUBE-FREERTOS 1.3.1
2025-11-29 16:38:58,759 [INFO] ThirdParty:1030 - CMSIS Pack Vendor :STMicroelectronics HAL Drivers 0.0.0
2025-11-29 16:38:58,759 [INFO] ThirdParty:1030 - CMSIS Pack Vendor :STMicroelectronics MBEDTLS 2.16.2
2025-11-29 16:38:58,761 [INFO] ThirdParty:1030 - CMSIS Pack Vendor :STMicroelectronics X-CUBE-ST60 1.1.0
2025-11-29 16:38:58,761 [INFO] ThirdParty:1030 - CMSIS Pack Vendor :STMicroelectronics X-CUBE-IPS 3.1.0
2025-11-29 16:38:58,761 [INFO] ThirdParty:1030 - CMSIS Pack Vendor :STMicroelectronics X-CUBE-ALS 1.0.2
2025-11-29 16:38:58,761 [INFO] ThirdParty:1030 - CMSIS Pack Vendor :emotas I-CUBE-CANOPEN 1.3.0
2025-11-29 16:38:58,761 [INFO] ThirdParty:1030 - CMSIS Pack Vendor :STMicroelectronics MBEDTLS 2.14.1
2025-11-29 16:38:58,761 [INFO] ThirdParty:1030 - CMSIS Pack Vendor :STMicroelectronics X-CUBE-GNSS1 7.1.0
2025-11-29 16:38:58,761 [INFO] ThirdParty:1030 - CMSIS Pack Vendor :ITTIA_DB I-CUBE-ITTIADB 8.9.0
2025-11-29 16:38:58,761 [INFO] ThirdParty:1030 - CMSIS Pack Vendor :STMicroelectronics X-CUBE-TOUCHGFX 4.26.0
2025-11-29 16:38:58,761 [INFO] ThirdParty:1030 - CMSIS Pack Vendor :STMicroelectronics X-CUBE-STSE01 1.0.0
2025-11-29 16:38:58,761 [INFO] ThirdParty:1030 - CMSIS Pack Vendor :portGmbH I-Cube-SoM-uGOAL 1.1.0
2025-11-29 16:38:58,761 [INFO] ThirdParty:1030 - CMSIS Pack Vendor :STMicroelectronics X-CUBE-ST67W61 1.0.0
2025-11-29 16:38:58,761 [INFO] ThirdParty:1030 - CMSIS Pack Vendor :STMicroelectronics FP-SNS-STBOX1 2.1.0
2025-11-29 16:38:58,761 [INFO] ThirdParty:1030 - CMSIS Pack Vendor :STMicroelectronics X-CUBE-AI 10.2.0
2025-11-29 16:38:58,761 [INFO] ThirdParty:1030 - CMSIS Pack Vendor :STMicroelectronics FP-SNS-STAIOTCFT 1.0.0
2025-11-29 16:38:58,761 [INFO] ThirdParty:1030 - CMSIS Pack Vendor :STMicroelectronics ThreadX 1.0.0
2025-11-29 16:38:58,761 [INFO] ThirdParty:1030 - CMSIS Pack Vendor :STMicroelectronics FP-SNS-SMARTAG2 1.2.0
2025-11-29 16:38:58,761 [INFO] ThirdParty:1030 - CMSIS Pack Vendor :STMicroelectronics FP-SNS-FLIGHT1 5.1.0
2025-11-29 16:38:58,761 [INFO] ThirdParty:1030 - CMSIS Pack Vendor :STMicroelectronics X-CUBE-AZRTOS-WL 2.0.0
2025-11-29 16:38:58,761 [INFO] ThirdParty:1030 - CMSIS Pack Vendor :SEGGER I-CUBE-embOS 1.3.1
2025-11-29 16:38:58,761 [INFO] ThirdParty:1030 - CMSIS Pack Vendor :STMicroelectronics X-CUBE-ALGOBUILD 1.4.0
2025-11-29 16:38:58,761 [INFO] ThirdParty:1030 - CMSIS Pack Vendor :STMicroelectronics X-CUBE-DPower 1.3.0
2025-11-29 16:38:58,761 [INFO] ThirdParty:1030 - CMSIS Pack Vendor :STMicroelectronics X-CUBE-MEMS1 11.3.0
2025-11-29 16:38:58,762 [INFO] ThirdParty:1030 - CMSIS Pack Vendor :STMicroelectronics FP-SNS-MOTENV1 5.0.0
2025-11-29 16:38:58,762 [INFO] ThirdParty:1030 - CMSIS Pack Vendor :STMicroelectronics USB_DEVICE 1.0.0
2025-11-29 16:38:58,762 [INFO] ThirdParty:1030 - CMSIS Pack Vendor :STMicroelectronics X-CUBE-AZRTOS-H7RS 1.2.0
2025-11-29 16:38:58,762 [INFO] ThirdParty:1030 - CMSIS Pack Vendor :STMicroelectronics X-CUBE-AZRTOS-L4 2.0.0
2025-11-29 16:38:58,762 [INFO] ThirdParty:1030 - CMSIS Pack Vendor :STMicroelectronics ThreadX 0.0.2
2025-11-29 16:38:58,762 [INFO] ThirdParty:1030 - CMSIS Pack Vendor :WES I-CUBE-Cesium 1.3.0
2025-11-29 16:38:58,762 [INFO] ThirdParty:1030 - CMSIS Pack Vendor :STMicroelectronics lwIP 2.1.2
2025-11-29 16:38:58,762 [INFO] ThirdParty:1030 - CMSIS Pack Vendor :STMicroelectronics X-CUBE-SFXS2LP1 4.0.0
2025-11-29 16:38:58,762 [INFO] ThirdParty:1030 - CMSIS Pack Vendor :STMicroelectronics X-CUBE-BLE2 3.3.0
2025-11-29 16:38:58,762 [INFO] ThirdParty:1030 - CMSIS Pack Vendor :Avnet-IOTCONNECT X-CUBE-iotc-st67-sdk 1.0.0
2025-11-29 16:38:58,762 [INFO] ThirdParty:1030 - CMSIS Pack Vendor :STMicroelectronics X-CUBE-TOF1 3.4.3
2025-11-29 16:38:58,762 [INFO] ThirdParty:1030 - CMSIS Pack Vendor :STMicroelectronics PDM2PCM 3.2.0
2025-11-29 16:38:58,762 [INFO] ThirdParty:841 - exiting critical section [change project]
2025-11-29 16:38:59,265 [INFO] PinOutPanel:1589 - setPackage(No Configuration,No Configuration)
2025-11-29 16:38:59,267 [INFO] PinOutPanel:1589 - setPackage(STM32L476RGTx,LQFP64)
2025-11-29 16:38:59,786 [INFO] UtilMem:75 - Before build in PCC Used Memory: 749787144 Bytes (1073741824)
2025-11-29 16:39:00,626 [INFO] UtilMem:75 - After build in PCC Used Memory: 861486816 Bytes (1073741824)
2025-11-29 16:39:00,716 [INFO] ApiDbMcu:532 - Load IP Config File for FATFS
2025-11-29 16:39:00,751 [INFO] IPUIPlugin:80 - create IPUIPlugin
2025-11-29 16:39:00,751 [INFO] IPUIPlugin:80 - create IPUIPlugin
2025-11-29 16:39:00,751 [INFO] IPUIPlugin:80 - create IPUIPlugin
2025-11-29 16:39:00,751 [INFO] IPUIPlugin:80 - create IPUIPlugin
2025-11-29 16:39:00,751 [INFO] IPUIPlugin:80 - create IPUIPlugin
2025-11-29 16:39:00,751 [INFO] IPUIPlugin:80 - create IPUIPlugin
2025-11-29 16:39:00,751 [INFO] IPUIPlugin:80 - create IPUIPlugin
2025-11-29 16:39:00,751 [INFO] IPUIPlugin:80 - create IPUIPlugin
2025-11-29 16:39:00,752 [INFO] IPUIPlugin:80 - create IPUIPlugin
2025-11-29 16:39:00,752 [INFO] IPUIPlugin:80 - create IPUIPlugin
2025-11-29 16:39:00,752 [INFO] IPUIPlugin:80 - create IPUIPlugin
2025-11-29 16:39:00,752 [INFO] IPUIPlugin:80 - create IPUIPlugin
2025-11-29 16:39:00,752 [INFO] IPUIPlugin:80 - create IPUIPlugin
2025-11-29 16:39:00,752 [INFO] IPUIPlugin:80 - create IPUIPlugin
2025-11-29 16:39:00,752 [INFO] IPUIPlugin:80 - create IPUIPlugin
2025-11-29 16:39:00,752 [INFO] IPUIPlugin:80 - create IPUIPlugin
2025-11-29 16:39:00,752 [INFO] IPUIPlugin:80 - create IPUIPlugin
2025-11-29 16:39:00,752 [INFO] IPUIPlugin:80 - create IPUIPlugin
2025-11-29 16:39:00,753 [INFO] IPUIPlugin:80 - create IPUIPlugin
2025-11-29 16:39:00,753 [INFO] IPUIPlugin:80 - create IPUIPlugin
2025-11-29 16:39:00,753 [INFO] IPUIPlugin:80 - create IPUIPlugin
2025-11-29 16:39:00,753 [INFO] IPUIPlugin:80 - create IPUIPlugin
2025-11-29 16:39:00,753 [INFO] IPUIPlugin:80 - create IPUIPlugin
2025-11-29 16:39:00,753 [INFO] IPUIPlugin:80 - create IPUIPlugin
2025-11-29 16:39:00,753 [INFO] IPUIPlugin:80 - create IPUIPlugin
2025-11-29 16:39:00,753 [INFO] IPUIPlugin:80 - create IPUIPlugin
2025-11-29 16:39:00,753 [INFO] IPUIPlugin:80 - create IPUIPlugin
2025-11-29 16:39:00,753 [INFO] IPUIPlugin:80 - create IPUIPlugin
2025-11-29 16:39:00,754 [INFO] IPUIPlugin:80 - create IPUIPlugin
2025-11-29 16:39:00,754 [INFO] IPUIPlugin:80 - create IPUIPlugin
2025-11-29 16:39:00,754 [INFO] IPUIPlugin:80 - create IPUIPlugin
2025-11-29 16:39:00,754 [INFO] IPUIPlugin:80 - create IPUIPlugin
2025-11-29 16:39:00,755 [INFO] IPUIPlugin:80 - create IPUIPlugin
2025-11-29 16:39:00,755 [INFO] IPUIPlugin:80 - create IPUIPlugin
2025-11-29 16:39:00,755 [INFO] IPUIPlugin:80 - create IPUIPlugin
2025-11-29 16:39:00,755 [INFO] IPUIPlugin:80 - create IPUIPlugin
2025-11-29 16:39:00,755 [INFO] IPUIPlugin:80 - create IPUIPlugin
2025-11-29 16:39:00,756 [INFO] IPUIPlugin:80 - create IPUIPlugin
2025-11-29 16:39:00,756 [INFO] IPUIPlugin:80 - create IPUIPlugin
2025-11-29 16:39:00,756 [INFO] IPUIPlugin:80 - create IPUIPlugin
2025-11-29 16:39:00,756 [INFO] IPUIPlugin:80 - create IPUIPlugin
2025-11-29 16:39:00,756 [INFO] IPUIPlugin:80 - create IPUIPlugin
2025-11-29 16:39:00,757 [INFO] IPUIPlugin:80 - create IPUIPlugin
2025-11-29 16:39:00,757 [INFO] IPUIPlugin:80 - create IPUIPlugin
2025-11-29 16:39:00,757 [INFO] IPUIPlugin:80 - create IPUIPlugin
2025-11-29 16:39:00,757 [INFO] IPUIPlugin:80 - create IPUIPlugin
2025-11-29 16:39:00,757 [INFO] IPUIPlugin:80 - create IPUIPlugin
2025-11-29 16:39:00,758 [INFO] IPUIPlugin:80 - create IPUIPlugin
2025-11-29 16:39:00,758 [INFO] IPUIPlugin:80 - create IPUIPlugin
2025-11-29 16:39:00,758 [INFO] IPUIPlugin:80 - create IPUIPlugin
2025-11-29 16:39:00,759 [INFO] IPUIPlugin:80 - create IPUIPlugin
2025-11-29 16:39:00,759 [INFO] IPUIPlugin:80 - create IPUIPlugin
2025-11-29 16:39:00,760 [INFO] IPUIPlugin:80 - create IPUIPlugin
2025-11-29 16:39:00,760 [INFO] IPUIPlugin:80 - create IPUIPlugin
2025-11-29 16:39:00,760 [INFO] IPUIPlugin:80 - create IPUIPlugin
2025-11-29 16:39:00,760 [INFO] IPUIPlugin:80 - create IPUIPlugin
2025-11-29 16:39:00,761 [INFO] IPUIPlugin:80 - create IPUIPlugin
2025-11-29 16:39:00,761 [INFO] IPUIPlugin:80 - create IPUIPlugin
2025-11-29 16:39:00,762 [INFO] IPUIPlugin:80 - create IPUIPlugin
2025-11-29 16:39:00,983 [INFO] CADModel:165 - CPN selected for project levelSTM32L476RGT6
2025-11-29 16:39:00,983 [INFO] CADModel:114 - Register for checkConnection events
2025-11-29 16:39:01,039 [INFO] OpenFileManager:386 - Restore cursor
2025-11-29 16:39:12,907 [INFO] Gpio:278 - dependency for GPIO [SPI1, USART2]
2025-11-29 16:39:43,842 [INFO] UtilMem:75 - End SaveConfig() Used Memory: 714060216 Bytes (1073741824)
2025-11-29 16:39:45,281 [INFO] UtilMem:75 - End SaveConfig() Used Memory: 745748552 Bytes (1073741824)
2025-11-29 16:39:45,538 [INFO] UtilMem:75 - End SaveConfig() Used Memory: 821036200 Bytes (1073741824)
2025-11-29 16:39:46,316 [INFO] BlockDiagram:2775 - set Specific Code input for plugin: SPI
2025-11-29 16:39:46,316 [INFO] BlockDiagram:2775 - set Specific Code input for plugin: SYS
2025-11-29 16:39:46,316 [INFO] BlockDiagram:2775 - set Specific Code input for plugin: RCC
2025-11-29 16:39:46,317 [INFO] BlockDiagram:2775 - set Specific Code input for plugin: NVIC
2025-11-29 16:39:46,317 [INFO] BlockDiagram:2775 - set Specific Code input for plugin: USART
2025-11-29 16:39:46,317 [INFO] BlockDiagram:2775 - set Specific Code input for plugin: GPIO
2025-11-29 16:39:46,317 [INFO] BlockDiagram:2775 - set Specific Code input for plugin: FATFS
2025-11-29 16:39:46,319 [INFO] CodeGenerator:892 - code generatio: config db path: C:\ST\STM32CubeIDE_1.19.0\STM32CubeIDE\plugins\com.st.stm32cube.common.mx_6.15.0.202507011659\\db\
2025-11-29 16:39:46,649 [INFO] CodeEngine:265 - oldGeneratedFile, C:\Users\Thorin\STM32CubeIDE\workspace_1.19.0\MP3\MXTmpFiles\license.tmp_save
2025-11-29 16:39:47,157 [INFO] CodeEngine:289 - Generated code: C:\Users\Thorin\STM32CubeIDE\workspace_1.19.0\MP3\MXTmpFiles\license.tmp
2025-11-29 16:39:47,281 [INFO] CodeEngine:265 - oldGeneratedFile, C:\Users\Thorin\STM32CubeIDE\workspace_1.19.0\MP3\MXTmpFiles\gpio.tmp_save
2025-11-29 16:39:47,487 [INFO] CodeEngine:289 - Generated code: C:\Users\Thorin\STM32CubeIDE\workspace_1.19.0\MP3\MXTmpFiles\gpio.tmp
2025-11-29 16:39:47,681 [INFO] Middleware:1452 - No code input for Bsp Dependency
2025-11-29 16:39:47,690 [INFO] CodeEngine:265 - oldGeneratedFile, C:\Users\Thorin\STM32CubeIDE\workspace_1.19.0\MP3\MXTmpFiles\fatfs_HalInit.tmp_save
2025-11-29 16:39:47,831 [INFO] CodeEngine:289 - Generated code: C:\Users\Thorin\STM32CubeIDE\workspace_1.19.0\MP3\MXTmpFiles\fatfs_HalInit.tmp
2025-11-29 16:39:47,845 [INFO] CodeEngine:265 - oldGeneratedFile, C:\Users\Thorin\STM32CubeIDE\workspace_1.19.0\MP3\MXTmpFiles\fatfs_vars.tmp_save
2025-11-29 16:39:47,922 [INFO] CodeEngine:289 - Generated code: C:\Users\Thorin\STM32CubeIDE\workspace_1.19.0\MP3\MXTmpFiles\fatfs_vars.tmp
2025-11-29 16:39:47,928 [INFO] CodeEngine:265 - oldGeneratedFile, C:\Users\Thorin\STM32CubeIDE\workspace_1.19.0\MP3\MXTmpFiles\fatfs_ext_vars.tmp_save
2025-11-29 16:39:47,998 [INFO] CodeEngine:289 - Generated code: C:\Users\Thorin\STM32CubeIDE\workspace_1.19.0\MP3\MXTmpFiles\fatfs_ext_vars.tmp
2025-11-29 16:39:48,015 [INFO] CodeEngine:265 - oldGeneratedFile, C:\Users\Thorin\STM32CubeIDE\workspace_1.19.0\MP3\MXTmpFiles\fatfs_inc.tmp_save
2025-11-29 16:39:48,096 [INFO] CodeEngine:289 - Generated code: C:\Users\Thorin\STM32CubeIDE\workspace_1.19.0\MP3\MXTmpFiles\fatfs_inc.tmp
2025-11-29 16:39:48,108 [INFO] Middleware:1452 - No code input for Bsp Dependency
2025-11-29 16:39:48,120 [INFO] CodeEngine:265 - oldGeneratedFile, C:\Users\Thorin\STM32CubeIDE\workspace_1.19.0\MP3\MXTmpFiles\fatfs_HalInit.tmp_save
2025-11-29 16:39:48,232 [INFO] CodeEngine:289 - Generated code: C:\Users\Thorin\STM32CubeIDE\workspace_1.19.0\MP3\MXTmpFiles\fatfs_HalInit.tmp
2025-11-29 16:39:48,240 [INFO] CodeEngine:265 - oldGeneratedFile, C:\Users\Thorin\STM32CubeIDE\workspace_1.19.0\MP3\MXTmpFiles\fatfs_vars.tmp_save
2025-11-29 16:39:48,290 [INFO] CodeEngine:289 - Generated code: C:\Users\Thorin\STM32CubeIDE\workspace_1.19.0\MP3\MXTmpFiles\fatfs_vars.tmp
2025-11-29 16:39:48,297 [INFO] CodeEngine:265 - oldGeneratedFile, C:\Users\Thorin\STM32CubeIDE\workspace_1.19.0\MP3\MXTmpFiles\fatfs_ext_vars.tmp_save
2025-11-29 16:39:48,353 [INFO] CodeEngine:289 - Generated code: C:\Users\Thorin\STM32CubeIDE\workspace_1.19.0\MP3\MXTmpFiles\fatfs_ext_vars.tmp
2025-11-29 16:39:48,359 [INFO] CodeEngine:265 - oldGeneratedFile, C:\Users\Thorin\STM32CubeIDE\workspace_1.19.0\MP3\MXTmpFiles\fatfs_inc.tmp_save
2025-11-29 16:39:48,405 [INFO] CodeEngine:289 - Generated code: C:\Users\Thorin\STM32CubeIDE\workspace_1.19.0\MP3\MXTmpFiles\fatfs_inc.tmp
2025-11-29 16:39:48,411 [INFO] CodeEngine:265 - oldGeneratedFile, C:\Users\Thorin\STM32CubeIDE\workspace_1.19.0\MP3\FATFS\Target\ffconf.h_save
2025-11-29 16:39:48,536 [INFO] CodeEngine:289 - Generated code: C:\Users\Thorin\STM32CubeIDE\workspace_1.19.0\MP3\FATFS\Target\ffconf.h
2025-11-29 16:39:48,547 [INFO] CodeEngine:265 - oldGeneratedFile, C:\Users\Thorin\STM32CubeIDE\workspace_1.19.0\MP3\FATFS\Target\user_diskio.c_save
2025-11-29 16:39:48,601 [INFO] CodeEngine:289 - Generated code: C:\Users\Thorin\STM32CubeIDE\workspace_1.19.0\MP3\FATFS\Target\user_diskio.c
2025-11-29 16:39:48,608 [INFO] CodeEngine:265 - oldGeneratedFile, C:\Users\Thorin\STM32CubeIDE\workspace_1.19.0\MP3\FATFS\Target\user_diskio.h_save
2025-11-29 16:39:48,656 [INFO] CodeEngine:289 - Generated code: C:\Users\Thorin\STM32CubeIDE\workspace_1.19.0\MP3\FATFS\Target\user_diskio.h
2025-11-29 16:39:48,662 [INFO] CodeEngine:265 - oldGeneratedFile, C:\Users\Thorin\STM32CubeIDE\workspace_1.19.0\MP3\FATFS\App\fatfs.c_save
2025-11-29 16:39:48,716 [INFO] CodeEngine:289 - Generated code: C:\Users\Thorin\STM32CubeIDE\workspace_1.19.0\MP3\FATFS\App\fatfs.c
2025-11-29 16:39:48,722 [INFO] CodeEngine:265 - oldGeneratedFile, C:\Users\Thorin\STM32CubeIDE\workspace_1.19.0\MP3\FATFS\App\fatfs.h_save
2025-11-29 16:39:48,779 [INFO] CodeEngine:289 - Generated code: C:\Users\Thorin\STM32CubeIDE\workspace_1.19.0\MP3\FATFS\App\fatfs.h
2025-11-29 16:39:48,796 [INFO] CodeEngine:265 - oldGeneratedFile, C:\Users\Thorin\STM32CubeIDE\workspace_1.19.0\MP3\Core\Src\stm32l4xx_it.c_save
2025-11-29 16:39:48,945 [INFO] CodeEngine:289 - Generated code: C:\Users\Thorin\STM32CubeIDE\workspace_1.19.0\MP3\Core\Src\stm32l4xx_it.c
2025-11-29 16:39:48,951 [INFO] CodeEngine:265 - oldGeneratedFile, C:\Users\Thorin\STM32CubeIDE\workspace_1.19.0\MP3\Core\Inc\stm32l4xx_it.h_save
2025-11-29 16:39:49,010 [INFO] CodeEngine:289 - Generated code: C:\Users\Thorin\STM32CubeIDE\workspace_1.19.0\MP3\Core\Inc\stm32l4xx_it.h
2025-11-29 16:39:49,025 [INFO] CodeEngine:265 - oldGeneratedFile, C:\Users\Thorin\STM32CubeIDE\workspace_1.19.0\MP3\Core\Src\stm32l4xx_hal_msp.c_save
2025-11-29 16:39:49,163 [INFO] CodeEngine:289 - Generated code: C:\Users\Thorin\STM32CubeIDE\workspace_1.19.0\MP3\Core\Src\stm32l4xx_hal_msp.c
2025-11-29 16:39:49,167 [INFO] CodeEngine:265 - oldGeneratedFile, C:\Users\Thorin\STM32CubeIDE\workspace_1.19.0\MP3\MXTmpFiles\system.tmp_save
2025-11-29 16:39:49,215 [INFO] CodeEngine:289 - Generated code: C:\Users\Thorin\STM32CubeIDE\workspace_1.19.0\MP3\MXTmpFiles\system.tmp
2025-11-29 16:39:49,238 [INFO] CodeEngine:321 - oldGeneratedFile, C:\Users\Thorin\STM32CubeIDE\workspace_1.19.0\MP3\Core\Inc\stm32l4xx_hal_conf.h_save
2025-11-29 16:39:49,357 [INFO] CodeEngine:345 - Generated code: C:\Users\Thorin\STM32CubeIDE\workspace_1.19.0\MP3\Core\Inc\stm32l4xx_hal_conf.h
2025-11-29 16:39:49,402 [INFO] ApiDbMcu:532 - Load IP Config File for SPI1
2025-11-29 16:39:49,417 [INFO] ApiDbMcu:532 - Load IP Config File for USART2
2025-11-29 16:39:49,420 [INFO] ApiDbMcu:532 - Load IP Config File for RCC
2025-11-29 16:39:49,432 [INFO] CodeEngine:265 - oldGeneratedFile, C:\Users\Thorin\STM32CubeIDE\workspace_1.19.0\MP3\Core\Inc\main.h_save
2025-11-29 16:39:49,603 [INFO] CodeEngine:289 - Generated code: C:\Users\Thorin\STM32CubeIDE\workspace_1.19.0\MP3\Core\Inc\main.h
2025-11-29 16:39:49,609 [INFO] CodeEngine:265 - oldGeneratedFile, C:\Users\Thorin\STM32CubeIDE\workspace_1.19.0\MP3\Core\Src\main.c_save
2025-11-29 16:39:49,761 [INFO] CodeEngine:289 - Generated code: C:\Users\Thorin\STM32CubeIDE\workspace_1.19.0\MP3\Core\Src\main.c
2025-11-29 16:39:50,072 [INFO] ProjectBuilder:3606 - Time for Copy HAL[1] : 183mS.
2025-11-29 16:39:50,081 [INFO] ProjectBuilder:5216 - Project Generator version: 4.7.0-B52
2025-11-29 16:39:50,143 [INFO] ConfigFileManager:1595 - The Die is : DIE415
2025-11-29 16:39:50,162 [INFO] ApiDbMcu:532 - Load IP Config File for FREERTOS
2025-11-29 16:39:50,181 [INFO] ApiDbMcu:532 - Load IP Config File for TOUCHSENSING
2025-11-29 16:39:50,197 [INFO] ApiDbMcu:532 - Load IP Config File for USB_DEVICE
2025-11-29 16:39:50,212 [INFO] ApiDbMcu:532 - Load IP Config File for USB_HOST
2025-11-29 16:39:50,780 [INFO] LogOutputStream:77 - [STDOUT_REDIRECT] 
2025-11-29 16:39:52,627 [INFO] ProjectBuilder:5496 - Time for Generating toolchain IDE Files: 2545mS.
2025-11-29 16:39:52,628 [INFO] ProjectBuilder:3463 - Time for Copy CMSIS : 1mS.
2025-11-29 16:39:52,633 [INFO] ProjectBuilder:3463 - Time for Copy CMSIS : 0mS.
2025-11-29 16:42:09,874 [INFO] Gpio:278 - dependency for GPIO [SPI1, USART2]
2025-11-29 16:42:24,252 [INFO] UtilMem:75 - End SaveConfig() Used Memory: 782343800 Bytes (1073741824)
2025-11-29 16:42:25,778 [INFO] UtilMem:75 - End SaveConfig() Used Memory: 811181688 Bytes (1073741824)
2025-11-29 16:42:25,956 [INFO] UtilMem:75 - End SaveConfig() Used Memory: 845258360 Bytes (1073741824)
2025-11-29 16:42:26,252 [INFO] BlockDiagram:2775 - set Specific Code input for plugin: SPI
2025-11-29 16:42:26,252 [INFO] BlockDiagram:2775 - set Specific Code input for plugin: SYS
2025-11-29 16:42:26,252 [INFO] BlockDiagram:2775 - set Specific Code input for plugin: RCC
2025-11-29 16:42:26,252 [INFO] BlockDiagram:2775 - set Specific Code input for plugin: NVIC
2025-11-29 16:42:26,252 [INFO] BlockDiagram:2775 - set Specific Code input for plugin: USART
2025-11-29 16:42:26,252 [INFO] BlockDiagram:2775 - set Specific Code input for plugin: GPIO
2025-11-29 16:42:26,253 [INFO] BlockDiagram:2775 - set Specific Code input for plugin: FATFS
2025-11-29 16:42:26,254 [INFO] CodeGenerator:892 - code generatio: config db path: C:\ST\STM32CubeIDE_1.19.0\STM32CubeIDE\plugins\com.st.stm32cube.common.mx_6.15.0.202507011659\\db\
2025-11-29 16:42:26,327 [INFO] CodeEngine:265 - oldGeneratedFile, C:\Users\Thorin\STM32CubeIDE\workspace_1.19.0\MP3\MXTmpFiles\license.tmp_save
2025-11-29 16:42:26,507 [INFO] CodeEngine:289 - Generated code: C:\Users\Thorin\STM32CubeIDE\workspace_1.19.0\MP3\MXTmpFiles\license.tmp
2025-11-29 16:42:26,562 [INFO] CodeEngine:265 - oldGeneratedFile, C:\Users\Thorin\STM32CubeIDE\workspace_1.19.0\MP3\MXTmpFiles\gpio.tmp_save
2025-11-29 16:42:26,693 [INFO] CodeEngine:289 - Generated code: C:\Users\Thorin\STM32CubeIDE\workspace_1.19.0\MP3\MXTmpFiles\gpio.tmp
2025-11-29 16:42:26,889 [INFO] Middleware:1452 - No code input for Bsp Dependency
2025-11-29 16:42:26,896 [INFO] CodeEngine:265 - oldGeneratedFile, C:\Users\Thorin\STM32CubeIDE\workspace_1.19.0\MP3\MXTmpFiles\fatfs_HalInit.tmp_save
2025-11-29 16:42:27,002 [INFO] CodeEngine:289 - Generated code: C:\Users\Thorin\STM32CubeIDE\workspace_1.19.0\MP3\MXTmpFiles\fatfs_HalInit.tmp
2025-11-29 16:42:27,008 [INFO] CodeEngine:265 - oldGeneratedFile, C:\Users\Thorin\STM32CubeIDE\workspace_1.19.0\MP3\MXTmpFiles\fatfs_vars.tmp_save
2025-11-29 16:42:27,061 [INFO] CodeEngine:289 - Generated code: C:\Users\Thorin\STM32CubeIDE\workspace_1.19.0\MP3\MXTmpFiles\fatfs_vars.tmp
2025-11-29 16:42:27,067 [INFO] CodeEngine:265 - oldGeneratedFile, C:\Users\Thorin\STM32CubeIDE\workspace_1.19.0\MP3\MXTmpFiles\fatfs_ext_vars.tmp_save
2025-11-29 16:42:27,117 [INFO] CodeEngine:289 - Generated code: C:\Users\Thorin\STM32CubeIDE\workspace_1.19.0\MP3\MXTmpFiles\fatfs_ext_vars.tmp
2025-11-29 16:42:27,123 [INFO] CodeEngine:265 - oldGeneratedFile, C:\Users\Thorin\STM32CubeIDE\workspace_1.19.0\MP3\MXTmpFiles\fatfs_inc.tmp_save
2025-11-29 16:42:27,171 [INFO] CodeEngine:289 - Generated code: C:\Users\Thorin\STM32CubeIDE\workspace_1.19.0\MP3\MXTmpFiles\fatfs_inc.tmp
2025-11-29 16:42:27,179 [INFO] Middleware:1452 - No code input for Bsp Dependency
2025-11-29 16:42:27,188 [INFO] CodeEngine:265 - oldGeneratedFile, C:\Users\Thorin\STM32CubeIDE\workspace_1.19.0\MP3\MXTmpFiles\fatfs_HalInit.tmp_save
2025-11-29 16:42:27,283 [INFO] CodeEngine:289 - Generated code: C:\Users\Thorin\STM32CubeIDE\workspace_1.19.0\MP3\MXTmpFiles\fatfs_HalInit.tmp
2025-11-29 16:42:27,291 [INFO] CodeEngine:265 - oldGeneratedFile, C:\Users\Thorin\STM32CubeIDE\workspace_1.19.0\MP3\MXTmpFiles\fatfs_vars.tmp_save
2025-11-29 16:42:27,349 [INFO] CodeEngine:289 - Generated code: C:\Users\Thorin\STM32CubeIDE\workspace_1.19.0\MP3\MXTmpFiles\fatfs_vars.tmp
2025-11-29 16:42:27,356 [INFO] CodeEngine:265 - oldGeneratedFile, C:\Users\Thorin\STM32CubeIDE\workspace_1.19.0\MP3\MXTmpFiles\fatfs_ext_vars.tmp_save
2025-11-29 16:42:27,404 [INFO] CodeEngine:289 - Generated code: C:\Users\Thorin\STM32CubeIDE\workspace_1.19.0\MP3\MXTmpFiles\fatfs_ext_vars.tmp
2025-11-29 16:42:27,410 [INFO] CodeEngine:265 - oldGeneratedFile, C:\Users\Thorin\STM32CubeIDE\workspace_1.19.0\MP3\MXTmpFiles\fatfs_inc.tmp_save
2025-11-29 16:42:27,452 [INFO] CodeEngine:289 - Generated code: C:\Users\Thorin\STM32CubeIDE\workspace_1.19.0\MP3\MXTmpFiles\fatfs_inc.tmp
2025-11-29 16:42:27,458 [INFO] CodeEngine:265 - oldGeneratedFile, C:\Users\Thorin\STM32CubeIDE\workspace_1.19.0\MP3\FATFS\Target\ffconf.h_save
2025-11-29 16:42:27,556 [INFO] CodeEngine:289 - Generated code: C:\Users\Thorin\STM32CubeIDE\workspace_1.19.0\MP3\FATFS\Target\ffconf.h
2025-11-29 16:42:27,565 [INFO] CodeEngine:265 - oldGeneratedFile, C:\Users\Thorin\STM32CubeIDE\workspace_1.19.0\MP3\FATFS\Target\user_diskio.c_save
2025-11-29 16:42:27,620 [INFO] CodeEngine:289 - Generated code: C:\Users\Thorin\STM32CubeIDE\workspace_1.19.0\MP3\FATFS\Target\user_diskio.c
2025-11-29 16:42:27,626 [INFO] CodeEngine:265 - oldGeneratedFile, C:\Users\Thorin\STM32CubeIDE\workspace_1.19.0\MP3\FATFS\Target\user_diskio.h_save
2025-11-29 16:42:27,673 [INFO] CodeEngine:289 - Generated code: C:\Users\Thorin\STM32CubeIDE\workspace_1.19.0\MP3\FATFS\Target\user_diskio.h
2025-11-29 16:42:27,680 [INFO] CodeEngine:265 - oldGeneratedFile, C:\Users\Thorin\STM32CubeIDE\workspace_1.19.0\MP3\FATFS\App\fatfs.c_save
2025-11-29 16:42:27,727 [INFO] CodeEngine:289 - Generated code: C:\Users\Thorin\STM32CubeIDE\workspace_1.19.0\MP3\FATFS\App\fatfs.c
2025-11-29 16:42:27,734 [INFO] CodeEngine:265 - oldGeneratedFile, C:\Users\Thorin\STM32CubeIDE\workspace_1.19.0\MP3\FATFS\App\fatfs.h_save
2025-11-29 16:42:27,787 [INFO] CodeEngine:289 - Generated code: C:\Users\Thorin\STM32CubeIDE\workspace_1.19.0\MP3\FATFS\App\fatfs.h
2025-11-29 16:42:27,802 [INFO] CodeEngine:265 - oldGeneratedFile, C:\Users\Thorin\STM32CubeIDE\workspace_1.19.0\MP3\Core\Src\stm32l4xx_it.c_save
2025-11-29 16:42:27,896 [INFO] CodeEngine:289 - Generated code: C:\Users\Thorin\STM32CubeIDE\workspace_1.19.0\MP3\Core\Src\stm32l4xx_it.c
2025-11-29 16:42:27,903 [INFO] CodeEngine:265 - oldGeneratedFile, C:\Users\Thorin\STM32CubeIDE\workspace_1.19.0\MP3\Core\Inc\stm32l4xx_it.h_save
2025-11-29 16:42:27,956 [INFO] CodeEngine:289 - Generated code: C:\Users\Thorin\STM32CubeIDE\workspace_1.19.0\MP3\Core\Inc\stm32l4xx_it.h
2025-11-29 16:42:27,969 [INFO] CodeEngine:265 - oldGeneratedFile, C:\Users\Thorin\STM32CubeIDE\workspace_1.19.0\MP3\Core\Src\stm32l4xx_hal_msp.c_save
2025-11-29 16:42:28,080 [INFO] CodeEngine:289 - Generated code: C:\Users\Thorin\STM32CubeIDE\workspace_1.19.0\MP3\Core\Src\stm32l4xx_hal_msp.c
2025-11-29 16:42:28,085 [INFO] CodeEngine:265 - oldGeneratedFile, C:\Users\Thorin\STM32CubeIDE\workspace_1.19.0\MP3\MXTmpFiles\system.tmp_save
2025-11-29 16:42:28,127 [INFO] CodeEngine:289 - Generated code: C:\Users\Thorin\STM32CubeIDE\workspace_1.19.0\MP3\MXTmpFiles\system.tmp
2025-11-29 16:42:28,138 [INFO] CodeEngine:321 - oldGeneratedFile, C:\Users\Thorin\STM32CubeIDE\workspace_1.19.0\MP3\Core\Inc\stm32l4xx_hal_conf.h_save
2025-11-29 16:42:28,253 [INFO] CodeEngine:345 - Generated code: C:\Users\Thorin\STM32CubeIDE\workspace_1.19.0\MP3\Core\Inc\stm32l4xx_hal_conf.h
2025-11-29 16:42:28,292 [INFO] CodeEngine:265 - oldGeneratedFile, C:\Users\Thorin\STM32CubeIDE\workspace_1.19.0\MP3\Core\Inc\main.h_save
2025-11-29 16:42:28,427 [INFO] CodeEngine:289 - Generated code: C:\Users\Thorin\STM32CubeIDE\workspace_1.19.0\MP3\Core\Inc\main.h
2025-11-29 16:42:28,435 [INFO] CodeEngine:265 - oldGeneratedFile, C:\Users\Thorin\STM32CubeIDE\workspace_1.19.0\MP3\Core\Src\main.c_save
2025-11-29 16:42:28,550 [INFO] CodeEngine:289 - Generated code: C:\Users\Thorin\STM32CubeIDE\workspace_1.19.0\MP3\Core\Src\main.c
2025-11-29 16:42:28,825 [INFO] ProjectBuilder:3606 - Time for Copy HAL[1] : 155mS.
2025-11-29 16:42:28,831 [INFO] ProjectBuilder:5216 - Project Generator version: 4.7.0-B52
2025-11-29 16:42:28,885 [INFO] ConfigFileManager:1595 - The Die is : DIE415
2025-11-29 16:42:30,162 [INFO] ProjectBuilder:5496 - Time for Generating toolchain IDE Files: 1330mS.
2025-11-29 16:42:30,163 [INFO] ProjectBuilder:3463 - Time for Copy CMSIS : 1mS.
2025-11-29 16:42:30,170 [INFO] ProjectBuilder:3463 - Time for Copy CMSIS : 0mS.
2025-11-29 17:04:15,335 [INFO] DmaTabbedPanel:205 - Cannot restore the selected Tab for DMA
2025-11-29 17:23:35,101 [WARN] IP:2250 - BasicProtocol not found: check if there is a RefParameter without a condition.
2025-11-29 17:23:35,101 [WARN] IP:2250 - BasicDataSize not found: check if there is a RefParameter without a condition.
2025-11-29 17:23:35,101 [WARN] IP:2250 - BasicSlotNumber not found: check if there is a RefParameter without a condition.
2025-11-29 17:23:35,160 [WARN] IP:2250 - BasicProtocol not found: check if there is a RefParameter without a condition.
2025-11-29 17:23:35,160 [WARN] IP:2250 - BasicDataSize not found: check if there is a RefParameter without a condition.
2025-11-29 17:23:35,161 [WARN] IP:2250 - BasicSlotNumber not found: check if there is a RefParameter without a condition.
2025-11-29 17:23:35,162 [WARN] IP:2250 - BasicProtocol not found: check if there is a RefParameter without a condition.
2025-11-29 17:23:35,163 [WARN] IP:2250 - BasicDataSize not found: check if there is a RefParameter without a condition.
2025-11-29 17:23:35,163 [WARN] IP:2250 - BasicSlotNumber not found: check if there is a RefParameter without a condition.
2025-11-29 18:04:51,181 [INFO] UtilMem:75 - End SaveConfig() Used Memory: 900996368 Bytes (1073741824)
2025-11-29 18:04:52,613 [INFO] UtilMem:75 - End SaveConfig() Used Memory: 929834256 Bytes (1073741824)
2025-11-29 18:04:52,802 [INFO] UtilMem:75 - End SaveConfig() Used Memory: 960242960 Bytes (1073741824)
2025-11-29 18:04:53,286 [INFO] BlockDiagram:2775 - set Specific Code input for plugin: SPI
2025-11-29 18:04:53,287 [INFO] BlockDiagram:2775 - set Specific Code input for plugin: SYS
2025-11-29 18:04:53,287 [INFO] BlockDiagram:2775 - set Specific Code input for plugin: RCC
2025-11-29 18:04:53,287 [INFO] BlockDiagram:2775 - set Specific Code input for plugin: NVIC
2025-11-29 18:04:53,287 [INFO] BlockDiagram:2775 - set Specific Code input for plugin: USART
2025-11-29 18:04:53,288 [INFO] BlockDiagram:2775 - set Specific Code input for plugin: GPIO
2025-11-29 18:04:53,289 [INFO] BlockDiagram:2775 - set Specific Code input for plugin: SAI
2025-11-29 18:04:53,289 [INFO] BlockDiagram:2775 - set Specific Code input for plugin: FATFS
2025-11-29 18:04:53,290 [INFO] CodeGenerator:892 - code generatio: config db path: C:\ST\STM32CubeIDE_1.19.0\STM32CubeIDE\plugins\com.st.stm32cube.common.mx_6.15.0.202507011659\\db\
2025-11-29 18:04:53,385 [INFO] CodeEngine:265 - oldGeneratedFile, C:\Users\Thorin\STM32CubeIDE\workspace_1.19.0\MP3\MXTmpFiles\license.tmp_save
2025-11-29 18:04:53,612 [INFO] CodeEngine:289 - Generated code: C:\Users\Thorin\STM32CubeIDE\workspace_1.19.0\MP3\MXTmpFiles\license.tmp
2025-11-29 18:04:53,686 [INFO] CodeEngine:265 - oldGeneratedFile, C:\Users\Thorin\STM32CubeIDE\workspace_1.19.0\MP3\MXTmpFiles\gpio.tmp_save
2025-11-29 18:04:53,846 [INFO] CodeEngine:289 - Generated code: C:\Users\Thorin\STM32CubeIDE\workspace_1.19.0\MP3\MXTmpFiles\gpio.tmp
2025-11-29 18:04:54,160 [INFO] Middleware:1452 - No code input for Bsp Dependency
2025-11-29 18:04:54,169 [INFO] CodeEngine:265 - oldGeneratedFile, C:\Users\Thorin\STM32CubeIDE\workspace_1.19.0\MP3\MXTmpFiles\fatfs_HalInit.tmp_save
2025-11-29 18:04:54,290 [INFO] CodeEngine:289 - Generated code: C:\Users\Thorin\STM32CubeIDE\workspace_1.19.0\MP3\MXTmpFiles\fatfs_HalInit.tmp
2025-11-29 18:04:54,296 [INFO] CodeEngine:265 - oldGeneratedFile, C:\Users\Thorin\STM32CubeIDE\workspace_1.19.0\MP3\MXTmpFiles\fatfs_vars.tmp_save
2025-11-29 18:04:54,352 [INFO] CodeEngine:289 - Generated code: C:\Users\Thorin\STM32CubeIDE\workspace_1.19.0\MP3\MXTmpFiles\fatfs_vars.tmp
2025-11-29 18:04:54,357 [INFO] CodeEngine:265 - oldGeneratedFile, C:\Users\Thorin\STM32CubeIDE\workspace_1.19.0\MP3\MXTmpFiles\fatfs_ext_vars.tmp_save
2025-11-29 18:04:54,406 [INFO] CodeEngine:289 - Generated code: C:\Users\Thorin\STM32CubeIDE\workspace_1.19.0\MP3\MXTmpFiles\fatfs_ext_vars.tmp
2025-11-29 18:04:54,420 [INFO] CodeEngine:265 - oldGeneratedFile, C:\Users\Thorin\STM32CubeIDE\workspace_1.19.0\MP3\MXTmpFiles\fatfs_inc.tmp_save
2025-11-29 18:04:54,471 [INFO] CodeEngine:289 - Generated code: C:\Users\Thorin\STM32CubeIDE\workspace_1.19.0\MP3\MXTmpFiles\fatfs_inc.tmp
2025-11-29 18:04:54,478 [INFO] Middleware:1452 - No code input for Bsp Dependency
2025-11-29 18:04:54,488 [INFO] CodeEngine:265 - oldGeneratedFile, C:\Users\Thorin\STM32CubeIDE\workspace_1.19.0\MP3\MXTmpFiles\fatfs_HalInit.tmp_save
2025-11-29 18:04:54,573 [INFO] CodeEngine:289 - Generated code: C:\Users\Thorin\STM32CubeIDE\workspace_1.19.0\MP3\MXTmpFiles\fatfs_HalInit.tmp
2025-11-29 18:04:54,578 [INFO] CodeEngine:265 - oldGeneratedFile, C:\Users\Thorin\STM32CubeIDE\workspace_1.19.0\MP3\MXTmpFiles\fatfs_vars.tmp_save
2025-11-29 18:04:54,627 [INFO] CodeEngine:289 - Generated code: C:\Users\Thorin\STM32CubeIDE\workspace_1.19.0\MP3\MXTmpFiles\fatfs_vars.tmp
2025-11-29 18:04:54,634 [INFO] CodeEngine:265 - oldGeneratedFile, C:\Users\Thorin\STM32CubeIDE\workspace_1.19.0\MP3\MXTmpFiles\fatfs_ext_vars.tmp_save
2025-11-29 18:04:54,684 [INFO] CodeEngine:289 - Generated code: C:\Users\Thorin\STM32CubeIDE\workspace_1.19.0\MP3\MXTmpFiles\fatfs_ext_vars.tmp
2025-11-29 18:04:54,693 [INFO] CodeEngine:265 - oldGeneratedFile, C:\Users\Thorin\STM32CubeIDE\workspace_1.19.0\MP3\MXTmpFiles\fatfs_inc.tmp_save
2025-11-29 18:04:54,756 [INFO] CodeEngine:289 - Generated code: C:\Users\Thorin\STM32CubeIDE\workspace_1.19.0\MP3\MXTmpFiles\fatfs_inc.tmp
2025-11-29 18:04:54,764 [INFO] CodeEngine:265 - oldGeneratedFile, C:\Users\Thorin\STM32CubeIDE\workspace_1.19.0\MP3\FATFS\Target\ffconf.h_save
2025-11-29 18:04:54,878 [INFO] CodeEngine:289 - Generated code: C:\Users\Thorin\STM32CubeIDE\workspace_1.19.0\MP3\FATFS\Target\ffconf.h
2025-11-29 18:04:54,886 [INFO] CodeEngine:265 - oldGeneratedFile, C:\Users\Thorin\STM32CubeIDE\workspace_1.19.0\MP3\FATFS\Target\user_diskio.c_save
2025-11-29 18:04:54,943 [INFO] CodeEngine:289 - Generated code: C:\Users\Thorin\STM32CubeIDE\workspace_1.19.0\MP3\FATFS\Target\user_diskio.c
2025-11-29 18:04:54,958 [INFO] CodeEngine:265 - oldGeneratedFile, C:\Users\Thorin\STM32CubeIDE\workspace_1.19.0\MP3\FATFS\Target\user_diskio.h_save
2025-11-29 18:04:55,011 [INFO] CodeEngine:289 - Generated code: C:\Users\Thorin\STM32CubeIDE\workspace_1.19.0\MP3\FATFS\Target\user_diskio.h
2025-11-29 18:04:55,018 [INFO] CodeEngine:265 - oldGeneratedFile, C:\Users\Thorin\STM32CubeIDE\workspace_1.19.0\MP3\FATFS\App\fatfs.c_save
2025-11-29 18:04:55,106 [INFO] CodeEngine:289 - Generated code: C:\Users\Thorin\STM32CubeIDE\workspace_1.19.0\MP3\FATFS\App\fatfs.c
2025-11-29 18:04:55,112 [INFO] CodeEngine:265 - oldGeneratedFile, C:\Users\Thorin\STM32CubeIDE\workspace_1.19.0\MP3\FATFS\App\fatfs.h_save
2025-11-29 18:04:55,175 [INFO] CodeEngine:289 - Generated code: C:\Users\Thorin\STM32CubeIDE\workspace_1.19.0\MP3\FATFS\App\fatfs.h
2025-11-29 18:04:55,190 [INFO] CodeEngine:265 - oldGeneratedFile, C:\Users\Thorin\STM32CubeIDE\workspace_1.19.0\MP3\MXTmpFiles\sai_init.tmp_save
2025-11-29 18:04:55,311 [INFO] CodeEngine:289 - Generated code: C:\Users\Thorin\STM32CubeIDE\workspace_1.19.0\MP3\MXTmpFiles\sai_init.tmp
2025-11-29 18:04:55,326 [INFO] CodeEngine:265 - oldGeneratedFile, C:\Users\Thorin\STM32CubeIDE\workspace_1.19.0\MP3\MXTmpFiles\sai_GV.tmp_save
2025-11-29 18:04:55,390 [INFO] CodeEngine:289 - Generated code: C:\Users\Thorin\STM32CubeIDE\workspace_1.19.0\MP3\MXTmpFiles\sai_GV.tmp
2025-11-29 18:04:55,404 [INFO] CodeEngine:265 - oldGeneratedFile, C:\Users\Thorin\STM32CubeIDE\workspace_1.19.0\MP3\MXTmpFiles\sai_msp.tmp_save
2025-11-29 18:04:55,487 [INFO] CodeEngine:289 - Generated code: C:\Users\Thorin\STM32CubeIDE\workspace_1.19.0\MP3\MXTmpFiles\sai_msp.tmp
2025-11-29 18:04:55,516 [INFO] CodeEngine:265 - oldGeneratedFile, C:\Users\Thorin\STM32CubeIDE\workspace_1.19.0\MP3\Core\Src\stm32l4xx_it.c_save
2025-11-29 18:04:55,727 [INFO] CodeEngine:289 - Generated code: C:\Users\Thorin\STM32CubeIDE\workspace_1.19.0\MP3\Core\Src\stm32l4xx_it.c
2025-11-29 18:04:55,734 [INFO] CodeEngine:265 - oldGeneratedFile, C:\Users\Thorin\STM32CubeIDE\workspace_1.19.0\MP3\Core\Inc\stm32l4xx_it.h_save
2025-11-29 18:04:55,781 [INFO] CodeEngine:289 - Generated code: C:\Users\Thorin\STM32CubeIDE\workspace_1.19.0\MP3\Core\Inc\stm32l4xx_it.h
2025-11-29 18:04:55,790 [INFO] CodeEngine:265 - oldGeneratedFile, C:\Users\Thorin\STM32CubeIDE\workspace_1.19.0\MP3\MXTmpFiles\sai_init.tmp_save
2025-11-29 18:04:55,885 [INFO] CodeEngine:289 - Generated code: C:\Users\Thorin\STM32CubeIDE\workspace_1.19.0\MP3\MXTmpFiles\sai_init.tmp
2025-11-29 18:04:55,890 [INFO] CodeEngine:265 - oldGeneratedFile, C:\Users\Thorin\STM32CubeIDE\workspace_1.19.0\MP3\MXTmpFiles\sai_GV.tmp_save
2025-11-29 18:04:55,932 [INFO] CodeEngine:289 - Generated code: C:\Users\Thorin\STM32CubeIDE\workspace_1.19.0\MP3\MXTmpFiles\sai_GV.tmp
2025-11-29 18:04:55,938 [INFO] CodeEngine:265 - oldGeneratedFile, C:\Users\Thorin\STM32CubeIDE\workspace_1.19.0\MP3\MXTmpFiles\sai_msp.tmp_save
2025-11-29 18:04:55,995 [INFO] CodeEngine:289 - Generated code: C:\Users\Thorin\STM32CubeIDE\workspace_1.19.0\MP3\MXTmpFiles\sai_msp.tmp
2025-11-29 18:04:56,010 [INFO] CodeEngine:265 - oldGeneratedFile, C:\Users\Thorin\STM32CubeIDE\workspace_1.19.0\MP3\Core\Src\stm32l4xx_hal_msp.c_save
2025-11-29 18:04:56,154 [INFO] CodeEngine:289 - Generated code: C:\Users\Thorin\STM32CubeIDE\workspace_1.19.0\MP3\Core\Src\stm32l4xx_hal_msp.c
2025-11-29 18:04:56,159 [INFO] CodeEngine:265 - oldGeneratedFile, C:\Users\Thorin\STM32CubeIDE\workspace_1.19.0\MP3\MXTmpFiles\system.tmp_save
2025-11-29 18:04:56,200 [INFO] CodeEngine:289 - Generated code: C:\Users\Thorin\STM32CubeIDE\workspace_1.19.0\MP3\MXTmpFiles\system.tmp
2025-11-29 18:04:56,213 [INFO] CodeEngine:321 - oldGeneratedFile, C:\Users\Thorin\STM32CubeIDE\workspace_1.19.0\MP3\Core\Inc\stm32l4xx_hal_conf.h_save
2025-11-29 18:04:56,330 [INFO] CodeEngine:345 - Generated code: C:\Users\Thorin\STM32CubeIDE\workspace_1.19.0\MP3\Core\Inc\stm32l4xx_hal_conf.h
2025-11-29 18:04:56,375 [INFO] ApiDbMcu:532 - Load IP Config File for SAI1
2025-11-29 18:04:56,388 [INFO] CodeEngine:265 - oldGeneratedFile, C:\Users\Thorin\STM32CubeIDE\workspace_1.19.0\MP3\Core\Inc\main.h_save
2025-11-29 18:04:56,526 [INFO] CodeEngine:289 - Generated code: C:\Users\Thorin\STM32CubeIDE\workspace_1.19.0\MP3\Core\Inc\main.h
2025-11-29 18:04:56,535 [INFO] CodeEngine:265 - oldGeneratedFile, C:\Users\Thorin\STM32CubeIDE\workspace_1.19.0\MP3\Core\Src\main.c_save
2025-11-29 18:04:56,661 [INFO] CodeEngine:289 - Generated code: C:\Users\Thorin\STM32CubeIDE\workspace_1.19.0\MP3\Core\Src\main.c
2025-11-29 18:04:57,068 [INFO] ProjectBuilder:3606 - Time for Copy HAL[1] : 200mS.
2025-11-29 18:04:57,074 [INFO] ProjectBuilder:5216 - Project Generator version: 4.7.0-B52
2025-11-29 18:04:57,144 [INFO] ConfigFileManager:1595 - The Die is : DIE415
2025-11-29 18:04:58,451 [INFO] ProjectBuilder:5496 - Time for Generating toolchain IDE Files: 1376mS.
2025-11-29 18:04:58,453 [INFO] ProjectBuilder:3463 - Time for Copy CMSIS : 1mS.
2025-11-29 18:04:58,459 [INFO] ProjectBuilder:3463 - Time for Copy CMSIS : 0mS.
2025-11-29 21:37:50,036 [INFO] DmaTabbedPanel:205 - Cannot restore the selected Tab for DMA
2025-11-29 21:39:59,425 [INFO] NvicIntPanel:101 - NVIC parent = com.st.microxplorer.plugins.ip.nvic.MultiNvicIntPanel[,0,0,0x0,invalid,layout=javax.swing.BoxLayout,alignmentX=0.0,alignmentY=0.0,border=,flags=9,maximumSize=,minimumSize=,preferredSize=]
2025-11-29 21:40:10,546 [INFO] NvicIntPanel:101 - NVIC parent = com.st.microxplorer.plugins.ip.nvic.MultiNvicIntPanel[,0,0,0x0,invalid,layout=javax.swing.BoxLayout,alignmentX=0.0,alignmentY=0.0,border=,flags=9,maximumSize=,minimumSize=,preferredSize=]
2025-11-29 21:40:10,649 [INFO] NvicIntPanel:101 - NVIC parent = com.st.microxplorer.plugins.ip.nvic.MultiNvicIntPanel[,0,0,0x0,invalid,layout=javax.swing.BoxLayout,alignmentX=0.0,alignmentY=0.0,border=,flags=9,maximumSize=,minimumSize=,preferredSize=]
2025-11-29 21:40:52,589 [INFO] NvicIntPanel:101 - NVIC parent = com.st.microxplorer.plugins.ip.nvic.MultiNvicIntPanel[,0,0,0x0,invalid,layout=javax.swing.BoxLayout,alignmentX=0.0,alignmentY=0.0,border=,flags=9,maximumSize=,minimumSize=,preferredSize=]
2025-11-29 21:41:21,070 [INFO] NvicIntPanel:101 - NVIC parent = com.st.microxplorer.plugins.ip.nvic.MultiNvicIntPanel[,0,0,0x0,invalid,layout=javax.swing.BoxLayout,alignmentX=0.0,alignmentY=0.0,border=,flags=9,maximumSize=,minimumSize=,preferredSize=]
2025-11-29 21:41:53,976 [INFO] NvicIntPanel:101 - NVIC parent = com.st.microxplorer.plugins.ip.nvic.MultiNvicIntPanel[,0,0,0x0,invalid,layout=javax.swing.BoxLayout,alignmentX=0.0,alignmentY=0.0,border=,flags=9,maximumSize=,minimumSize=,preferredSize=]
2025-11-29 21:44:05,549 [INFO] NvicIntPanel:101 - NVIC parent = com.st.microxplorer.plugins.ip.nvic.MultiNvicIntPanel[,0,0,0x0,invalid,layout=javax.swing.BoxLayout,alignmentX=0.0,alignmentY=0.0,border=,flags=9,maximumSize=,minimumSize=,preferredSize=]
2025-11-29 21:44:11,577 [INFO] NvicIntPanel:101 - NVIC parent = com.st.microxplorer.plugins.ip.nvic.MultiNvicIntPanel[,0,0,0x0,invalid,layout=javax.swing.BoxLayout,alignmentX=0.0,alignmentY=0.0,border=,flags=9,maximumSize=,minimumSize=,preferredSize=]
2025-11-29 21:44:37,572 [INFO] NvicIntPanel:101 - NVIC parent = com.st.microxplorer.plugins.ip.nvic.MultiNvicIntPanel[,0,0,0x0,invalid,layout=javax.swing.BoxLayout,alignmentX=0.0,alignmentY=0.0,border=,flags=9,maximumSize=,minimumSize=,preferredSize=]
2025-11-29 21:44:44,661 [INFO] NvicIntPanel:101 - NVIC parent = com.st.microxplorer.plugins.ip.nvic.MultiNvicIntPanel[,0,0,0x0,invalid,layout=javax.swing.BoxLayout,alignmentX=0.0,alignmentY=0.0,border=,flags=9,maximumSize=,minimumSize=,preferredSize=]
2025-11-29 21:49:48,060 [INFO] UtilMem:75 - End SaveConfig() Used Memory: 799256216 Bytes (1073741824)
2025-11-29 21:49:49,464 [INFO] UtilMem:75 - End SaveConfig() Used Memory: 829634648 Bytes (1073741824)
2025-11-29 21:49:58,224 [INFO] UtilMem:75 - End SaveConfig() Used Memory: 932921432 Bytes (1073741824)
2025-11-29 21:49:58,579 [INFO] BlockDiagram:2775 - set Specific Code input for plugin: SPI
2025-11-29 21:49:58,581 [INFO] BlockDiagram:2775 - set Specific Code input for plugin: SYS
2025-11-29 21:49:58,581 [INFO] BlockDiagram:2775 - set Specific Code input for plugin: RCC
2025-11-29 21:49:58,581 [INFO] BlockDiagram:2775 - set Specific Code input for plugin: NVIC
2025-11-29 21:49:58,581 [INFO] BlockDiagram:2775 - set Specific Code input for plugin: USART
2025-11-29 21:49:58,581 [INFO] BlockDiagram:2775 - set Specific Code input for plugin: DMA
2025-11-29 21:49:58,583 [INFO] BlockDiagram:2775 - set Specific Code input for plugin: GPIO
2025-11-29 21:49:58,583 [INFO] BlockDiagram:2775 - set Specific Code input for plugin: SAI
2025-11-29 21:49:58,583 [INFO] BlockDiagram:2775 - set Specific Code input for plugin: FATFS
2025-11-29 21:49:58,584 [INFO] CodeGenerator:892 - code generatio: config db path: C:\ST\STM32CubeIDE_1.19.0\STM32CubeIDE\plugins\com.st.stm32cube.common.mx_6.15.0.202507011659\\db\
2025-11-29 21:49:58,672 [INFO] CodeEngine:265 - oldGeneratedFile, C:\Users\Thorin\STM32CubeIDE\workspace_1.19.0\MP3\MXTmpFiles\license.tmp_save
2025-11-29 21:49:58,924 [INFO] CodeEngine:289 - Generated code: C:\Users\Thorin\STM32CubeIDE\workspace_1.19.0\MP3\MXTmpFiles\license.tmp
2025-11-29 21:49:59,001 [INFO] CodeEngine:265 - oldGeneratedFile, C:\Users\Thorin\STM32CubeIDE\workspace_1.19.0\MP3\MXTmpFiles\gpio.tmp_save
2025-11-29 21:49:59,161 [INFO] CodeEngine:289 - Generated code: C:\Users\Thorin\STM32CubeIDE\workspace_1.19.0\MP3\MXTmpFiles\gpio.tmp
2025-11-29 21:49:59,558 [INFO] Middleware:1452 - No code input for Bsp Dependency
2025-11-29 21:49:59,566 [INFO] CodeEngine:265 - oldGeneratedFile, C:\Users\Thorin\STM32CubeIDE\workspace_1.19.0\MP3\MXTmpFiles\fatfs_HalInit.tmp_save
2025-11-29 21:49:59,680 [INFO] CodeEngine:289 - Generated code: C:\Users\Thorin\STM32CubeIDE\workspace_1.19.0\MP3\MXTmpFiles\fatfs_HalInit.tmp
2025-11-29 21:49:59,687 [INFO] CodeEngine:265 - oldGeneratedFile, C:\Users\Thorin\STM32CubeIDE\workspace_1.19.0\MP3\MXTmpFiles\fatfs_vars.tmp_save
2025-11-29 21:49:59,749 [INFO] CodeEngine:289 - Generated code: C:\Users\Thorin\STM32CubeIDE\workspace_1.19.0\MP3\MXTmpFiles\fatfs_vars.tmp
2025-11-29 21:49:59,762 [INFO] CodeEngine:265 - oldGeneratedFile, C:\Users\Thorin\STM32CubeIDE\workspace_1.19.0\MP3\MXTmpFiles\fatfs_ext_vars.tmp_save
2025-11-29 21:49:59,825 [INFO] CodeEngine:289 - Generated code: C:\Users\Thorin\STM32CubeIDE\workspace_1.19.0\MP3\MXTmpFiles\fatfs_ext_vars.tmp
2025-11-29 21:49:59,840 [INFO] CodeEngine:265 - oldGeneratedFile, C:\Users\Thorin\STM32CubeIDE\workspace_1.19.0\MP3\MXTmpFiles\fatfs_inc.tmp_save
2025-11-29 21:49:59,895 [INFO] CodeEngine:289 - Generated code: C:\Users\Thorin\STM32CubeIDE\workspace_1.19.0\MP3\MXTmpFiles\fatfs_inc.tmp
2025-11-29 21:49:59,922 [INFO] CodeEngine:265 - oldGeneratedFile, C:\Users\Thorin\STM32CubeIDE\workspace_1.19.0\MP3\MXTmpFiles\dma.tmp_save
2025-11-29 21:50:00,038 [INFO] CodeEngine:289 - Generated code: C:\Users\Thorin\STM32CubeIDE\workspace_1.19.0\MP3\MXTmpFiles\dma.tmp
2025-11-29 21:50:00,053 [INFO] CodeEngine:265 - oldGeneratedFile, C:\Users\Thorin\STM32CubeIDE\workspace_1.19.0\MP3\MXTmpFiles\dma_GV.tmp_save
2025-11-29 21:50:00,110 [INFO] CodeEngine:289 - Generated code: C:\Users\Thorin\STM32CubeIDE\workspace_1.19.0\MP3\MXTmpFiles\dma_GV.tmp
2025-11-29 21:50:00,117 [INFO] Middleware:1452 - No code input for Bsp Dependency
2025-11-29 21:50:00,128 [INFO] CodeEngine:265 - oldGeneratedFile, C:\Users\Thorin\STM32CubeIDE\workspace_1.19.0\MP3\MXTmpFiles\fatfs_HalInit.tmp_save
2025-11-29 21:50:00,219 [INFO] CodeEngine:289 - Generated code: C:\Users\Thorin\STM32CubeIDE\workspace_1.19.0\MP3\MXTmpFiles\fatfs_HalInit.tmp
2025-11-29 21:50:00,226 [INFO] CodeEngine:265 - oldGeneratedFile, C:\Users\Thorin\STM32CubeIDE\workspace_1.19.0\MP3\MXTmpFiles\fatfs_vars.tmp_save
2025-11-29 21:50:00,283 [INFO] CodeEngine:289 - Generated code: C:\Users\Thorin\STM32CubeIDE\workspace_1.19.0\MP3\MXTmpFiles\fatfs_vars.tmp
2025-11-29 21:50:00,289 [INFO] CodeEngine:265 - oldGeneratedFile, C:\Users\Thorin\STM32CubeIDE\workspace_1.19.0\MP3\MXTmpFiles\fatfs_ext_vars.tmp_save
2025-11-29 21:50:00,339 [INFO] CodeEngine:289 - Generated code: C:\Users\Thorin\STM32CubeIDE\workspace_1.19.0\MP3\MXTmpFiles\fatfs_ext_vars.tmp
2025-11-29 21:50:00,345 [INFO] CodeEngine:265 - oldGeneratedFile, C:\Users\Thorin\STM32CubeIDE\workspace_1.19.0\MP3\MXTmpFiles\fatfs_inc.tmp_save
2025-11-29 21:50:00,394 [INFO] CodeEngine:289 - Generated code: C:\Users\Thorin\STM32CubeIDE\workspace_1.19.0\MP3\MXTmpFiles\fatfs_inc.tmp
2025-11-29 21:50:00,404 [INFO] CodeEngine:265 - oldGeneratedFile, C:\Users\Thorin\STM32CubeIDE\workspace_1.19.0\MP3\FATFS\Target\ffconf.h_save
2025-11-29 21:50:00,529 [INFO] CodeEngine:289 - Generated code: C:\Users\Thorin\STM32CubeIDE\workspace_1.19.0\MP3\FATFS\Target\ffconf.h
2025-11-29 21:50:00,541 [INFO] CodeEngine:265 - oldGeneratedFile, C:\Users\Thorin\STM32CubeIDE\workspace_1.19.0\MP3\FATFS\Target\user_diskio.c_save
2025-11-29 21:50:00,611 [INFO] CodeEngine:289 - Generated code: C:\Users\Thorin\STM32CubeIDE\workspace_1.19.0\MP3\FATFS\Target\user_diskio.c
2025-11-29 21:50:00,621 [INFO] CodeEngine:265 - oldGeneratedFile, C:\Users\Thorin\STM32CubeIDE\workspace_1.19.0\MP3\FATFS\Target\user_diskio.h_save
2025-11-29 21:50:00,682 [INFO] CodeEngine:289 - Generated code: C:\Users\Thorin\STM32CubeIDE\workspace_1.19.0\MP3\FATFS\Target\user_diskio.h
2025-11-29 21:50:00,689 [INFO] CodeEngine:265 - oldGeneratedFile, C:\Users\Thorin\STM32CubeIDE\workspace_1.19.0\MP3\FATFS\App\fatfs.c_save
2025-11-29 21:50:00,744 [INFO] CodeEngine:289 - Generated code: C:\Users\Thorin\STM32CubeIDE\workspace_1.19.0\MP3\FATFS\App\fatfs.c
2025-11-29 21:50:00,752 [INFO] CodeEngine:265 - oldGeneratedFile, C:\Users\Thorin\STM32CubeIDE\workspace_1.19.0\MP3\FATFS\App\fatfs.h_save
2025-11-29 21:50:00,816 [INFO] CodeEngine:289 - Generated code: C:\Users\Thorin\STM32CubeIDE\workspace_1.19.0\MP3\FATFS\App\fatfs.h
2025-11-29 21:50:00,826 [INFO] CodeEngine:265 - oldGeneratedFile, C:\Users\Thorin\STM32CubeIDE\workspace_1.19.0\MP3\MXTmpFiles\sai_init.tmp_save
2025-11-29 21:50:00,937 [INFO] CodeEngine:289 - Generated code: C:\Users\Thorin\STM32CubeIDE\workspace_1.19.0\MP3\MXTmpFiles\sai_init.tmp
2025-11-29 21:50:00,943 [INFO] CodeEngine:265 - oldGeneratedFile, C:\Users\Thorin\STM32CubeIDE\workspace_1.19.0\MP3\MXTmpFiles\sai_GV.tmp_save
2025-11-29 21:50:00,990 [INFO] CodeEngine:289 - Generated code: C:\Users\Thorin\STM32CubeIDE\workspace_1.19.0\MP3\MXTmpFiles\sai_GV.tmp
2025-11-29 21:50:00,996 [INFO] CodeEngine:265 - oldGeneratedFile, C:\Users\Thorin\STM32CubeIDE\workspace_1.19.0\MP3\MXTmpFiles\sai_msp.tmp_save
2025-11-29 21:50:01,084 [INFO] CodeEngine:289 - Generated code: C:\Users\Thorin\STM32CubeIDE\workspace_1.19.0\MP3\MXTmpFiles\sai_msp.tmp
2025-11-29 21:50:01,111 [INFO] CodeEngine:265 - oldGeneratedFile, C:\Users\Thorin\STM32CubeIDE\workspace_1.19.0\MP3\Core\Src\stm32l4xx_it.c_save
2025-11-29 21:50:01,359 [INFO] CodeEngine:289 - Generated code: C:\Users\Thorin\STM32CubeIDE\workspace_1.19.0\MP3\Core\Src\stm32l4xx_it.c
2025-11-29 21:50:01,365 [INFO] CodeEngine:265 - oldGeneratedFile, C:\Users\Thorin\STM32CubeIDE\workspace_1.19.0\MP3\Core\Inc\stm32l4xx_it.h_save
2025-11-29 21:50:01,444 [INFO] CodeEngine:289 - Generated code: C:\Users\Thorin\STM32CubeIDE\workspace_1.19.0\MP3\Core\Inc\stm32l4xx_it.h
2025-11-29 21:50:01,456 [INFO] CodeEngine:265 - oldGeneratedFile, C:\Users\Thorin\STM32CubeIDE\workspace_1.19.0\MP3\MXTmpFiles\sai_init.tmp_save
2025-11-29 21:50:01,553 [INFO] CodeEngine:289 - Generated code: C:\Users\Thorin\STM32CubeIDE\workspace_1.19.0\MP3\MXTmpFiles\sai_init.tmp
2025-11-29 21:50:01,559 [INFO] CodeEngine:265 - oldGeneratedFile, C:\Users\Thorin\STM32CubeIDE\workspace_1.19.0\MP3\MXTmpFiles\sai_GV.tmp_save
2025-11-29 21:50:01,603 [INFO] CodeEngine:289 - Generated code: C:\Users\Thorin\STM32CubeIDE\workspace_1.19.0\MP3\MXTmpFiles\sai_GV.tmp
2025-11-29 21:50:01,609 [INFO] CodeEngine:265 - oldGeneratedFile, C:\Users\Thorin\STM32CubeIDE\workspace_1.19.0\MP3\MXTmpFiles\sai_msp.tmp_save
2025-11-29 21:50:01,669 [INFO] CodeEngine:289 - Generated code: C:\Users\Thorin\STM32CubeIDE\workspace_1.19.0\MP3\MXTmpFiles\sai_msp.tmp
2025-11-29 21:50:01,685 [INFO] CodeEngine:265 - oldGeneratedFile, C:\Users\Thorin\STM32CubeIDE\workspace_1.19.0\MP3\Core\Src\stm32l4xx_hal_msp.c_save
2025-11-29 21:50:01,844 [INFO] CodeEngine:289 - Generated code: C:\Users\Thorin\STM32CubeIDE\workspace_1.19.0\MP3\Core\Src\stm32l4xx_hal_msp.c
2025-11-29 21:50:01,849 [INFO] CodeEngine:265 - oldGeneratedFile, C:\Users\Thorin\STM32CubeIDE\workspace_1.19.0\MP3\MXTmpFiles\system.tmp_save
2025-11-29 21:50:01,896 [INFO] CodeEngine:289 - Generated code: C:\Users\Thorin\STM32CubeIDE\workspace_1.19.0\MP3\MXTmpFiles\system.tmp
2025-11-29 21:50:01,910 [INFO] CodeEngine:321 - oldGeneratedFile, C:\Users\Thorin\STM32CubeIDE\workspace_1.19.0\MP3\Core\Inc\stm32l4xx_hal_conf.h_save
2025-11-29 21:50:02,039 [INFO] CodeEngine:345 - Generated code: C:\Users\Thorin\STM32CubeIDE\workspace_1.19.0\MP3\Core\Inc\stm32l4xx_hal_conf.h
2025-11-29 21:50:02,082 [INFO] CodeEngine:265 - oldGeneratedFile, C:\Users\Thorin\STM32CubeIDE\workspace_1.19.0\MP3\Core\Inc\main.h_save
2025-11-29 21:50:02,197 [INFO] CodeEngine:289 - Generated code: C:\Users\Thorin\STM32CubeIDE\workspace_1.19.0\MP3\Core\Inc\main.h
2025-11-29 21:50:02,203 [INFO] CodeEngine:265 - oldGeneratedFile, C:\Users\Thorin\STM32CubeIDE\workspace_1.19.0\MP3\Core\Src\main.c_save
2025-11-29 21:50:02,341 [INFO] CodeEngine:289 - Generated code: C:\Users\Thorin\STM32CubeIDE\workspace_1.19.0\MP3\Core\Src\main.c
2025-11-29 21:50:02,729 [INFO] ProjectBuilder:3606 - Time for Copy HAL[1] : 183mS.
2025-11-29 21:50:02,735 [INFO] ProjectBuilder:5216 - Project Generator version: 4.7.0-B52
2025-11-29 21:50:02,846 [INFO] ConfigFileManager:1595 - The Die is : DIE415
2025-11-29 21:50:05,183 [INFO] ProjectBuilder:5496 - Time for Generating toolchain IDE Files: 2448mS.
2025-11-29 21:50:05,184 [INFO] ProjectBuilder:3463 - Time for Copy CMSIS : 0mS.
2025-11-29 21:50:05,189 [INFO] ProjectBuilder:3463 - Time for Copy CMSIS : 0mS.
